PLAYER_ID,PLAYER_NAME_FROM,TEAM_ABBREVIATION_FROM,N_SHOTS_FROM,EXPOSURE_PER_SHOT_FROM,PREMATURE_FROM,MEAN_SECOND_FROM,SEASON_FROM,TEAM_EXPOSURE_FROM,RELATIVE_TO_TEAM_FROM,PLAYER_NAME_TO,TEAM_ABBREVIATION_TO,N_SHOTS_TO,EXPOSURE_PER_SHOT_TO,PREMATURE_TO,MEAN_SECOND_TO,SEASON_TO,TEAM_EXPOSURE_TO,RELATIVE_TO_TEAM_TO,PLAYER_EXPOSURE_CHANGE,TEAM_EXPOSURE_CHANGE
201166,Aaron Brooks,CHI,413,0.023690009240584082,0.1549636803874092,11.39951573849879,2015,0.02865244803185396,-0.004962438791269879,Aaron Brooks,IND,263,0.01570342743220754,0.1520912547528517,10.756653992395437,2016,0.02420021406076883,-0.008496786628561289,-0.007986581808376542,-0.004452233971085132
201143,Al Horford,ATL,967,0.014990663801394187,0.20579110651499483,11.675284384694933,2015,0.014526309100412464,0.0004643547009817225,Al Horford,BOS,740,0.012224209903061134,0.17162162162162162,10.191891891891892,2016,0.01908275577493985,-0.006858545871878717,-0.0027664538983330524,0.0045564466745273875
2744,Al Jefferson,CHA,462,0.06608800550726415,0.43506493506493504,9.597402597402597,2015,0.02614115420099117,0.039946851306272985,Al Jefferson,IND,426,0.05200261651672408,0.40375586854460094,9.44131455399061,2016,0.02420021406076883,0.027802402455955253,-0.014085388990540071,-0.0019409401402223428
201229,Anthony Tolliver,DET,307,0.007636242594519802,0.0749185667752443,11.745928338762216,2015,0.041289906953685236,-0.03365366435916543,Anthony Tolliver,SAC,329,0.01553198533520598,0.12462006079027356,10.699088145896656,2016,0.02168196183230348,-0.0061499764970975,0.007895742740686176,-0.019607945121381757
201167,Arron Afflalo,NYK,723,0.03287976237361674,0.2503457814661134,10.654218533886583,2015,0.025490769120024764,0.007388993253591977,Arron Afflalo,SAC,361,0.01321883468715033,0.15789473684210525,9.930747922437673,2016,0.02168196183230348,-0.008463127145153149,-0.019660927686466413,-0.003808807287721285
202687,Bismack Biyombo,TOR,262,0.032889890297687074,0.2480916030534351,12.095419847328245,2015,0.022929815407605803,0.009960074890081272,Bismack Biyombo,ORL,298,0.025340075818054943,0.16778523489932887,11.74496644295302,2016,0.01110031769681924,0.014239758121235704,-0.007549814479632131,-0.011829497710786563
2564,Boris Diaw,SAS,349,0.033701090875591845,0.25787965616045844,10.223495702005732,2015,0.04605405287777712,-0.012352962002185275,Boris Diaw,UTA,285,0.012116246977141646,0.12631578947368421,9.414035087719299,2016,0.015066133069723368,-0.0029498860925817223,-0.0215848438984502,-0.03098791980805375
101138,Brandon Bass,LAL,284,0.019369734551727778,0.17253521126760563,11.630281690140846,2015,0.01460494137007629,0.004764793181651487,Brandon Bass,LAC,162,0.040536517386101326,0.3148148148148148,11.166666666666666,2016,0.014823577006367886,0.02571294037973344,0.021166782834373548,0.0002186356362915958
201575,Brandon Rush,GSW,240,0.023334319735109278,0.1375,12.066666666666666,2015,0.04335191992226856,-0.020017600187159285,Brandon Rush,MIN,175,0.009486180138631577,0.12571428571428572,12.131428571428572,2016,0.019147287682559945,-0.009661107543928368,-0.013848139596477701,-0.024204632239708618
202718,Chandler Parsons,DAL,605,0.013609061274906041,0.11735537190082644,11.593388429752066,2015,0.020575001538139893,-0.006965940263233852,Chandler Parsons,MEM,209,0.009822433438413693,0.12440191387559808,10.229665071770334,2016,0.01644637373747206,-0.006623940299058367,-0.0037866278364923484,-0.004128627800667833
101112,Channing Frye,ORL,165,0.011801096668262403,0.10909090909090909,10.957575757575757,2015,0.032439719884736824,-0.020638623216474423,Channing Frye,CLE,485,0.013421631891665202,0.14432989690721648,11.047422680412371,2016,0.019636480965380638,-0.006214849073715436,0.001620535223402799,-0.012803238919356186
201584,Courtney Lee,MEM,378,0.020259201346110537,0.18253968253968253,10.444444444444445,2015,0.023998403890168534,-0.003739202544057997,Courtney Lee,NYK,639,0.012227241676519592,0.1752738654147105,12.004694835680752,2016,0.019518623396278967,-0.007291381719759375,-0.008031959669590945,-0.004479780493889567
201571,D.J. Augustin,DEN,205,0.019989745682866798,0.13170731707317074,11.848780487804879,2015,0.026459695060996487,-0.00646994937812969,D.J. Augustin,ORL,447,0.010303712451470265,0.10514541387024609,11.313199105145413,2016,0.01110031769681924,-0.0007966052453489744,-0.009686033231396532,-0.015359377364177248
101135,David Lee,BOS,180,0.029766829101726948,0.18333333333333332,11.25,2015,0.024231988195183542,0.0055348409065434055,David Lee,SAS,380,0.04248561262915202,0.2789473684210526,11.871052631578948,2016,0.01845496800990931,0.02403064461924271,0.012718783527425073,-0.005777020185274231
2561,David West,SAS,399,0.07920053602963219,0.5614035087719298,10.977443609022556,2015,0.04605405287777712,0.03314648315185507,David West,GSW,225,0.03626353860500638,0.4444444444444444,10.813333333333333,2016,0.02249784468488656,0.013765693920119823,-0.042936997424625804,-0.02355620819289056
201565,Derrick Rose,CHI,967,0.032222547109908885,0.23578076525336092,12.195449844881075,2015,0.02865244803185396,0.003570099078054924,Derrick Rose,NYK,909,0.025348463301096077,0.2552255225522552,12.22882288228823,2016,0.019518623396278967,0.00582983990481711,-0.006874083808812808,-0.009133824635574994
203473,Dewayne Dedmon,ORL,164,0.04255856240372796,0.2621951219512195,12.560975609756097,2015,0.032439719884736824,0.010118842518991138,Dewayne Dedmon,SAS,231,0.03155773411989285,0.17316017316017315,11.952380952380953,2016,0.01845496800990931,0.013102766109983538,-0.011000828283835112,-0.013984751874827513
203079,Dion Waiters,OKC,640,0.028976400363027177,0.2359375,11.4671875,2015,0.03684892823297216,-0.007872527869944981,Dion Waiters,MIA,605,0.023954430771710267,0.22644628099173553,11.018181818181818,2016,0.023228557998033077,0.0007258727736771907,-0.00502196959131691,-0.013620370234939082
2730,Dwight Howard,HOU,547,0.031342355058824926,0.12797074954296161,11.888482632541134,2015,0.01983970761703662,0.011502647441788305,Dwight Howard,ATL,563,0.005467903500783959,0.04440497335701599,12.770870337477797,2016,0.0068768185634714915,-0.0014089150626875324,-0.025874451558040967,-0.01296288905356513
2548,Dwyane Wade,MIA,1063,0.032050468215196075,0.2530573847601129,10.904985888993416,2015,0.029003547926962355,0.0030469202882337197,Dwyane Wade,CHI,878,0.01568322750707829,0.22209567198177677,11.825740318906606,2016,0.01855376795090295,-0.002870540443824659,-0.016367240708117785,-0.010449779976059406
202734,E'Twaun Moore,CHI,354,0.043536036934373794,0.2231638418079096,11.463276836158192,2015,0.02865244803185396,0.014883588902519833,E'Twaun Moore,NOP,557,0.019370145098181555,0.19569120287253142,11.998204667863554,2016,0.02390056941280428,-0.004530424314622725,-0.02416589183619224,-0.004751878619049681
201569,Eric Gordon,NOP,513,0.012048639941843332,0.10136452241715399,12.001949317738791,2015,0.02344191665343253,-0.011393276711589198,Eric Gordon,HOU,953,0.014613951588255264,0.0944386149003148,13.224554039874082,2016,0.017292401968500782,-0.002678450380245518,0.0025653116464119316,-0.0061495146849317485
101141,Ersan Ilyasova,DET,474,0.04070806627320954,0.25949367088607594,12.552742616033756,2015,0.041289906953685236,-0.0005818406804756968,Ersan Ilyasova,PHI,600,0.01070903792142445,0.09666666666666666,12.721666666666666,2016,0.015739762959672478,-0.005030725038248028,-0.02999902835178509,-0.02555014399401276
202323,Evan Turner,BOS,695,0.03564823141582257,0.25467625899280577,11.730935251798561,2015,0.024231988195183542,0.011416243220639031,Evan Turner,POR,507,0.015191191890705965,0.1873767258382643,10.840236686390533,2016,0.013077211859000234,0.0021139800317057315,-0.020457039525116606,-0.011154776336183309
202066,Garrett Temple,WAS,465,0.021064432603647244,0.14623655913978495,13.13763440860215,2015,0.03105056685867655,-0.009986134255029307,Garrett Temple,SAC,384,0.011882444487100382,0.14583333333333334,10.71875,2016,0.02168196183230348,-0.009799517345203098,-0.009181988116546863,-0.009368605026373072
201588,George Hill,IND,672,0.012017805378867395,0.1056547619047619,12.075892857142858,2015,0.01950830824970227,-0.007490502870834876,George Hill,UTA,552,0.015338168478654329,0.13949275362318841,10.298913043478262,2016,0.015066133069723368,0.0002720354089309606,0.0033203630997869337,-0.004442175179978903
101123,Gerald Green,MIA,532,0.023248813605967946,0.23308270676691728,11.723684210526315,2015,0.029003547926962355,-0.005754734320994409,Gerald Green,BOS,210,0.016996028137087928,0.2,11.357142857142858,2016,0.01908275577493985,-0.002086727637851924,-0.006252785468880018,-0.009920792152022503
201945,Gerald Henderson,POR,460,0.03284430307280829,0.2847826086956522,10.919565217391304,2015,0.029573899914548608,0.0032704031582596847,Gerald Henderson,PHI,508,0.014590693487791517,0.09645669291338582,12.051181102362206,2016,0.015739762959672478,-0.0011490694718809605,-0.018253609585016775,-0.01383413695487613
203084,Harrison Barnes,GSW,594,0.048566928265583904,0.2996632996632997,11.590909090909092,2015,0.04335191992226856,0.005215008343315342,Harrison Barnes,DAL,1159,0.007073919482657961,0.08541846419327007,9.396893874029336,2016,0.008745898031672172,-0.001671978549014211,-0.041493008782925944,-0.03460602189059639
203477,Isaiah Canaan,PHI,656,0.017331313851920493,0.07317073170731707,11.71798780487805,2015,0.023130131505467538,-0.005798817653547044,Isaiah Canaan,CHI,156,0.01487312873279171,0.1346153846153846,11.506410256410257,2016,0.01855376795090295,-0.0036806392181112386,-0.002458185119128783,-0.004576363554564589
202397,Ish Smith,PHI,639,0.025787423565220242,0.14084507042253522,11.31924882629108,2015,0.023130131505467538,0.002657292059752705,Ish Smith,DET,666,0.03226727961563168,0.27927927927927926,11.797297297297296,2016,0.026860849220591825,0.005406430395039855,0.006479856050411438,0.0037307177151242876
201949,James Johnson,TOR,222,0.024355017084118614,0.13513513513513514,11.103603603603604,2015,0.022929815407605803,0.001425201676512812,James Johnson,MIA,682,0.035158160170635645,0.21700879765395895,10.963343108504398,2016,0.023228557998033077,0.011929602172602569,0.01080314308651703,0.0002987425904272742
201162,Jared Dudley,WAS,457,0.015281260195975192,0.24945295404814005,12.606126914660832,2015,0.03105056685867655,-0.01576930666270136,Jared Dudley,PHX,318,0.0031714493610749714,0.0220125786163522,12.471698113207546,2016,0.013251192822611594,-0.010079743461536622,-0.01210981083490022,-0.017799374036064956
201160,Jason Smith,ORL,460,0.06114807023216749,0.741304347826087,10.793478260869565,2015,0.032439719884736824,0.028708350347430668,Jason Smith,WAS,303,0.01580565925284179,0.264026402640264,11.287128712871286,2016,0.02607679300130739,-0.0102711337484656,-0.045342410979325704,-0.006362926883429435
1891,Jason Terry,HOU,339,0.009479699722455574,0.07669616519174041,11.882005899705014,2015,0.01983970761703662,-0.010360007894581047,Jason Terry,MIL,214,0.007049438770737091,0.06074766355140187,10.75233644859813,2016,0.016760776298979048,-0.009711337528241958,-0.0024302609517184827,-0.0030789313180575734
201145,Jeff Green,MEM,489,0.024463947170941806,0.16768916155419222,10.400817995910021,2015,0.023998403890168534,0.0004655432807732715,Jeff Green,ORL,493,0.010554869692682562,0.13184584178498987,10.823529411764707,2016,0.01110031769681924,-0.0005454480041366776,-0.013909077478259244,-0.012898086193349294
201952,Jeff Teague,ATL,906,0.013452120226048695,0.076158940397351,12.309050772626932,2015,0.014526309100412464,-0.0010741888743637691,Jeff Teague,IND,820,0.025534133278602083,0.2121951219512195,11.636585365853659,2016,0.02420021406076883,0.0013339192178332543,0.012082013052553388,0.009673904960356364
203924,Jerami Grant,PHI,546,0.03687241143277923,0.15018315018315018,11.774725274725276,2015,0.023130131505467538,0.013742279927311692,Jerami Grant,OKC,295,0.02793304774576794,0.2033898305084746,11.579661016949153,2016,0.015007330421673064,0.012925717324094876,-0.00893936368701129,-0.008122801083794474
202391,Jeremy Lin,CHA,660,0.026256468605413294,0.19545454545454546,11.328787878787878,2015,0.02614115420099117,0.00011531440442212257,Jeremy Lin,BKN,375,0.012455250799369133,0.112,12.693333333333333,2016,0.01120636939898724,0.0012488814003818929,-0.013801217806044161,-0.014934784802003932
1626170,Jerian Grant,NYK,331,0.019747494264049974,0.1691842900302115,11.561933534743202,2015,0.025490769120024764,-0.005743274855974791,Jerian Grant,CHI,261,0.01236099926755154,0.14942528735632185,11.42911877394636,2016,0.01855376795090295,-0.00619276868335141,-0.0073864949964984345,-0.0069370011691218154
2207,Joe Johnson,BKN,558,0.02633844058614882,0.2078853046594982,10.372759856630825,2015,0.02607649143584345,0.0002619491503053732,Joe Johnson,UTA,535,0.011547477194083862,0.1308411214953271,8.846728971962618,2016,0.015066133069723368,-0.003518655875639506,-0.01479096339206496,-0.01101035836612008
203530,Joffrey Lauvergne,DEN,344,0.021037266779962222,0.19476744186046513,10.622093023255815,2015,0.026459695060996487,-0.005422428281034265,Joffrey Lauvergne,OKC,224,0.019659072722789155,0.15625,11.263392857142858,2016,0.015007330421673064,0.004651742301116091,-0.0013781940571730676,-0.011452364639323424
202720,Jon Leuer,PHX,435,0.022614300584205185,0.1632183908045977,12.471264367816092,2015,0.01765310451112496,0.0049611960730802235,Jon Leuer,DET,609,0.03198359786307474,0.2939244663382594,12.151067323481117,2016,0.026860849220591825,0.005122748642482914,0.009369297278869555,0.009207744709466864
201142,Kevin Durant,OKC,1266,0.03462844022511468,0.24881516587677724,12.084518167456556,2015,0.03684892823297216,-0.002220488007857478,Kevin Durant,GSW,955,0.01042204276741903,0.11727748691099477,12.602094240837696,2016,0.02249784468488656,-0.01207580191746753,-0.02420639745769565,-0.014351083548085598
202338,Kevin Seraphin,NYK,183,0.03960237334646871,0.366120218579235,10.081967213114755,2015,0.025490769120024764,0.014111604226443947,Kevin Seraphin,IND,182,0.04800817870859476,0.43956043956043955,10.961538461538462,2016,0.02420021406076883,0.02380796464782593,0.008405805362126047,-0.0012905550592559357
2594,Kyle Korver,ATL,585,0.005248690637446737,0.08376068376068375,13.235897435897435,2015,0.014526309100412464,-0.009277618462965726,Kyle Korver,CLE,243,0.010338586070538051,0.15637860082304528,11.588477366255145,2016,0.019636480965380638,-0.009297894894842586,0.005089895433091314,0.005110171864968174
204038,Langston Galloway,NYK,527,0.01909039122027622,0.2049335863377609,11.981024667931688,2015,0.025490769120024764,-0.006400377899748545,Langston Galloway,NOP,408,0.018290602813015023,0.20833333333333334,12.313725490196079,2016,0.02390056941280428,-0.005609966599789257,-0.0007997884072611962,-0.001590199707220484
2571,Leandro Barbosa,GSW,332,0.045585942318396834,0.25,12.882530120481928,2015,0.04335191992226856,0.0022340223961282712,Leandro Barbosa,PHX,371,0.012352685799973022,0.0673854447439353,12.320754716981131,2016,0.013251192822611594,-0.0008985070226385714,-0.033233256518423814,-0.03010072709965697
202337,Luke Babbitt,NOP,262,0.0338199403575105,0.20229007633587787,11.767175572519085,2015,0.02344191665343253,0.01037802370407797,Luke Babbitt,MIA,261,0.007766691200683895,0.07279693486590039,10.651340996168582,2016,0.023228557998033077,-0.015461866797349181,-0.026053249156826604,-0.00021335865539945376
2736,Luol Deng,MIA,683,0.024026122609629223,0.20644216691068815,10.920937042459736,2015,0.029003547926962355,-0.004977425317333133,Luol Deng,LAL,387,0.006939144850082872,0.10594315245478036,12.310077519379846,2016,0.013222604934881149,-0.006283460084798277,-0.017086977759546353,-0.015780942992081208
201158,Marco Belinelli,SAC,564,0.022620091612175895,0.3262411347517731,12.24468085106383,2015,0.03598044469498612,-0.013360353082810222,Marco Belinelli,CHA,576,0.010548036846271763,0.16666666666666666,11.175347222222221,2016,0.014727469688957717,-0.004179432842685954,-0.012072054765904132,-0.0212529750060284
201977,Marcus Thornton,HOU,394,0.01697374727754627,0.12944162436548223,12.48477157360406,2015,0.01983970761703662,-0.0028659603394903498,Marcus Thornton,WAS,189,0.027810359295726287,0.23809523809523808,12.074074074074074,2016,0.02607679300130739,0.0017335662944188979,0.010836612018180015,0.006237085384270768
202693,Markieff Morris,PHX,392,0.019910049513388775,0.14285714285714285,11.191326530612244,2015,0.01765310451112496,0.002256945002263814,Markieff Morris,WAS,838,0.03066427320984326,0.2863961813842482,10.630071599045346,2016,0.02607679300130739,0.0045874802085358705,0.010754223696454485,0.008423688490182428
201578,Marreese Speights,GSW,417,0.09335221629865322,0.5371702637889688,11.357314148681056,2015,0.04335191992226856,0.05000029637638465,Marreese Speights,LAC,497,0.018213505115920726,0.15694164989939638,10.841046277665995,2016,0.014823577006367886,0.0033899281095528394,-0.07513871118273249,-0.028528342915900676
2440,Matt Barnes,MEM,620,0.0109805680599431,0.07580645161290323,11.720967741935484,2015,0.023998403890168534,-0.013017835830225434,Matt Barnes,SAC,344,0.017238674547492606,0.1511627906976744,10.779069767441861,2016,0.02168196183230348,-0.004443287284810873,0.006258106487549505,-0.002316442057865055
203521,Matthew Dellavedova,CLE,460,0.027226556727486508,0.16304347826086957,11.16304347826087,2015,0.030314125291161786,-0.003087568563675279,Matthew Dellavedova,MIL,483,0.021222213585714,0.18012422360248448,10.850931677018634,2016,0.016760776298979048,0.00446143728673495,-0.006004343141772509,-0.013553348992182739
201563,Michael Beasley,HOU,187,0.02571701371287571,0.22994652406417113,12.042780748663102,2015,0.01983970761703662,0.005877306095839089,Michael Beasley,MIL,373,0.027459908272988314,0.2949061662198391,11.546916890080428,2016,0.016760776298979048,0.010699131974009266,0.001742894560112604,-0.0030789313180575734
203487,Michael Carter-Williams,MIL,512,0.03875167879724311,0.24609375,11.830078125,2015,0.026370093447325858,0.012381585349917252,Michael Carter-Williams,CHI,277,0.02129304388852743,0.22021660649819494,11.429602888086643,2016,0.01855376795090295,0.002739275937624481,-0.01745863490871568,-0.007816325496422909
203141,Mirza Teletovic,PHX,717,0.011392245126550921,0.06555090655509066,12.03765690376569,2015,0.01765310451112496,-0.00626085938457404,Mirza Teletovic,MIL,386,0.008918099747907722,0.07512953367875648,11.66839378238342,2016,0.016760776298979048,-0.007842676551071326,-0.002474145378643199,-0.0008923282121459132
2403,Nene,WAS,362,0.03334191374816536,0.30662983425414364,10.861878453038674,2015,0.03105056685867655,0.002291346889488805,Nene,HOU,363,0.024438662039569042,0.22865013774104684,12.201101928374655,2016,0.017292401968500782,0.00714626007106826,-0.008903251708596314,-0.01375816489017577
2200,Pau Gasol,CHI,908,0.035409405722958955,0.4041850220264317,10.894273127753303,2015,0.02865244803185396,0.006756957691104994,Pau Gasol,SAS,545,0.016527401983338158,0.25871559633027524,10.722935779816513,2016,0.01845496800990931,-0.0019275660265711536,-0.018882003739620797,-0.01019748002194465
200765,Rajon Rondo,SAC,698,0.033032157072164836,0.2492836676217765,12.286532951289399,2015,0.03598044469498612,-0.0029482876228212815,Rajon Rondo,CHI,487,0.0169872221699678,0.2299794661190965,12.075975359342916,2016,0.01855376795090295,-0.001566545780935149,-0.016044934902197036,-0.01742667674408317
201196,Ramon Sessions,WAS,550,0.045118803747717165,0.20727272727272728,13.469090909090909,2015,0.03105056685867655,0.014068236889040613,Ramon Sessions,CHA,235,0.02116361527920319,0.14893617021276595,12.136170212765958,2016,0.014727469688957717,0.006436145590245471,-0.023955188468513976,-0.016323097169718834
200751,Randy Foye,DEN,302,0.018878655437579592,0.17549668874172186,11.241721854304636,2015,0.026459695060996487,-0.007581039623416896,Randy Foye,BKN,298,0.004959967593430817,0.06375838926174497,12.083892617449665,2016,0.01120636939898724,-0.006246401805556423,-0.013918687844148774,-0.015253325662009248
101109,Raymond Felton,DAL,608,0.01788271633310231,0.15789473684210525,10.296052631578947,2015,0.020575001538139893,-0.0026922852050375833,Raymond Felton,LAC,442,0.019396365454133428,0.2149321266968326,10.44343891402715,2016,0.014823577006367886,0.004572788447765541,0.001513649121031118,-0.005751424531772006
201577,Robin Lopez,NYK,580,0.027002338250034858,0.17758620689655172,10.643103448275863,2015,0.025490769120024764,0.0015115691300100938,Robin Lopez,CHI,678,0.020123977558413896,0.33185840707964603,10.50589970501475,2016,0.01855376795090295,0.0015702096075109473,-0.006878360691620962,-0.0069370011691218154
201583,Ryan Anderson,NOP,861,0.01702768613546277,0.12427409988385599,11.08362369337979,2015,0.02344191665343253,-0.006414230517969761,Ryan Anderson,HOU,723,0.014150892551315072,0.10511756569847856,12.352697095435685,2016,0.017292401968500782,-0.0031415094171857103,-0.002876793584147698,-0.0061495146849317485
201586,Serge Ibaka,OKC,818,0.05841661757592486,0.5061124694376528,11.881418092909536,2015,0.03684892823297216,0.021567689342952702,Serge Ibaka,ORL,661,0.004233786155458566,0.059001512859304085,11.711043872919818,2016,0.01110031769681924,-0.006866531541360674,-0.054182831420466294,-0.02574861053615292
203552,Seth Curry,SAC,208,0.021165257177090294,0.13942307692307693,12.278846153846153,2015,0.03598044469498612,-0.014815187517895824,Seth Curry,DAL,640,0.007252564303624813,0.0859375,10.7796875,2016,0.008745898031672172,-0.0014933337280473588,-0.013912692873465481,-0.027234546663313944
203894,Shabazz Napier,ORL,182,0.016799350963639912,0.12637362637362637,11.148351648351648,2015,0.032439719884736824,-0.015640368921096912,Shabazz Napier,POR,165,0.012878245157660067,0.10909090909090909,11.048484848484849,2016,0.013077211859000234,-0.00019896670134016657,-0.003921105805979845,-0.01936250802573659
203524,Solomon Hill,IND,192,0.019258224569962224,0.109375,11.65625,2015,0.01950830824970227,-0.00025008367974004714,Solomon Hill,NOP,439,0.013167592076398293,0.0888382687927107,12.300683371298405,2016,0.02390056941280428,-0.010732977336405988,-0.006090632493563931,0.004392261163102009
203093,Terrence Jones,HOU,320,0.03816282787895027,0.190625,11.64375,2015,0.01983970761703662,0.01832312026191365,Terrence Jones,NOP,439,0.048963368550971116,0.2984054669703872,11.177676537585421,2016,0.02390056941280428,0.025062799138166836,0.010800540672020846,0.004060861795767659
201152,Thaddeus Young,BKN,888,0.032038902510188,0.22072072072072071,11.97635135135135,2015,0.02607649143584345,0.005962411074344549,Thaddeus Young,IND,637,0.015578013270770416,0.1726844583987441,12.222919937205651,2016,0.02420021406076883,-0.008622200789998412,-0.016460889239417582,-0.0018762773750746198
203080,Thomas Robinson,BKN,264,0.03921517841684015,0.25,13.617424242424242,2015,0.02607649143584345,0.0131386869809967,Thomas Robinson,LAL,177,0.016719602938872122,0.1751412429378531,13.033898305084746,2016,0.013222604934881149,0.0034969980039909736,-0.022495575477968027,-0.0128538865009623
202389,Timofey Mozgov,CLE,327,0.036820257833353374,0.2874617737003058,10.749235474006117,2015,0.030314125291161786,0.006506132542191588,Timofey Mozgov,LAL,305,0.012284639895008994,0.13442622950819672,11.134426229508197,2016,0.013222604934881149,-0.0009379650398721549,-0.02453561793834438,-0.017091520356280636
202699,Tobias Harris,ORL,511,0.03353312740588904,0.20156555772994128,12.11545988258317,2015,0.032439719884736824,0.0010934075211522162,Tobias Harris,DET,978,0.03199021695959082,0.2770961145194274,11.008179959100204,2016,0.026860849220591825,0.005129367738998993,-0.001542910446298222,-0.005578870664144999
203503,Tony Snell,CHI,305,0.03458838280814566,0.20655737704918034,12.183606557377049,2015,0.02865244803185396,0.005935934776291701,Tony Snell,MIL,491,0.010069365781739755,0.12016293279022404,12.10590631364562,2016,0.016760776298979048,-0.006691410517239293,-0.02451901702640591,-0.011891671732874913
202344,Trevor Booker,UTA,337,0.025904213435804915,0.18397626112759644,11.086053412462908,2015,0.03537559361495836,-0.009471380179153444,Trevor Booker,BKN,551,0.012758236840022748,0.12159709618874773,13.090744101633394,2016,0.01120636939898724,0.0015518674410355086,-0.013145976595782167,-0.02416922421597112
203504,Trey Burke,UTA,578,0.029317923665993575,0.21280276816608998,10.33910034602076,2015,0.03537559361495836,-0.006057669948964783,Trey Burke,WAS,230,0.02486248776364809,0.2782608695652174,11.604347826086956,2016,0.02607679300130739,-0.0012143052376593008,-0.004455435902345487,-0.00929880061365097
203584,Troy Daniels,CHA,176,0.013771357228961138,0.16477272727272727,11.346590909090908,2015,0.02614115420099117,-0.012369796972030033,Troy Daniels,MEM,452,0.011142052312155344,0.1570796460176991,10.95796460176991,2016,0.01644637373747206,-0.005304321425316715,-0.0026293049168057935,-0.009694780463519112
201951,Ty Lawson,HOU,251,0.014848171306946547,0.1752988047808765,12.02788844621514,2015,0.01983970761703662,-0.004991536310090075,Ty Lawson,SAC,465,0.0269605379080726,0.25806451612903225,12.419354838709678,2016,0.02168196183230348,0.00527857607576912,0.012112366601126053,0.001842254215266858
203506,Victor Oladipo,ORL,897,0.027084441959283195,0.2028985507246377,12.052396878483835,2015,0.032439719884736824,-0.005355277925453629,Victor Oladipo,OKC,858,0.014479030113190045,0.14918414918414918,13.003496503496503,2016,0.015007330421673064,-0.0005283003084830193,-0.01260541184609315,-0.01743238946306376
201961,Wayne Ellington,BKN,523,0.016962731205311925,0.23709369024856597,11.499043977055448,2015,0.02607649143584345,-0.009113760230531523,Wayne Ellington,MIA,509,0.010615645334886775,0.14145383104125736,10.345776031434184,2016,0.023228557998033077,-0.012612912663146302,-0.006347085870425151,-0.0028479334378103717
2585,Zaza Pachulia,DAL,434,0.04119373011227212,0.347926267281106,11.495391705069125,2015,0.020575001538139893,0.020618728574132227,Zaza Pachulia,GSW,287,0.05923157515030082,0.3623693379790941,13.278745644599303,2016,0.02249784468488656,0.03673373046541426,0.018037845038028702,0.0019228431467466674
203459,Allen Crabbe,POR,614,0.012748520266529806,0.17263843648208468,11.20684039087948,2016,0.013077211859000234,-0.00032869159247042763,Allen Crabbe,BKN,783,0.0013030097455238353,0.019157088122605363,13.03831417624521,2017,0.006041695584303804,-0.0047386858387799685,-0.01144551052100597,-0.00703551627469643
101161,Amir Johnson,BOS,348,0.010548178496216705,0.08333333333333333,11.675287356321839,2016,0.01908275577493985,-0.008534577278723147,Amir Johnson,PHI,211,0.007672028083026969,0.09004739336492891,12.800947867298579,2017,0.008576280826406659,-0.0009042527433796898,-0.002876150413189736,-0.010506474948533193
201229,Anthony Tolliver,SAC,329,0.01553198533520598,0.12462006079027356,10.699088145896656,2016,0.02168196183230348,-0.0061499764970975,Anthony Tolliver,DET,433,0.001270341257418961,0.018475750577367205,12.683602771362587,2017,0.005099631337351523,-0.003829290079932562,-0.014261644077787019,-0.016582330494951957
203382,Aron Baynes,DET,247,0.031586925497213765,0.2874493927125506,12.263157894736842,2016,0.026860849220591825,0.00472607627662194,Aron Baynes,BOS,379,0.003189139656302688,0.09762532981530343,11.87335092348285,2017,0.0053006802691767845,-0.0021115406128740964,-0.02839778584091108,-0.02156016895141504
202340,Avery Bradley,BOS,720,0.018532390906058373,0.2013888888888889,12.156944444444445,2016,0.01908275577493985,-0.0005503648688814783,Avery Bradley,DET,524,0.00304854474259411,0.04389312977099236,12.41793893129771,2017,0.005099631337351523,-0.0020510865947574127,-0.015483846163464264,-0.01398312443758833
203463,Ben McLemore,SAC,380,0.02060024910694304,0.18947368421052632,11.557894736842105,2016,0.02168196183230348,-0.0010817127253604404,Ben McLemore,MEM,344,0.0024110817440520195,0.046511627906976744,12.962209302325581,2017,0.003541648653961318,-0.0011305669099092985,-0.01818916736289102,-0.018140313178342162
202711,Bojan Bogdanovic,BKN,586,0.007812667154348434,0.06143344709897611,12.948805460750853,2016,0.01120636939898724,-0.003393702244638806,Bojan Bogdanovic,IND,794,0.00505822814501599,0.06423173803526448,13.884130982367758,2017,0.004989134742081222,6.909340293476812e-05,-0.0027544390093324437,-0.006217234656906018
201572,Brook Lopez,BKN,1109,0.004011358585592581,0.04869251577998197,12.142470694319206,2016,0.01120636939898724,-0.007195010813394659,Brook Lopez,LAL,740,0.0007162098476242882,0.014864864864864866,12.613513513513514,2017,0.005455321323220251,-0.004739111475595963,-0.0032951487379682927,-0.005751048075766989
1627741,Buddy Hield,NOP,432,0.017050483290918808,0.1574074074074074,12.905092592592593,2016,0.02390056941280428,-0.006850086121885472,Buddy Hield,SAC,839,0.004227977394140026,0.07270560190703218,12.532777115613825,2017,0.007403784201552825,-0.0031758068074127987,-0.012822505896778781,-0.016496785211251454
101139,CJ Miles,IND,598,0.012620705768025618,0.12876254180602006,11.610367892976589,2016,0.02420021406076883,-0.01157950829274321,CJ Miles,TOR,551,0.004190183264917204,0.032667876588021776,12.92377495462795,2017,0.006693436453184688,-0.0025032531882674845,-0.008430522503108415,-0.01750677760758414
2546,Carmelo Anthony,NYK,1248,0.008324072180743044,0.09935897435897435,10.874198717948717,2016,0.019518623396278967,-0.011194551215535923,Carmelo Anthony,OKC,1081,0.0019294887477793563,0.02682701202590194,12.217391304347826,2017,0.002821624506671588,-0.0008921357588922317,-0.006394583432963688,-0.01669699888960738
101108,Chris Paul,LAC,683,0.006113768475601448,0.1376281112737921,11.695461200585651,2016,0.014823577006367886,-0.008709808530766437,Chris Paul,HOU,698,0.0011842563869351934,0.03008595988538682,11.845272206303726,2017,0.004439890430091547,-0.0032556340431563534,-0.004929512088666255,-0.010383686576276339
201147,Corey Brewer,HOU,201,0.02257522871859235,0.12935323383084577,11.91044776119403,2016,0.017292401968500782,0.00528282675009157,Corey Brewer,LAL,150,0.009394412690674436,0.06666666666666667,13.366666666666667,2017,0.005455321323220251,0.003939091367454185,-0.013180816027917916,-0.01183708064528053
202709,Cory Joseph,TOR,591,0.011068662773752335,0.155668358714044,11.142131979695431,2016,0.015024856054810602,-0.003956193281058267,Cory Joseph,IND,546,0.0031574936221902463,0.06227106227106227,11.928571428571429,2017,0.004989134742081222,-0.0018316411198909758,-0.007911169151562088,-0.01003572131272938
1626156,D'Angelo Russell,LAL,797,0.006873544698694003,0.08030112923462986,12.362609786700126,2016,0.013222604934881149,-0.0063490602361871455,D'Angelo Russell,BKN,622,0.004429816203021906,0.06109324758842444,12.996784565916398,2017,0.006041695584303804,-0.0016118793812818976,-0.002443728495672097,-0.007180909350577345
201568,Danilo Gallinari,DEN,683,0.04229311050616316,0.3235724743777452,11.46705710102489,2016,0.038252911259205685,0.0040401992469574766,Danilo Gallinari,LAC,240,0.0064358515626812,0.07916666666666666,12.325,2017,0.005693838835970092,0.0007420127267111073,-0.03585725894348196,-0.032559072423235594
201954,Darren Collison,SAC,622,0.012882097469830295,0.14469453376205788,11.369774919614148,2016,0.02168196183230348,-0.008799864362473184,Darren Collison,IND,578,0.002504879619383661,0.031141868512110725,12.671280276816608,2017,0.004989134742081222,-0.002484255122697561,-0.010377217850446634,-0.016692827090222257
202326,DeMarcus Cousins,SAC,987,0.025051326013619944,0.22087132725430597,10.22998986828774,2016,0.02168196183230348,0.003369364181316465,DeMarcus Cousins,NOP,785,0.005212400885789049,0.07006369426751592,12.270063694267517,2017,0.006470630562702439,-0.0012582296769133904,-0.019838925127830895,-0.015211331269601041
201960,DeMarre Carroll,TOR,496,0.01786704344546427,0.1592741935483871,12.272177419354838,2016,0.015024856054810602,0.002842187390653667,DeMarre Carroll,BKN,718,0.0063049173206656504,0.07381615598885793,13.044568245125348,2017,0.006041695584303804,0.0002632217363618466,-0.011562126124798618,-0.008983160470506797
203473,Dewayne Dedmon,SAS,231,0.03155773411989285,0.17316017316017315,11.952380952380953,2016,0.01845496800990931,0.013102766109983538,Dewayne Dedmon,ATL,437,0.003005812206362854,0.06178489702517163,11.897025171624714,2017,0.005640153781275477,-0.002634341574912623,-0.028551921913529996,-0.012814814228633835
1627734,Domantas Sabonis,OKC,444,0.034281845925675396,0.240990990990991,11.07882882882883,2016,0.015007330421673064,0.019274515504002332,Domantas Sabonis,IND,596,0.011669503443682417,0.16778523489932887,11.672818791946309,2017,0.004989134742081222,0.006680368701601195,-0.02261234248199298,-0.010018195679591842
203926,Doug McDermott,CHI,351,0.019799481505750897,0.2336182336182336,12.393162393162394,2016,0.01855376795090295,0.0012457135548479478,Doug McDermott,NYK,305,0.004046474787537589,0.05245901639344262,12.61311475409836,2017,0.005729806015203919,-0.00168333122766633,-0.015753006718213308,-0.01282396193569903
2730,Dwight Howard,ATL,563,0.005467903500783959,0.04440497335701599,12.770870337477797,2016,0.0068768185634714915,-0.0014089150626875324,Dwight Howard,CHA,770,0.005363112118106515,0.07662337662337662,11.290909090909091,2017,0.005171853325368116,0.00019125879273839894,-0.00010479138267744433,-0.0017049652381033757
2548,Dwyane Wade,CHI,878,0.01568322750707829,0.22209567198177677,11.825740318906606,2016,0.01855376795090295,-0.002870540443824659,Dwyane Wade,CLE,405,0.012259814571141782,0.17777777777777778,13.118518518518519,2017,0.007572372095611584,0.0046874424755301985,-0.003423412935936508,-0.010981395855291365
202683,Enes Freedom,OKC,674,0.0133818459357781,0.17655786350148367,11.896142433234422,2016,0.015007330421673064,-0.0016254844858949631,Enes Freedom,NYK,598,0.0029085054006132262,0.05518394648829431,12.887959866220736,2017,0.005729806015203919,-0.002821300614590693,-0.010473340535164875,-0.009277524406469145
202339,Eric Bledsoe,PHX,936,0.01128815462140383,0.08974358974358974,12.48611111111111,2016,0.013251192822611594,-0.0019630382012077643,Eric Bledsoe,MIL,869,0.004009842590618565,0.07940161104718067,12.973532796317606,2017,0.005928559218420589,-0.001918716627802024,-0.007278312030785264,-0.007322633604191005
101141,Ersan Ilyasova,PHI,600,0.01070903792142445,0.09666666666666666,12.721666666666666,2016,0.015739762959672478,-0.005030725038248028,Ersan Ilyasova,ATL,365,0.0029822690749009206,0.0410958904109589,12.35068493150685,2017,0.005640153781275477,-0.002657884706374556,-0.007726768846523529,-0.010099609178397001
201588,George Hill,UTA,552,0.015338168478654329,0.13949275362318841,10.298913043478262,2016,0.015066133069723368,0.0002720354089309606,George Hill,SAC,284,0.00283345853200198,0.056338028169014086,11.609154929577464,2017,0.007403784201552825,-0.004570325669550845,-0.01250470994665235,-0.0076623488681705435
101123,Gerald Green,BOS,210,0.016996028137087928,0.2,11.357142857142858,2016,0.01908275577493985,-0.002086727637851924,Gerald Green,HOU,383,0.0018548961140284713,0.03655352480417755,12.989556135770234,2017,0.004439890430091547,-0.002584994316063075,-0.015141132023059457,-0.014642865344848304
202328,Greg Monroe,MIL,659,0.017850171417724287,0.16084977238239756,10.927162367223065,2016,0.016760776298979048,0.0010893951187452393,Greg Monroe,BOS,176,0.0041158508998957,0.056818181818181816,10.8125,2017,0.0053006802691767845,-0.001184829369281084,-0.013734320517828587,-0.011460096029802264
203546,Ian Clark,GSW,388,0.029036680840822535,0.2036082474226804,11.268041237113403,2016,0.02249784468488656,0.006538836155935975,Ian Clark,NOP,461,0.005867812190569422,0.06941431670281996,13.136659436008676,2017,0.006470630562702439,-0.0006028183721330169,-0.023168868650253114,-0.016027214122184122
202738,Isaiah Thomas,BOS,1387,0.016440636047323706,0.13554434030281182,12.418889689978371,2016,0.01908275577493985,-0.0026421197276161462,Isaiah Thomas,LAL,217,0.005244578676494971,0.055299539170506916,13.658986175115208,2017,0.005455321323220251,-0.00021074264672527997,-0.011196057370828735,-0.0136274344517196
200755,JJ Redick,LAC,826,0.0051715551341463,0.12227602905569007,11.887409200968523,2016,0.014823577006367886,-0.009652021872221587,JJ Redick,PHI,824,0.0018496323367215384,0.02669902912621359,13.660194174757281,2017,0.008576280826406659,-0.006726648489685121,-0.0033219227974247622,-0.006247296179961228
203109,Jae Crowder,BOS,674,0.0137364775805893,0.13798219584569732,11.968842729970326,2016,0.01908275577493985,-0.0053462781943505525,Jae Crowder,CLE,347,0.008980449837826128,0.11527377521613832,12.780979827089338,2017,0.007572372095611584,0.001408077742214544,-0.004756027742763172,-0.011510383679328268
2037,Jamal Crawford,LAC,772,0.015435075601826734,0.17357512953367876,10.967616580310882,2016,0.014823577006367886,0.0006114985954588474,Jamal Crawford,MIN,668,0.005235095903134845,0.09281437125748503,11.80688622754491,2017,0.007106356690437342,-0.001871260787302497,-0.010199979698691889,-0.007717220315930544
2749,Jameer Nelson,DEN,548,0.03200301251751143,0.24635036496350365,11.835766423357665,2016,0.038252911259205685,-0.006249898741694258,Jameer Nelson,NOP,182,0.00671658230185851,0.07142857142857142,12.807692307692308,2017,0.006470630562702439,0.0002459517391560709,-0.025286430215652918,-0.03178228069650325
201145,Jeff Green,ORL,493,0.010554869692682562,0.13184584178498987,10.823529411764707,2016,0.01110031769681924,-0.0005454480041366776,Jeff Green,CLE,544,0.011280699571502404,0.13786764705882354,11.522058823529411,2017,0.007572372095611584,0.0037083274758908207,0.0007258298788198423,-0.003527945601207656
201952,Jeff Teague,IND,820,0.025534133278602083,0.2121951219512195,11.636585365853659,2016,0.02420021406076883,0.0013339192178332543,Jeff Teague,MIN,728,0.006911919164967979,0.09203296703296704,12.199175824175825,2017,0.007106356690437342,-0.0001944375254693629,-0.018622214113634104,-0.017093857370331485
202710,Jimmy Butler,CHI,1106,0.019729623092431245,0.2179023508137432,11.596745027124774,2016,0.01855376795090295,0.001175855141528296,Jimmy Butler,MIN,831,0.00706020753099542,0.1095066185318893,11.202166064981949,2017,0.007106356690437342,-4.614915944192201e-05,-0.012669415561435825,-0.011447411260465607
201975,Jodie Meeks,ORL,240,0.013925716427490568,0.1125,12.391666666666667,2016,0.01110031769681924,0.002825398730671329,Jodie Meeks,WAS,379,0.008249923013719598,0.09234828496042216,13.406332453825858,2017,0.005493025609238516,0.0027568974044810818,-0.005675793413770971,-0.005607292087580724
203530,Joffrey Lauvergne,OKC,224,0.019659072722789155,0.15625,11.263392857142858,2016,0.015007330421673064,0.004651742301116091,Joffrey Lauvergne,SAS,150,0.004548509250993095,0.07333333333333333,11.64,2017,0.00437875138159351,0.00016975786939958486,-0.01511056347179606,-0.010628579040079553
201973,Jonas Jerebko,BOS,240,0.022150111296236865,0.15416666666666667,11.3125,2016,0.01908275577493985,0.0030673555212970133,Jonas Jerebko,UTA,310,0.010612668850926458,0.08064516129032258,12.241935483870968,2017,0.007099141216527546,0.0035135276343989125,-0.011537442445310407,-0.011983614558412306
203613,Jonathon Simmons,SAS,375,0.025618637854001505,0.20266666666666666,10.312,2016,0.01845496800990931,0.007163669844092193,Jonathon Simmons,ORL,674,0.006479098674232178,0.08753709198813056,12.320474777448071,2017,0.004079777822957709,0.0023993208512744692,-0.01913953917976933,-0.014375190186951603
1626147,Justin Anderson,DAL,249,0.01279855878411819,0.0963855421686747,10.401606425702811,2016,0.008745898031672172,0.004052660752446018,Justin Anderson,PHI,182,0.004063675643414977,0.04945054945054945,12.456043956043956,2017,0.008576280826406659,-0.004512605182991682,-0.008734883140703214,-0.0001696172052655133
203200,Justin Holiday,NYK,499,0.01731499272026288,0.19238476953907815,11.853707414829659,2016,0.019518623396278967,-0.0022036306760160884,Justin Holiday,CHI,715,0.00298995071932814,0.04195804195804196,12.945454545454545,2017,0.0069892115046066,-0.00399926078527846,-0.014325042000934738,-0.012529411891672367
203994,Jusuf Nurkic,DEN,277,0.0573032302676967,0.4548736462093863,11.722021660649819,2016,0.038252911259205685,0.019050319008491017,Jusuf Nurkic,POR,851,0.012546202169319808,0.1797884841363102,11.789659224441833,2017,0.005236297592357088,0.00730990457696272,-0.044757028098376894,-0.0330166136668486
203482,Kelly Olynyk,BOS,462,0.021931559511422664,0.16883116883116883,10.822510822510823,2016,0.01908275577493985,0.0028488037364828127,Kelly Olynyk,MIA,576,0.0068979413292233355,0.08333333333333333,12.04861111111111,2017,0.006503427859727616,0.0003945134694957192,-0.015033618182199329,-0.012579327915212235
203484,Kentavious Caldwell-Pope,DET,862,0.017234430269240507,0.17981438515081208,12.352668213457077,2016,0.026860849220591825,-0.009626418951351318,Kentavious Caldwell-Pope,LAL,739,0.0018711417387641154,0.02165087956698241,14.147496617050068,2017,0.005455321323220251,-0.0035841795844561352,-0.015363288530476391,-0.021405527897371573
1627739,Kris Dunn,MIN,293,0.036578798611583606,0.23890784982935154,11.092150170648464,2016,0.019147287682559945,0.01743151092902366,Kris Dunn,CHI,640,0.009486509232173104,0.1171875,13.53125,2017,0.0069892115046066,0.0024972977275665043,-0.0270922893794105,-0.012158076177953345
202681,Kyrie Irving,CLE,1298,0.018246956255688215,0.187211093990755,11.818952234206472,2016,0.019636480965380638,-0.0013895247096924225,Kyrie Irving,BOS,1000,0.0037590725032038788,0.034,12.646,2017,0.0053006802691767845,-0.0015416077659729057,-0.014487883752484337,-0.014335800696203854
204038,Langston Galloway,NOP,408,0.018290602813015023,0.20833333333333334,12.313725490196079,2016,0.02390056941280428,-0.005609966599789257,Langston Galloway,DET,313,0.003984269814024845,0.0670926517571885,12.712460063897764,2017,0.005099631337351523,-0.0011153615233266776,-0.014306332998990177,-0.01880093807545276
101150,Lou Williams,LAL,682,0.010114443931442951,0.09090909090909091,12.794721407624634,2016,0.013222604934881149,-0.0031081610034381976,Lou Williams,LAC,1251,0.005230479473087175,0.07913669064748201,13.243804956035172,2017,0.005693838835970092,-0.0004633593628829173,-0.004883964458355776,-0.0075287660989110565
201601,Luc Mbah a Moute,LAC,339,0.02069825929503679,0.25073746312684364,12.00589970501475,2016,0.014823577006367886,0.005874682288668904,Luc Mbah a Moute,HOU,327,0.00457226097937032,0.04892966360856269,13.02446483180428,2017,0.004439890430091547,0.00013237054927877322,-0.01612599831566647,-0.010383686576276339
202337,Luke Babbitt,MIA,261,0.007766691200683895,0.07279693486590039,10.651340996168582,2016,0.023228557998033077,-0.015461866797349181,Luke Babbitt,ATL,157,0.003339621512071744,0.03821656050955414,12.796178343949045,2017,0.005640153781275477,-0.0023005322692037328,-0.00442706968861215,-0.0175884042167576
201158,Marco Belinelli,CHA,576,0.010548036846271763,0.16666666666666666,11.175347222222221,2016,0.014727469688957717,-0.004179432842685954,Marco Belinelli,ATL,443,0.0016935954468719901,0.020316027088036117,12.505643340857787,2017,0.005640153781275477,-0.003946558334403487,-0.008854441399399773,-0.00908731590768224
202694,Marcus Morris Sr.,DET,909,0.01825820791426449,0.22442244224422442,10.465346534653465,2016,0.026860849220591825,-0.008602641306327336,Marcus Morris Sr.,BOS,544,0.0033534879482091657,0.03676470588235294,11.869485294117647,2017,0.0053006802691767845,-0.0019471923209676187,-0.014904719966055323,-0.02156016895141504
201578,Marreese Speights,LAC,497,0.018213505115920726,0.15694164989939638,10.841046277665995,2016,0.014823577006367886,0.0033899281095528394,Marreese Speights,ORL,316,0.0008910988352153433,0.022151898734177215,11.487341772151899,2017,0.004079777822957709,-0.0031886789877423652,-0.01732240628070538,-0.010743799183410178
203486,Mason Plumlee,POR,397,0.024418694986079247,0.20654911838790932,11.594458438287154,2016,0.013077211859000234,0.011341483127079013,Mason Plumlee,DEN,317,0.007135437503433109,0.05993690851735016,12.277602523659306,2017,0.007180770277653253,-4.533277422014408e-05,-0.017283257482646138,-0.005896441581346981
201563,Michael Beasley,MIL,373,0.027459908272988314,0.2949061662198391,11.546916890080428,2016,0.016760776298979048,0.010699131974009266,Michael Beasley,NYK,718,0.007090520660414319,0.08495821727019498,11.1016713091922,2017,0.005729806015203919,0.0013607146452103997,-0.020369387612573994,-0.01103097028377513
203487,Michael Carter-Williams,CHI,277,0.02129304388852743,0.22021660649819494,11.429602888086643,2016,0.01855376795090295,0.002739275937624481,Michael Carter-Williams,CHA,208,0.008667628273558286,0.1346153846153846,11.788461538461538,2017,0.005171853325368116,0.0034957749481901697,-0.012625415614969144,-0.013381914625534834
1626149,Montrezl Harrell,HOU,304,0.03294359117118293,0.19078947368421054,12.779605263157896,2016,0.017292401968500782,0.015651189202682148,Montrezl Harrell,LAC,475,0.005702225800848304,0.06315789473684211,13.471578947368421,2017,0.005693838835970092,8.386964878212035e-06,-0.027241365370334628,-0.01159856313253069
201156,Nick Young,LAL,585,0.004051773902155133,0.05299145299145299,12.811965811965813,2016,0.013222604934881149,-0.009170831032726015,Nick Young,GSW,453,0.006576074371763925,0.08167770419426049,13.02869757174393,2017,0.007332985882227328,-0.0007569115104634032,0.0025243004696087912,-0.005889619052653821
202703,Nikola Mirotic,CHI,580,0.012549434685200252,0.13620689655172413,11.770689655172413,2016,0.01855376795090295,-0.0060043332657026965,Nikola Mirotic,NOP,347,0.009572615449568413,0.09798270893371758,14.446685878962535,2017,0.006470630562702439,0.0031019848868659742,-0.002976819235631839,-0.01208313738820051
200782,P.J. Tucker,PHX,308,0.017799673880150125,0.1461038961038961,12.37987012987013,2016,0.013251192822611594,0.004548481057538531,P.J. Tucker,HOU,406,0.0028662498832074047,0.04926108374384237,12.504926108374384,2017,0.004439890430091547,-0.001573640546884142,-0.01493342399694272,-0.008811302392520048
202335,Patrick Patterson,TOR,356,0.009147998104890604,0.11797752808988764,11.202247191011235,2016,0.015024856054810602,-0.005876857949919998,Patrick Patterson,OKC,247,0.002060189812143545,0.044534412955465584,12.587044534412955,2017,0.002821624506671588,-0.0007614346945280428,-0.0070878082927470585,-0.012203231548139013
202331,Paul George,IND,1239,0.0171454051498036,0.25585149313962874,11.670702179176756,2016,0.02420021406076883,-0.0070548089109652296,Paul George,OKC,1239,0.0020751806136862223,0.03066989507667474,12.963680387409202,2017,0.002821624506671588,-0.0007464438929853656,-0.015070224536117376,-0.02137858955409724
200794,Paul Millsap,ATL,880,0.008848501938811098,0.08181818181818182,10.873863636363636,2016,0.0068768185634714915,0.0019716833753396067,Paul Millsap,DEN,395,0.006673001518844597,0.08354430379746836,11.587341772151898,2017,0.007180770277653253,-0.0005077687588086561,-0.002175500419966501,0.0003039517141817617
200765,Rajon Rondo,CHI,487,0.0169872221699678,0.2299794661190965,12.075975359342916,2016,0.01855376795090295,-0.001566545780935149,Rajon Rondo,NOP,463,0.009261586214995917,0.1101511879049676,13.222462203023758,2017,0.006470630562702439,0.0027909556522934783,-0.007725635954971883,-0.01208313738820051
101109,Raymond Felton,LAC,442,0.019396365454133428,0.2149321266968326,10.44343891402715,2016,0.014823577006367886,0.004572788447765541,Raymond Felton,OKC,490,0.002563964347321292,0.04285714285714286,11.587755102040816,2017,0.002821624506671588,-0.0002576601593502958,-0.016832401106812136,-0.012001952499696298
201937,Ricky Rubio,MIN,577,0.02078234077452188,0.2339688041594454,11.490467937608319,2016,0.019147287682559945,0.0016350530919619355,Ricky Rubio,UTA,780,0.006428937451703618,0.06282051282051282,11.87051282051282,2017,0.007099141216527546,-0.0006702037648239276,-0.014353403322818262,-0.0120481464660324
200752,Rudy Gay,SAC,390,0.020454657883136215,0.1641025641025641,11.405128205128205,2016,0.02168196183230348,-0.0012273039491672647,Rudy Gay,SAS,471,0.0033960193407678906,0.05307855626326964,11.256900212314225,2017,0.00437875138159351,-0.0009827320408256198,-0.017058638542368325,-0.01730321045070997
1626155,Sam Dekker,HOU,385,0.02008960314904733,0.10909090909090909,13.07012987012987,2016,0.017292401968500782,0.002797201180546549,Sam Dekker,LAC,230,0.004673858205114257,0.06086956521739131,13.569565217391304,2017,0.005693838835970092,-0.0010199806308558356,-0.015415744943933074,-0.01159856313253069
201586,Serge Ibaka,ORL,661,0.004233786155458566,0.059001512859304085,11.711043872919818,2016,0.01110031769681924,-0.006866531541360674,Serge Ibaka,TOR,723,0.002580636260366578,0.040110650069156296,12.520055325034578,2017,0.006693436453184688,-0.00411280019281811,-0.001653149895091988,-0.004406881243634551
202714,Shelvin Mack,UTA,327,0.010803079002936523,0.12844036697247707,10.385321100917432,2016,0.015066133069723368,-0.004263054066786846,Shelvin Mack,ORL,368,0.002169660688085581,0.04619565217391304,12.144021739130435,2017,0.004079777822957709,-0.0019101171348721276,-0.00863341831485094,-0.01098635524676566
201959,Taj Gibson,CHI,482,0.029440237209109058,0.2821576763485477,10.995850622406639,2016,0.01855376795090295,0.010886469258206109,Taj Gibson,MIN,644,0.01199018653736777,0.17857142857142858,11.920807453416149,2017,0.007106356690437342,0.004883829846930428,-0.01745005067174129,-0.011447411260465607
203082,Terrence Ross,TOR,442,0.006825934014921376,0.1085972850678733,11.588235294117647,2016,0.015024856054810602,-0.008198922039889225,Terrence Ross,ORL,181,0.0014815814590421249,0.027624309392265192,12.828729281767956,2017,0.004079777822957709,-0.002598196363915584,-0.005344352555879252,-0.010945078231852893
200757,Thabo Sefolosha,ATL,366,0.004834744374779415,0.04371584699453552,12.259562841530055,2016,0.0068768185634714915,-0.0020420741886920763,Thabo Sefolosha,UTA,219,0.009088242152392846,0.0867579908675799,12.465753424657533,2017,0.007099141216527546,0.0019891009358653008,0.004253497777613431,0.00022232265305605417
204025,Tim Frazier,NOP,364,0.02777805935431604,0.20604395604395603,12.604395604395604,2016,0.02390056941280428,0.0038774899415117588,Tim Frazier,WAS,153,0.009581463050047999,0.10457516339869281,11.869281045751634,2017,0.005493025609238516,0.004088437440809483,-0.01819659630426804,-0.018407543803565764
203501,Tim Hardaway Jr.,ATL,844,0.003981477538080174,0.045023696682464455,13.071090047393366,2016,0.0068768185634714915,-0.0028953410253913176,Tim Hardaway Jr.,NYK,806,0.0027718779731392544,0.05334987593052109,13.40818858560794,2017,0.005729806015203919,-0.002957928042064665,-0.0012095995649409196,-0.0011470125482675722
203504,Trey Burke,WAS,230,0.02486248776364809,0.2782608695652174,11.604347826086956,2016,0.02607679300130739,-0.0012143052376593008,Trey Burke,NYK,352,0.0017110244911963635,0.03125,12.426136363636363,2017,0.005729806015203919,-0.004018781524007556,-0.023151463272451725,-0.02034698698610347
1626168,Trey Lyles,UTA,395,0.015827376362220816,0.14936708860759493,10.288607594936709,2016,0.015066133069723368,0.0007612432924974481,Trey Lyles,DEN,483,0.008287503003045801,0.07867494824016563,11.89648033126294,2017,0.007180770277653253,0.0011067327253925481,-0.007539873359175015,-0.007885362792070114
203584,Troy Daniels,MEM,452,0.011142052312155344,0.1570796460176991,10.95796460176991,2016,0.01644637373747206,-0.005304321425316715,Troy Daniels,PHX,540,0.0022085729549327256,0.016666666666666666,13.15925925925926,2017,0.0024774373971757084,-0.00026886444224298285,-0.008933479357222619,-0.013968936340296351
201936,Tyreke Evans,NOP,197,0.0433901184489088,0.25888324873096447,12.269035532994923,2016,0.02390056941280428,0.019489549036104517,Tyreke Evans,MEM,737,0.006159586629110096,0.05834464043419267,11.993215739484397,2017,0.003541648653961318,0.0026179379751487784,-0.0372305318197987,-0.020358920758842963
203506,Victor Oladipo,OKC,858,0.014479030113190045,0.14918414918414918,13.003496503496503,2016,0.015007330421673064,-0.0005283003084830193,Victor Oladipo,IND,1257,0.003913735873324003,0.045346062052505964,12.859984089101035,2017,0.004989134742081222,-0.001075398868757219,-0.010565294239866041,-0.010018195679591842
1713,Vince Carter,MEM,443,0.010443733497396527,0.11286681715575621,9.695259593679458,2016,0.01644637373747206,-0.006002640240075532,Vince Carter,SAC,257,0.0023054123295220136,0.042801556420233464,11.120622568093385,2017,0.007403784201552825,-0.005098371872030811,-0.008138321167874513,-0.009042589535919235
203897,Zach LaVine,MIN,641,0.012863136398910287,0.11856474258970359,12.102964118564742,2016,0.019147287682559945,-0.0062841512836496576,Zach LaVine,CHI,331,0.004843078413497513,0.04833836858006042,12.794561933534743,2017,0.0069892115046066,-0.002146133091109087,-0.008020057985412775,-0.012158076177953345
2216,Zach Randolph,MEM,856,0.02189560235557705,0.2850467289719626,9.83411214953271,2016,0.01644637373747206,0.005449228618104991,Zach Randolph,SAC,686,0.002873542966886543,0.04081632653061224,10.36734693877551,2017,0.007403784201552825,-0.004530241234666282,-0.019022059388690508,-0.009042589535919235
202692,Alec Burks,UTA,374,0.006587653006822672,0.06684491978609626,11.467914438502675,2017,0.007099141216527546,-0.0005114882097048733,Alec Burks,CLE,304,0.0034381050922451016,0.049342105263157895,10.12171052631579,2018,0.0032034503850075194,0.00023465470723758224,-0.0031495479145775707,-0.0038956908315200263
203458,Alex Len,PHX,300,0.002948909416088803,0.06666666666666667,12.716666666666667,2017,0.0024774373971757084,0.00047147201891309474,Alex Len,ATL,617,0.003004947921649838,0.03565640194489465,12.021069692058347,2018,0.005463172824519506,-0.002458224902869668,5.6038505561034884e-05,0.0029857354273437977
201229,Anthony Tolliver,DET,433,0.001270341257418961,0.018475750577367205,12.683602771362587,2017,0.005099631337351523,-0.003829290079932562,Anthony Tolliver,MIN,247,0.002551868632221717,0.016194331983805668,12.161943319838057,2018,0.002892727451158712,-0.0003408588189369949,0.0012815273748027559,-0.002206903886192811
203085,Austin Rivers,LAC,765,0.003858743762274473,0.0457516339869281,11.687581699346405,2017,0.005693838835970092,-0.0018350950736956192,Austin Rivers,HOU,352,0.0053765509690529125,0.05965909090909091,10.653409090909092,2018,0.005663867380905922,-0.0002873164118530093,0.0015178072067784393,-2.9971455064170538e-05
202340,Avery Bradley,DET,524,0.00304854474259411,0.04389312977099236,12.41793893129771,2017,0.005099631337351523,-0.0020510865947574127,Avery Bradley,LAC,401,0.0012403503388463187,0.014962593516209476,11.339152119700747,2018,0.002231417725964822,-0.0009910673871185033,-0.0018081944037477914,-0.002868213611386701
201933,Blake Griffin,LAC,525,0.00452286619043327,0.05333333333333334,11.276190476190477,2017,0.005693838835970092,-0.001170972645536822,Blake Griffin,DET,1189,0.005595675626582701,0.05550883095037847,10.30613961312027,2018,0.004922051463746995,0.0006736241628357061,0.001072809436149431,-0.0007717873722230973
1626171,Bobby Portis,CHI,697,0.005430833128327709,0.07317073170731707,13.09325681492109,2017,0.0069892115046066,-0.0015583783762788909,Bobby Portis,WAS,344,0.0029935962415725973,0.040697674418604654,12.116279069767442,2018,0.0033563221052133347,-0.0003627258636407374,-0.002437236886755112,-0.0036328893993932652
201572,Brook Lopez,LAL,740,0.0007162098476242882,0.014864864864864866,12.613513513513514,2017,0.005455321323220251,-0.004739111475595963,Brook Lopez,MIL,749,0.00018844245117812962,0.006675567423230975,11.998664886515353,2018,0.003909729202218528,-0.0037212867510403986,-0.0005277673964461586,-0.0015455921210017227
201980,Danny Green,SAS,513,0.0036317567827275745,0.056530214424951264,12.157894736842104,2017,0.00437875138159351,-0.000746994598865936,Danny Green,TOR,583,0.0034724843848360823,0.04974271012006861,12.830188679245284,2018,0.0035394963776438997,-6.701199280781736e-05,-0.00015927239789149212,-0.0008392550039496107
203967,Dario Saric,PHI,822,0.008371301884627797,0.11800486618004866,13.441605839416058,2017,0.008576280826406659,-0.00020497894177886125,Dario Saric,MIN,545,0.0027379605087160023,0.047706422018348627,11.511926605504588,2018,0.002892727451158712,-0.00015476694244270957,-0.005633341375911795,-0.0056835533752479465
1628021,David Nwaba,CHI,391,0.019693236967946302,0.12531969309462915,14.580562659846548,2017,0.0069892115046066,0.012704025463339702,David Nwaba,CLE,235,0.008000288124883815,0.07234042553191489,11.582978723404254,2018,0.0032034503850075194,0.004796837739876296,-0.011692948843062488,-0.0037857611195990805
201599,DeAndre Jordan,LAC,416,0.003276517007264946,0.019230769230769232,13.959134615384615,2017,0.005693838835970092,-0.0024173218287051462,DeAndre Jordan,DAL,304,0.0017672448328332683,0.023026315789473683,11.87828947368421,2018,0.0030232966272803782,-0.0012560517944471099,-0.0015092721744316777,-0.002670542208689714
201942,DeMar DeRozan,TOR,1288,0.004623413133195026,0.08695652173913043,12.09472049689441,2017,0.006693436453184688,-0.002070023319989662,DeMar DeRozan,SAS,1241,0.0028700982832969616,0.0547945205479452,11.174053182917003,2018,0.0038510984433440575,-0.000981000160047096,-0.0017533148498980644,-0.0028423380098406307
202326,DeMarcus Cousins,NOP,785,0.005212400885789049,0.07006369426751592,12.270063694267517,2017,0.006470630562702439,-0.0012582296769133904,DeMarcus Cousins,GSW,353,0.01136753787965023,0.11614730878186968,11.19830028328612,2018,0.007363875938317111,0.004003661941333119,0.006155136993861181,0.0008932453756146722
203471,Dennis Schroder,ATL,1080,0.0024305435584012114,0.032407407407407406,12.667592592592593,2017,0.005640153781275477,-0.0032096102228742654,Dennis Schroder,OKC,1045,0.001711959933844127,0.01818181818181818,13.160765550239235,2018,0.0020408758802788994,-0.0003289159464347725,-0.0007185836245570845,-0.0035992779009965774
203926,Doug McDermott,NYK,305,0.004046474787537589,0.05245901639344262,12.61311475409836,2017,0.005729806015203919,-0.00168333122766633,Doug McDermott,IND,403,0.002333504341301895,0.04962779156327544,12.233250620347395,2018,0.003643888296081289,-0.001310383954779394,-0.0017129704462356945,-0.0020859177191226304
2548,Dwyane Wade,CLE,405,0.012259814571141782,0.17777777777777778,13.118518518518519,2017,0.007572372095611584,0.0046874424755301985,Dwyane Wade,MIA,879,0.0049231472551129404,0.09328782707622298,11.367463026166098,2018,0.007148643423439337,-0.0022254961683263966,-0.007336667316028842,-0.00042372867217224663
202334,Ed Davis,POR,218,0.009669112236060037,0.0871559633027523,12.13302752293578,2017,0.005236297592357088,0.004432814643702949,Ed Davis,BKN,274,0.0017861362520747088,0.029197080291970802,12.328467153284672,2018,0.0029488176699788257,-0.001162681417904117,-0.007882975983985328,-0.002287479922378262
203901,Elfrid Payton,ORL,424,0.005631383653334754,0.08490566037735849,14.507075471698114,2017,0.004079777822957709,0.001551605830377045,Elfrid Payton,NOP,392,0.005042146830064868,0.07142857142857142,12.775510204081632,2018,0.0045255858147713835,0.0005165610152934848,-0.0005892368232698854,0.0004458079918136749
1626144,Emmanuel Mudiay,DEN,293,0.020388608436565307,0.21843003412969283,12.761092150170649,2017,0.007180770277653253,0.013207838158912053,Emmanuel Mudiay,NYK,679,0.0007725260868320772,0.020618556701030927,11.625920471281296,2018,0.0017286932240069039,-0.0009561671371748267,-0.01961608234973323,-0.005452077053646349
101141,Ersan Ilyasova,ATL,365,0.0029822690749009206,0.0410958904109589,12.35068493150685,2017,0.005640153781275477,-0.002657884706374556,Ersan Ilyasova,MIL,347,0.0056418330414004,0.04899135446685879,11.720461095100864,2018,0.003909729202218528,0.001732103839181872,0.0026595639664994796,-0.0017304245790569486
202066,Garrett Temple,SAC,434,0.005088837387193415,0.08755760368663594,11.483870967741936,2017,0.007403784201552825,-0.00231494681435941,Garrett Temple,MEM,346,0.0007031489375054127,0.008670520231213872,11.372832369942197,2018,0.0021403303107050842,-0.0014371813731996715,-0.0043856884496880025,-0.005263453890847741
201588,George Hill,SAC,284,0.00283345853200198,0.056338028169014086,11.609154929577464,2017,0.007403784201552825,-0.004570325669550845,George Hill,MIL,244,0.0012779554730451318,0.020491803278688523,11.368852459016393,2018,0.003909729202218528,-0.0026317737291733966,-0.001555503058956848,-0.0034940549993342966
202328,Greg Monroe,BOS,176,0.0041158508998957,0.056818181818181816,10.8125,2017,0.0053006802691767845,-0.001184829369281084,Greg Monroe,TOR,150,0.003419836516070417,0.08,11.673333333333334,2018,0.0035394963776438997,-0.00011965986157348252,-0.0006960143838252832,-0.0017611838915328848
201580,JaVale McGee,GSW,185,0.011863554643120009,0.11351351351351352,12.886486486486486,2017,0.007332985882227328,0.004530568760892681,JaVale McGee,LAL,607,0.002498499310422257,0.03789126853377265,12.42504118616145,2018,0.0029932122016564523,-0.0004947128912341954,-0.009365055332697752,-0.004339773680570876
203953,Jabari Parker,MIL,297,0.0049601684259725646,0.09764309764309764,12.727272727272727,2017,0.005928559218420589,-0.0009683907924480243,Jabari Parker,CHI,436,0.0039025181693339898,0.05733944954128441,12.080275229357799,2018,0.004602538990501259,-0.0007000208211672691,-0.0010576502566385748,-0.00132602022791933
203109,Jae Crowder,CLE,347,0.008980449837826128,0.11527377521613832,12.780979827089338,2017,0.007572372095611584,0.001408077742214544,Jae Crowder,UTA,755,0.002355767880558311,0.02913907284768212,11.940397350993377,2018,0.004862682276744761,-0.00250691439618645,-0.0066246819572678165,-0.002709689818866823
1627751,Jakob Poeltl,TOR,293,0.0145051944317313,0.09556313993174062,12.969283276450511,2017,0.006693436453184688,0.0078117579785466126,Jakob Poeltl,SAS,258,0.011985118466934182,0.09302325581395349,11.678294573643411,2018,0.0038510984433440575,0.008134020023590125,-0.002520075964797119,-0.0028423380098406307
2037,Jamal Crawford,MIN,668,0.005235095903134845,0.09281437125748503,11.80688622754491,2017,0.007106356690437342,-0.001871260787302497,Jamal Crawford,PHX,403,0.00032455218849363165,0.0024813895781637717,10.79652605459057,2018,0.002146759091804419,-0.0018222069033107873,-0.004910543714641213,-0.004959597598632923
203516,James Ennis III,MEM,196,0.003669586526590644,0.04591836734693878,13.510204081632653,2017,0.003541648653961318,0.00012793787262932628,James Ennis III,HOU,199,0.0046305291883009265,0.035175879396984924,12.49748743718593,2018,0.005663867380905922,-0.0010333381926049953,0.0009609426617102823,0.002122218726944604
201145,Jeff Green,CLE,544,0.011280699571502404,0.13786764705882354,11.522058823529411,2017,0.007572372095611584,0.0037083274758908207,Jeff Green,WAS,623,0.0024213515534047807,0.02247191011235955,11.22792937399679,2018,0.0033563221052133347,-0.000934970551808554,-0.008859348018097624,-0.004216049990398249
1626170,Jerian Grant,CHI,456,0.004554392243238323,0.06359649122807018,12.350877192982455,2017,0.0069892115046066,-0.0024348192613682772,Jerian Grant,ORL,199,0.004484959991606755,0.04020100502512563,11.758793969849247,2018,0.003857782085708857,0.0006271779058978984,-6.943225163156749e-05,-0.003131429418897743
201573,Jerryd Bayless,PHI,244,0.0062567603131554635,0.06967213114754098,13.831967213114755,2017,0.008576280826406659,-0.0023195205132511953,Jerryd Bayless,MIN,210,0.0029759714121531545,0.05238095238095238,11.352380952380953,2018,0.002892727451158712,8.324396099444265e-05,-0.003280788901002309,-0.0056835533752479465
202710,Jimmy Butler,MIN,831,0.00706020753099542,0.1095066185318893,11.202166064981949,2017,0.007106356690437342,-4.614915944192201e-05,Jimmy Butler,PHI,688,0.002471106045525359,0.03197674418604651,11.829941860465116,2018,0.002481624382335538,-1.0518336810179298e-05,-0.004589101485470062,-0.004624732308101804
201973,Jonas Jerebko,UTA,310,0.010612668850926458,0.08064516129032258,12.241935483870968,2017,0.007099141216527546,0.0035135276343989125,Jonas Jerebko,GSW,328,0.012245848348031968,0.11890243902439024,11.987804878048781,2018,0.007363875938317111,0.004881972409714857,0.0016331794971055098,0.0002647347217895656
202685,Jonas Valanciunas,TOR,597,0.0048286172704406416,0.07035175879396985,12.306532663316583,2017,0.006693436453184688,-0.0018648191827440467,Jonas Valanciunas,MEM,254,0.000555566805425472,0.011811023622047244,10.283464566929133,2018,0.0021403303107050842,-0.0015847635052796123,-0.004273050465015169,-0.004553106142479604
203903,Jordan Clarkson,LAL,601,0.002949804141559753,0.05324459234608985,12.773710482529118,2017,0.005455321323220251,-0.002505517181660498,Jordan Clarkson,CLE,1064,0.0010568660538041216,0.015977443609022556,10.993421052631579,2018,0.0032034503850075194,-0.002146584331203398,-0.0018929380877556314,-0.0022518709382127315
203944,Julius Randle,LAL,814,0.010183202785208338,0.12039312039312039,13.216216216216216,2017,0.005455321323220251,0.004727881461988087,Julius Randle,NOP,1031,0.004915863445536926,0.06983511154219205,11.837051406401551,2018,0.0045255858147713835,0.00039027763076554273,-0.005267339339671412,-0.0009297355084488673
1626162,Kelly Oubre Jr.,WAS,729,0.009232855179238561,0.08093278463648834,12.728395061728396,2017,0.005493025609238516,0.0037398295700000455,Kelly Oubre Jr.,PHX,495,0.003088098886216941,0.030303030303030304,12.139393939393939,2018,0.002146759091804419,0.0009413397944125221,-0.00614475629302162,-0.003346266517434097
203937,Kyle Anderson,SAS,368,0.010166731541850016,0.10326086956521739,11.91304347826087,2017,0.00437875138159351,0.005787980160256506,Kyle Anderson,MEM,253,0.001253466603384266,0.023715415019762844,11.818181818181818,2018,0.0021403303107050842,-0.0008868637073208183,-0.00891326493846575,-0.002238421070888426
2594,Kyle Korver,CLE,463,0.0031297251987466067,0.06263498920086392,13.47084233261339,2017,0.007572372095611584,-0.004442646896864977,Kyle Korver,UTA,388,0.00014098635268182836,0.010309278350515464,12.239690721649485,2018,0.004862682276744761,-0.004721695924062933,-0.0029887388460647785,-0.002709689818866823
202362,Lance Stephenson,IND,652,0.003911325767094164,0.05828220858895705,12.156441717791411,2017,0.004989134742081222,-0.0010778089749870585,Lance Stephenson,LAL,401,0.003305649265852074,0.0399002493765586,12.0,2018,0.0029932122016564523,0.00031243706419562195,-0.0006056765012420894,-0.00199592254042477
1626204,Larry Nance Jr.,LAL,209,0.005239530977707412,0.09569377990430622,14.033492822966506,2017,0.005455321323220251,-0.00021579034551283925,Larry Nance Jr.,CLE,422,0.0028248403178042013,0.03317535545023697,11.251184834123222,2018,0.0032034503850075194,-0.00037861006720331814,-0.0024146906599032104,-0.0022518709382127315
2544,LeBron James,CLE,1421,0.006511235997144754,0.07741027445460943,12.157635467980295,2017,0.007572372095611584,-0.00106113609846683,LeBron James,LAL,1011,0.0028689629515340894,0.03461918892185954,11.945598417408506,2018,0.0029932122016564523,-0.0001242492501223628,-0.0036422730456106642,-0.0045791598939551315
101162,Marcin Gortat,WAS,487,0.0028378328081239187,0.045174537987679675,10.86652977412731,2017,0.005493025609238516,-0.002655192801114597,Marcin Gortat,LAC,179,0.0,0.0,11.692737430167599,2018,0.002231417725964822,-0.002231417725964822,-0.0028378328081239187,-0.003261607883273694
201158,Marco Belinelli,ATL,443,0.0016935954468719901,0.020316027088036117,12.505643340857787,2017,0.005640153781275477,-0.003946558334403487,Marco Belinelli,SAS,646,0.0030617794433971685,0.04024767801857585,12.328173374613003,2018,0.0038510984433440575,-0.000789318999946889,0.0013681839965251784,-0.0017890553379314193
1626209,Mario Hezonja,ORL,567,0.0057621820929065655,0.047619047619047616,12.250440917107584,2017,0.004079777822957709,0.0016824042699488569,Mario Hezonja,NYK,433,0.0011341877477578919,0.013856812933025405,11.625866050808314,2018,0.0017286932240069039,-0.000594505476249012,-0.004627994345148673,-0.0023510845989508046
203488,Mike Muscala,ATL,268,0.001850278285556995,0.055970149253731345,12.936567164179104,2017,0.005640153781275477,-0.0037898754957184817,Mike Muscala,PHI,262,0.0011703499157067103,0.030534351145038167,12.370229007633588,2018,0.002481624382335538,-0.0013112744666288279,-0.0006799283698502847,-0.0031585293989399386
203118,Mike Scott,WAS,488,0.009441819747034516,0.11065573770491803,11.383196721311476,2017,0.005493025609238516,0.003948794137796001,Mike Scott,LAC,209,0.0016682927454035937,0.004784688995215311,11.62200956937799,2018,0.002231417725964822,-0.0005631249805612283,-0.0077735270016309225,-0.003261607883273694
202357,Nemanja Bjelica,MIN,331,0.010579850002571483,0.09969788519637462,12.38368580060423,2017,0.007106356690437342,0.003473493312134141,Nemanja Bjelica,SAC,554,0.004993492817025738,0.0631768953068592,13.014440433212997,2018,0.005758764445376974,-0.0007652716283512362,-0.005586357185545745,-0.0013475922450603677
1626192,Pat Connaughton,POR,354,0.007654733942671315,0.07627118644067797,11.587570621468927,2017,0.005236297592357088,0.0024184363503142268,Pat Connaughton,MIL,326,0.005040126353510991,0.027607361963190184,12.242331288343559,2018,0.003909729202218528,0.001130397151292463,-0.0026146075891603235,-0.0013265683901385597
200765,Rajon Rondo,NOP,463,0.009261586214995917,0.1101511879049676,13.222462203023758,2017,0.006470630562702439,0.0027909556522934783,Rajon Rondo,LAL,384,0.004703484477283017,0.06510416666666667,12.020833333333334,2018,0.0029932122016564523,0.0017102722756265646,-0.0045581017377129005,-0.003477418361045987
1626158,Richaun Holmes,PHI,220,0.007877695857799908,0.10909090909090909,13.472727272727273,2017,0.008576280826406659,-0.0006985849686067507,Richaun Holmes,PHX,341,0.0012921339182724093,0.03519061583577713,10.868035190615835,2018,0.002146759091804419,-0.0008546251735320096,-0.0065855619395274985,-0.00642952173460224
203496,Robert Covington,PHI,785,0.005538935846814354,0.06624203821656051,14.527388535031847,2017,0.008576280826406659,-0.003037344979592305,Robert Covington,MIN,235,0.006158702965267579,0.06382978723404255,12.76595744680851,2018,0.002892727451158712,0.003265975514108867,0.0006197671184532249,-0.0056835533752479465
203918,Rodney Hood,UTA,502,0.004927296514491968,0.05179282868525897,11.43227091633466,2017,0.007099141216527546,-0.0021718447020355773,Rodney Hood,CLE,425,0.003240026824933611,0.03294117647058824,9.694117647058823,2018,0.0032034503850075194,3.657643992609162e-05,-0.0016872696895583574,-0.0038956908315200263
1626155,Sam Dekker,LAC,230,0.004673858205114257,0.06086956521739131,13.569565217391304,2017,0.005693838835970092,-0.0010199806308558356,Sam Dekker,WAS,192,0.007312594460945225,0.0625,12.260416666666666,2018,0.0033563221052133347,0.00395627235573189,0.0026387362558309684,-0.0023375167307567576
203894,Shabazz Napier,POR,489,0.005055461733739091,0.06952965235173825,11.61963190184049,2017,0.005236297592357088,-0.00018083585861799686,Shabazz Napier,BKN,393,0.0019154525742424936,0.030534351145038167,11.404580152671755,2018,0.0029488176699788257,-0.0010333650957363321,-0.0031400091594965974,-0.002287479922378262
202714,Shelvin Mack,ORL,368,0.002169660688085581,0.04619565217391304,12.144021739130435,2017,0.004079777822957709,-0.0019101171348721276,Shelvin Mack,MEM,339,0.002835864952224402,0.02359882005899705,9.920353982300885,2018,0.0021403303107050842,0.000695534641519318,0.0006662042641388212,-0.0019394475122526244
204025,Tim Frazier,WAS,153,0.009581463050047999,0.10457516339869281,11.869281045751634,2017,0.005493025609238516,0.004088437440809483,Tim Frazier,NOP,176,0.008666595063228115,0.08522727272727272,11.232954545454545,2018,0.0045255858147713835,0.004141009248456731,-0.0009148679868198843,-0.0009674397944671323
1627789,Timothe Luwawu-Cabarrot,PHI,250,0.009293693146507475,0.088,13.304,2017,0.008576280826406659,0.0007174123201008163,Timothe Luwawu-Cabarrot,CHI,168,0.004735053751157144,0.05357142857142857,11.833333333333334,2018,0.004602538990501259,0.00013251476065588488,-0.004558639395350331,-0.0039737418359054
202699,Tobias Harris,DET,663,0.002178254401265134,0.03167420814479638,11.907993966817497,2017,0.005099631337351523,-0.002921376936086389,Tobias Harris,LAC,807,0.0004364156389283605,0.009913258983890954,11.490706319702602,2018,0.002231417725964822,-0.0017950020870364613,-0.0017418387623367735,-0.002868213611386701
2225,Tony Parker,SAS,369,0.0015766204166326142,0.024390243902439025,12.100271002710027,2017,0.00437875138159351,-0.0028021309649608962,Tony Parker,CHA,428,0.006522198402739043,0.06775700934579439,11.83411214953271,2018,0.004861672705820265,0.0016605256969187783,0.004945577986106429,0.0004829213242267547
1626203,Treveon Graham,CHA,187,0.007223058354643315,0.12299465240641712,12.422459893048128,2017,0.005171853325368116,0.002051205029275199,Treveon Graham,BKN,177,0.006934559975440289,0.03954802259887006,11.751412429378531,2018,0.0029488176699788257,0.003985742305461464,-0.00028849837920302563,-0.00222303565538929
2772,Trevor Ariza,HOU,619,0.0030024955096483227,0.03231017770597738,14.248788368336026,2017,0.004439890430091547,-0.001437394920443224,Trevor Ariza,WAS,479,0.0037602388115796415,0.05010438413361169,12.96659707724426,2018,0.0033563221052133347,0.00040391670636630685,0.0007577433019313189,-0.001083568324878212
1628416,Tyler Dorsey,ATL,347,0.005393403924426517,0.05187319884726225,13.089337175792506,2017,0.005640153781275477,-0.00024674985684895994,Tyler Dorsey,MEM,165,0.0008146288971891735,0.012121212121212121,12.581818181818182,2018,0.0021403303107050842,-0.0013257014135159106,-0.004578775027237344,-0.0034998234705703925
201936,Tyreke Evans,MEM,737,0.006159586629110096,0.05834464043419267,11.993215739484397,2017,0.003541648653961318,0.0026179379751487784,Tyreke Evans,IND,600,0.008252813313634203,0.08333333333333333,12.208333333333334,2018,0.003643888296081289,0.004608925017552914,0.0020932266845241068,0.00010223964211997097
1713,Vince Carter,SAC,257,0.0023054123295220136,0.042801556420233464,11.120622568093385,2017,0.007403784201552825,-0.005098371872030811,Vince Carter,ATL,443,0.0020447959365627855,0.01580135440180587,12.198645598194132,2018,0.005463172824519506,-0.0034183768879567206,-0.00026061639295922806,-0.0019406113770333187
201961,Wayne Ellington,MIA,657,0.0017804027374006767,0.0121765601217656,12.21613394216134,2017,0.006503427859727616,-0.00472302512232694,Wayne Ellington,DET,256,0.004874644838145424,0.03515625,11.60546875,2018,0.004922051463746995,-4.740662560157125e-05,0.0030942421007447473,-0.0015813763959806213
1627782,Wayne Selden,MEM,238,0.0034807369102809933,0.04201680672268908,12.046218487394958,2017,0.003541648653961318,-6.091174368032465e-05,Wayne Selden,CHI,305,0.008662171864906417,0.06557377049180328,11.459016393442623,2018,0.004602538990501259,0.004059632874405158,0.005181434954625424,0.001060890336539941
201163,Wilson Chandler,DEN,576,0.0038374275611981357,0.050347222222222224,12.340277777777779,2017,0.007180770277653253,-0.0033433427164551175,Wilson Chandler,PHI,194,0.0002838501734406383,0.015463917525773196,12.463917525773196,2018,0.002481624382335538,-0.0021977742088949,-0.0035535773877574976,-0.004699145895317715
1627812,Yogi Ferrell,DAL,678,0.0038921974205808727,0.061946902654867256,12.64749262536873,2017,0.004037473228709689,-0.0001452758081288163,Yogi Ferrell,SAC,322,0.0040463370862044105,0.043478260869565216,13.114906832298137,2018,0.005758764445376974,-0.001712427359172564,0.0001541396656235378,0.0017212912166672855
2585,Zaza Pachulia,GSW,229,0.01720272340283292,0.2314410480349345,13.7117903930131,2017,0.007332985882227328,0.009869737520605592,Zaza Pachulia,DET,172,0.014429732659282183,0.19186046511627908,11.418604651162791,2018,0.004922051463746995,0.00950768119553519,-0.002772990743550736,-0.002410934418480333
201143,Al Horford,BOS,696,0.0010612444541611406,0.031609195402298854,10.85344827586207,2018,0.003728356429659398,-0.0026671119754982575,Al Horford,PHI,660,0.0012675882303284567,0.025757575757575757,11.184848484848485,2019,0.002965630685135236,-0.0016980424548067791,0.00020634377616731607,-0.0007627257445241621
202692,Alec Burks,CLE,304,0.0034381050922451016,0.049342105263157895,10.12171052631579,2018,0.0032034503850075194,0.00023465470723758224,Alec Burks,GSW,547,0.003936064429146911,0.043875685557586835,11.343692870201098,2019,0.0028781827873589085,0.0010578816417880026,0.0004979593369018095,-0.0003252675976486109
1628035,Alfonzo McKinnie,GSW,265,0.012149402445510118,0.10566037735849057,11.992452830188679,2018,0.007363875938317111,0.004785526507193007,Alfonzo McKinnie,CLE,155,0.006128954478199445,0.05161290322580645,11.819354838709678,2019,0.00337843142390221,0.002750523054297235,-0.006020447967310673,-0.003985444514414901
203076,Anthony Davis,NOP,964,0.001053836642481291,0.024896265560165973,12.197095435684647,2018,0.0045255858147713835,-0.0034717491722900925,Anthony Davis,LAL,1015,0.0009764698701673497,0.027586206896551724,11.466995073891626,2019,0.002440725940030561,-0.0014642560698632113,-7.736677231394136e-05,-0.0020848598747408224
203382,Aron Baynes,BOS,212,0.0010076555622733803,0.0330188679245283,11.919811320754716,2018,0.003728356429659398,-0.0027207008673860176,Aron Baynes,PHX,367,0.0008026141654854023,0.013623978201634877,11.098092643051771,2019,0.002659394754388722,-0.0018567805889033195,-0.000205041396787978,-0.001068961675270676
202340,Avery Bradley,LAC,401,0.0012403503388463187,0.014962593516209476,11.339152119700747,2018,0.002231417725964822,-0.0009910673871185033,Avery Bradley,LAL,364,0.0029229066677657835,0.04120879120879121,12.266483516483516,2019,0.002440725940030561,0.00048218072773522237,0.0016825563289194648,0.00020930821406573916
1626171,Bobby Portis,WAS,344,0.0029935962415725973,0.040697674418604654,12.116279069767442,2018,0.0033563221052133347,-0.0003627258636407374,Bobby Portis,NYK,549,0.002091899461307959,0.03460837887067395,11.367941712204008,2019,0.0041005662566975165,-0.0020086667953895573,-0.0009016967802646381,0.0007442441514841818
202711,Bojan Bogdanovic,IND,988,0.0036960200761360566,0.0354251012145749,12.326923076923077,2018,0.003643888296081289,5.213178005476771e-05,Bojan Bogdanovic,UTA,884,0.0033268681248369548,0.03733031674208145,11.27262443438914,2019,0.004899412271338144,-0.0015725441465011896,-0.00036915195129910185,0.0012555239752568555
1627742,Brandon Ingram,LAL,666,0.00518360500063704,0.04504504504504504,11.728228228228229,2018,0.0029932122016564523,0.0021903927989805876,Brandon Ingram,NOP,1031,0.003172133177590389,0.05140640155189137,12.441319107662464,2019,0.0032006788339259983,-2.854565633560917e-05,-0.0020114718230466507,0.00020746663226954608
101108,Chris Paul,HOU,626,0.0019321369912426863,0.02875399361022364,10.517571884984026,2018,0.005663867380905922,-0.0037317303896632356,Chris Paul,OKC,795,0.0007370657451725922,0.010062893081761006,11.778616352201258,2019,0.004320066248773188,-0.0035830005036005955,-0.0011950712460700942,-0.001343801132132734
202709,Cory Joseph,IND,491,0.0017633716542276752,0.032586558044806514,10.967413441955193,2018,0.003643888296081289,-0.0018805166418536137,Cory Joseph,SAC,375,0.0007791479187681514,0.018666666666666668,10.514666666666667,2019,0.0031967710103557733,-0.002417623091587622,-0.0009842237354595238,-0.00044711728572551564
1626156,D'Angelo Russell,BKN,1450,0.0019205897103783693,0.022068965517241378,12.673793103448276,2018,0.0029488176699788257,-0.0010282279596004564,D'Angelo Russell,GSW,602,0.00010615264523980382,0.0033222591362126247,12.779069767441861,2019,0.0028781827873589085,-0.0027720301421191047,-0.0018144370651385655,-7.063488261991723e-05
201568,Danilo Gallinari,LAC,801,0.003462552341311351,0.03870162297128589,11.047440699126092,2018,0.002231417725964822,0.001231134615346529,Danilo Gallinari,OKC,754,0.0033917850528736647,0.046419098143236075,10.53315649867374,2019,0.004320066248773188,-0.0009282811958995232,-7.076728843768629e-05,0.002088648522808366
201980,Danny Green,TOR,583,0.0034724843848360823,0.04974271012006861,12.830188679245284,2018,0.0035394963776438997,-6.701199280781736e-05,Danny Green,LAL,440,0.0008966898259432299,0.020454545454545454,12.918181818181818,2019,0.002440725940030561,-0.001544036114087331,-0.0025757945588928523,-0.0010987704376133386
203967,Dario Saric,MIN,545,0.0027379605087160023,0.047706422018348627,11.511926605504588,2018,0.002892727451158712,-0.00015476694244270957,Dario Saric,PHX,514,0.0039344203454140594,0.054474708171206226,11.43579766536965,2019,0.002659394754388722,0.0012750255910253376,0.0011964598366980572,-0.00023333269676998995
202722,Davis Bertans,SAS,420,0.0037116055585556607,0.02857142857142857,11.733333333333333,2018,0.0038510984433440575,-0.0001394928847883968,Davis Bertans,WAS,574,0.0013064815819527902,0.012195121951219513,13.790940766550523,2019,0.0035111145388898486,-0.0022046329569370584,-0.0024051239766028705,-0.0003399839044542089
1629001,De'Anthony Melton,PHX,236,0.0024134015720877543,0.03389830508474576,12.241525423728813,2018,0.002146759091804419,0.00026664248028333533,De'Anthony Melton,MEM,370,0.006951859308124108,0.07837837837837838,12.875675675675677,2019,0.003758580016662068,0.00319327929146204,0.004538457736036354,0.0016118209248576492
201599,DeAndre Jordan,DAL,304,0.0017672448328332683,0.023026315789473683,11.87828947368421,2018,0.0030232966272803782,-0.0012560517944471099,DeAndre Jordan,BKN,266,0.001959479071446337,0.022556390977443608,12.191729323308271,2019,0.003286685467173571,-0.0013272063957272336,0.00019223423861306887,0.00026338883989319257
1626153,Delon Wright,TOR,257,0.008786141590338565,0.07392996108949416,12.303501945525293,2018,0.0035394963776438997,0.005246645212694665,Delon Wright,DAL,376,0.011372648289233154,0.08776595744680851,12.058510638297872,2019,0.004439010722064093,0.006933637567169061,0.0025865066988945886,0.000899514344420193
1628372,Dennis Smith Jr.,DAL,331,0.002246041679656138,0.03927492447129909,12.389728096676738,2018,0.0030232966272803782,-0.0007772549476242402,Dennis Smith Jr.,NYK,183,0.004574539857018194,0.07103825136612021,10.540983606557377,2019,0.0041005662566975165,0.00047397360032067765,0.002328498177362056,0.0010772696294171383
202324,Derrick Favors,UTA,586,0.0020878892096332074,0.04948805460750853,11.255972696245733,2018,0.004862682276744761,-0.0027747930671115535,Derrick Favors,NOP,326,0.0009133262992369161,0.02147239263803681,12.128834355828221,2019,0.0032006788339259983,-0.0022873525346890824,-0.0011745629103962914,-0.0016620034428187626
201565,Derrick Rose,MIN,700,0.002740431306041535,0.03571428571428571,12.024285714285714,2018,0.002892727451158712,-0.00015229614511717664,Derrick Rose,DET,699,0.0020244407699887075,0.04148783977110158,11.696709585121603,2019,0.004066974860249732,-0.0020425340902610243,-0.0007159905360528277,0.00117424740909102
203473,Dewayne Dedmon,ATL,495,0.0014759515083066935,0.020202020202020204,12.11919191919192,2018,0.005463172824519506,-0.003987221316212813,Dewayne Dedmon,SAC,160,0.0050190816355621835,0.05625,11.3875,2019,0.0031967710103557733,0.0018223106252064102,0.0035431301272554902,-0.002266401814163733
203901,Elfrid Payton,NOP,392,0.005042146830064868,0.07142857142857142,12.775510204081632,2018,0.0045255858147713835,0.0005165610152934848,Elfrid Payton,NYK,409,0.0023574923586865255,0.039119804400977995,11.581907090464547,2019,0.0041005662566975165,-0.001743073898010991,-0.002684654471378343,-0.00042501955807386707
1626144,Emmanuel Mudiay,NYK,679,0.0007725260868320772,0.020618556701030927,11.625920471281296,2018,0.0017286932240069039,-0.0009561671371748267,Emmanuel Mudiay,UTA,301,0.00615758573655365,0.08637873754152824,11.548172757475083,2019,0.004899412271338144,0.0012581734652155055,0.005385059649721573,0.0031707190473312403
202683,Enes Freedom,NYK,432,0.0006132261439422027,0.009259259259259259,11.00462962962963,2018,0.0017286932240069039,-0.0011154670800647012,Enes Freedom,BOS,320,0.001884474084400238,0.025,11.125,2019,0.005463726772543095,-0.0035792526881428567,0.0012712479404580353,0.003735033548536191
1626163,Frank Kaminsky,CHA,277,0.0026068342754001607,0.04332129963898917,10.11913357400722,2018,0.004861672705820265,-0.0022548384304201044,Frank Kaminsky,PHX,289,0.0028973688128470978,0.05190311418685121,11.0,2019,0.002659394754388722,0.0002379740584583759,0.00029053453744693706,-0.0022022779514315432
202066,Garrett Temple,MEM,346,0.0007031489375054127,0.008670520231213872,11.372832369942197,2018,0.0021403303107050842,-0.0014371813731996715,Garrett Temple,BKN,540,0.0006184078498913651,0.011111111111111112,11.505555555555556,2019,0.003286685467173571,-0.0026682776172822055,-8.474108761404758e-05,0.0011463551564684865
203922,Glenn Robinson III,DET,161,0.011961577901100803,0.12422360248447205,11.565217391304348,2018,0.004922051463746995,0.007039526437353808,Glenn Robinson III,GSW,490,0.0036542785930807333,0.03469387755102041,12.66530612244898,2019,0.0028781827873589085,0.0007760958057218248,-0.008307299308020068,-0.0020438686763880865
1628960,Grayson Allen,UTA,172,0.004036506449998434,0.06976744186046512,12.94186046511628,2018,0.004862682276744761,-0.000826175826746327,Grayson Allen,MEM,240,0.0016313667879395805,0.0125,12.65,2019,0.003758580016662068,-0.0021272132287224873,-0.0024051396620588536,-0.0011041022600826928
203084,Harrison Barnes,DAL,693,0.0007703335569558845,0.012987012987012988,10.321789321789321,2018,0.0030232966272803782,-0.002252963070324494,Harrison Barnes,SAC,730,0.0026308600625262564,0.03561643835616438,11.063013698630137,2019,0.0031967710103557733,-0.0005659109478295169,0.001860526505570372,0.00017347438307539504
202355,Hassan Whiteside,MIA,627,0.0068225396151530785,0.0861244019138756,11.47846889952153,2018,0.007148643423439337,-0.00032610380828625857,Hassan Whiteside,POR,651,0.0015558709266244222,0.03686635944700461,11.33794162826421,2019,0.002529444431716445,-0.000973573505092023,-0.005266668688528656,-0.004619198991722892
202397,Ish Smith,DET,431,0.005477455435863985,0.06264501160092807,10.475638051044083,2018,0.004922051463746995,0.0005554039721169897,Ish Smith,WAS,642,0.0018106743490136853,0.03426791277258567,11.515576323987538,2019,0.0035111145388898486,-0.0017004401898761633,-0.0036667810868502996,-0.0014109369248571464
1627826,Ivica Zubac,LAL,184,0.003002289458432064,0.06521739130434782,12.054347826086957,2018,0.0029932122016564523,9.077256775611754e-06,Ivica Zubac,LAC,361,0.002724837959769161,0.04709141274238227,12.174515235457063,2019,0.0025595996867450537,0.0001652382730241075,-0.0002774514986629028,-0.00043361251491139856
200755,JJ Redick,PHI,983,0.00061037456397224,0.008138351983723296,12.65412004069176,2018,0.002481624382335538,-0.0018712498183632983,JJ Redick,NOP,602,0.00111285272752055,0.014950166112956811,13.390365448504983,2019,0.0032006788339259983,-0.0020878261064054483,0.00050247816354831,0.0007190544515904601
203210,JaMychal Green,MEM,280,0.00045732367663658957,0.014285714285714285,10.792857142857143,2018,0.0021403303107050842,-0.0016830066340684947,JaMychal Green,LAC,323,0.0010173699686242994,0.021671826625386997,12.25077399380805,2019,0.0025595996867450537,-0.0015422297181207543,0.0005600462919877099,0.00041926937603996945
203953,Jabari Parker,CHI,436,0.0039025181693339898,0.05733944954128441,12.080275229357799,2018,0.004602538990501259,-0.0007000208211672691,Jabari Parker,ATL,359,0.003518155509490033,0.03899721448467967,12.105849582172702,2019,0.0028814600515112707,0.0006366954579787622,-0.0003843626598439569,-0.0017210789389899882
203109,Jae Crowder,UTA,755,0.002355767880558311,0.02913907284768212,11.940397350993377,2018,0.004862682276744761,-0.00250691439618645,Jae Crowder,MEM,380,0.0015534456969203288,0.02894736842105263,12.83157894736842,2019,0.003758580016662068,-0.0022051343197417392,-0.0008023221836379823,-0.0011041022600826928
1627774,Jake Layman,POR,395,0.003268990883995975,0.04556962025316456,11.470886075949368,2018,0.002752402253713921,0.0005165886302820541,Jake Layman,MIN,165,0.004124148896719926,0.05454545454545454,12.866666666666667,2019,0.002716211312261956,0.00140793758445797,0.0008551580127239508,-3.619094145196518e-05
203516,James Ennis III,HOU,199,0.0046305291883009265,0.035175879396984924,12.49748743718593,2018,0.005663867380905922,-0.0010333381926049953,James Ennis III,PHI,205,0.0027376252503506534,0.02926829268292683,12.658536585365853,2019,0.002965630685135236,-0.00022800543478458234,-0.001892903937950273,-0.002698236695770686
201145,Jeff Green,WAS,623,0.0024213515534047807,0.02247191011235955,11.22792937399679,2018,0.0033563221052133347,-0.000934970551808554,Jeff Green,UTA,178,0.005658547122754851,0.06179775280898876,11.247191011235955,2019,0.004899412271338144,0.000759134851416707,0.0032371955693500706,0.0015430901661248097
203924,Jerami Grant,OKC,783,0.004045193988959354,0.04853128991060025,12.51213282247765,2018,0.0020408758802788994,0.002004318108680455,Jerami Grant,DEN,588,0.011078310169219417,0.11224489795918367,11.064625850340136,2019,0.005395912515004613,0.005682397654214804,0.007033116180260063,0.0033550366347257134
203087,Jeremy Lamb,CHA,895,0.002732325453543462,0.041340782122905026,11.211173184357541,2018,0.004861672705820265,-0.002129347252276803,Jeremy Lamb,IND,447,0.0010337560764728207,0.011185682326621925,11.308724832214764,2019,0.0036201217454124375,-0.0025863656689396166,-0.0016985693770706415,-0.0012415509604078276
1628975,Jevon Carter,MEM,161,0.0030389879905415944,0.043478260869565216,11.652173913043478,2018,0.0021403303107050842,0.0008986576798365102,Jevon Carter,PHX,226,0.005118716099734775,0.048672566371681415,10.827433628318584,2019,0.002659394754388722,0.002459321345346053,0.0020797281091931804,0.0005190644436836376
202710,Jimmy Butler,PHI,688,0.002471106045525359,0.03197674418604651,11.829941860465116,2018,0.002481624382335538,-1.0518336810179298e-05,Jimmy Butler,MIA,680,0.0028484236221585284,0.047058823529411764,10.964705882352941,2019,0.004611777704820369,-0.0017633540826618404,0.00037731757663316944,0.0021301533224848306
203903,Jordan Clarkson,CLE,1064,0.0010568660538041216,0.015977443609022556,10.993421052631579,2018,0.0032034503850075194,-0.002146584331203398,Jordan Clarkson,UTA,509,0.0015464512041460238,0.019646365422396856,10.962671905697446,2019,0.004899412271338144,-0.0033529610671921206,0.0004895851503419022,0.001695961886330625
1628404,Josh Hart,LAL,429,0.0029949547949681948,0.02564102564102564,13.846153846153847,2018,0.0029932122016564523,1.7425933117425074e-06,Josh Hart,NOP,505,0.0024434837457967614,0.027722772277227723,13.491089108910892,2019,0.0032006788339259983,-0.000757195088129237,-0.0005514710491714334,0.00020746663226954608
1626196,Josh Richardson,MIA,950,0.005180393917807574,0.06421052631578947,11.364210526315789,2018,0.007148643423439337,-0.001968249505631763,Josh Richardson,PHI,599,0.0028347781168066586,0.03672787979966611,10.701168614357263,2019,0.002965630685135236,-0.00013085256832857722,-0.0023456158010009154,-0.004183012738304102
203944,Julius Randle,NOP,1031,0.004915863445536926,0.06983511154219205,11.837051406401551,2018,0.0045255858147713835,0.00039027763076554273,Julius Randle,NYK,943,0.004506318728066455,0.05938494167550371,10.74019088016967,2019,0.0041005662566975165,0.00040575247136893835,-0.00040954471747047146,-0.00042501955807386707
203200,Justin Holiday,CHI,370,0.0021744722619864367,0.02702702702702703,12.421621621621622,2018,0.004602538990501259,-0.0024280667285148222,Justin Holiday,IND,443,0.002352246104086741,0.02708803611738149,12.404063205417607,2019,0.0036201217454124375,-0.0012678756413256964,0.0001777738421003044,-0.0009824172450888214
1628382,Justin Jackson,SAC,277,0.0031615337035514014,0.036101083032490974,12.711191335740072,2018,0.005758764445376974,-0.002597230741825573,Justin Jackson,DAL,324,0.0021764739398200004,0.037037037037037035,11.277777777777779,2019,0.004439010722064093,-0.0022625367822440923,-0.000985059763731401,-0.0013197537233128817
202695,Kawhi Leonard,TOR,1059,0.0009258481283067085,0.014164305949008499,11.865911237016054,2018,0.0035394963776438997,-0.002613648249337191,Kawhi Leonard,LAC,1075,0.00046588777917887806,0.009302325581395349,11.774883720930232,2019,0.0025595996867450537,-0.0020937119075661757,-0.00045996034912783047,-0.000979896690898846
202689,Kemba Walker,CHA,1551,0.0030539791838153705,0.037395228884590584,12.254029658284978,2018,0.004861672705820265,-0.0018076935220048946,Kemba Walker,BOS,839,0.002690937769622627,0.026221692491060787,12.089392133492252,2019,0.005463726772543095,-0.002772789002920468,-0.0003630414141927436,0.0006020540667228298
203145,Kent Bazemore,ATL,637,0.008807592530560637,0.061224489795918366,12.766091051805338,2018,0.005463172824519506,0.0033444197060411305,Kent Bazemore,POR,301,0.004981378506951857,0.03322259136212625,12.06312292358804,2019,0.002529444431716445,0.002451934075235412,-0.0038262140236087795,-0.002933728392803061
2594,Kyle Korver,UTA,388,0.00014098635268182836,0.010309278350515464,12.239690721649485,2018,0.004862682276744761,-0.004721695924062933,Kyle Korver,MIL,282,0.0007159557960812869,0.0070921985815602835,12.804964539007091,2019,0.003104646770481111,-0.0023886909743998245,0.0005749694433994586,-0.0017580355062636497
202681,Kyrie Irving,BOS,1167,0.0012150946784679805,0.02056555269922879,12.806341045415596,2018,0.003728356429659398,-0.0025132617511914174,Kyrie Irving,BKN,391,0.00272820654556971,0.030690537084398978,12.877237851662404,2019,0.003286685467173571,-0.0005584789216038608,0.0015131118671017295,-0.00044167096248582706
1629013,Landry Shamet,PHI,337,0.0006201191149317174,0.005934718100890208,12.492581602373887,2018,0.002481624382335538,-0.0018615052674038207,Landry Shamet,LAC,370,0.0019069034574909789,0.01891891891891892,12.52972972972973,2019,0.0025595996867450537,-0.0006526962292540748,0.0012867843425592614,7.797530440951548e-05
1628366,Lonzo Ball,LAL,439,0.0028480934647391403,0.03416856492027335,12.612756264236902,2018,0.0029932122016564523,-0.00014511873691731196,Lonzo Ball,NOP,650,0.0044178855105262115,0.04923076923076923,12.732307692307693,2019,0.0032006788339259983,0.0012172066766002131,0.0015697920457870712,0.00020746663226954608
1628436,Luke Kornet,NYK,269,0.0011551831821389109,0.007434944237918215,10.810408921933085,2018,0.0017286932240069039,-0.000573510041867993,Luke Kornet,CHI,173,0.0022626209544141726,0.017341040462427744,11.676300578034683,2019,0.0024913494712326604,-0.00022872851681848784,0.0011074377722752617,0.0007626562472257566
1627763,Malcolm Brogdon,MIL,704,0.005881515532039799,0.056818181818181816,12.596590909090908,2018,0.003909729202218528,0.0019717863298212707,Malcolm Brogdon,IND,693,0.0031964363360434535,0.03318903318903319,11.256854256854258,2019,0.0036201217454124375,-0.00042368540936898406,-0.0026850791959963454,-0.00028960745680609067
201188,Marc Gasol,MEM,630,0.00031887436201383056,0.004761904761904762,9.93015873015873,2018,0.0021403303107050842,-0.0018214559486912536,Marc Gasol,TOR,258,0.0,0.0,10.616279069767442,2019,0.002006486015841769,-0.002006486015841769,-0.00031887436201383056,-0.00013384429486331534
202694,Marcus Morris Sr.,BOS,785,0.002591765435226231,0.02929936305732484,11.0828025477707,2018,0.003728356429659398,-0.0011365909944331667,Marcus Morris Sr.,NYK,582,0.0017615907613331067,0.024054982817869417,10.494845360824742,2019,0.0041005662566975165,-0.0023389754953644097,-0.0008301746738931244,0.0003722098270381186
1626209,Mario Hezonja,NYK,433,0.0011341877477578919,0.013856812933025405,11.625866050808314,2018,0.0017286932240069039,-0.000594505476249012,Mario Hezonja,POR,205,0.004550244735046884,0.06341463414634146,12.278048780487804,2019,0.002529444431716445,0.0020208003033304386,0.0034160569872889917,0.0008007512077095413
202693,Markieff Morris,WAS,308,0.0011793329428934878,0.016233766233766232,10.96103896103896,2018,0.0033563221052133347,-0.0021769891623198466,Markieff Morris,DET,343,0.0012305900330017933,0.01749271137026239,10.962099125364432,2019,0.004066974860249732,-0.0028363848272479385,5.125709010830545e-05,0.0007106527550363971
203090,Maurice Harkless,POR,368,0.003230334547540397,0.03260869565217391,11.279891304347826,2018,0.002752402253713921,0.0004779322938264761,Maurice Harkless,LAC,197,0.0018633672868669754,0.02030456852791878,11.868020304568528,2019,0.0025595996867450537,-0.0006962323998780783,-0.0013669672606734218,-0.00019280256696886742
203086,Meyers Leonard,POR,227,0.0008502997472591218,0.039647577092511016,10.361233480176212,2018,0.002752402253713921,-0.0019021025064547992,Meyers Leonard,MIA,212,0.0013880780578310388,0.018867924528301886,10.61320754716981,2019,0.004611777704820369,-0.00322369964698933,0.0005377783105719171,0.0018593754511064477
201144,Mike Conley,MEM,1018,0.0013012247061533692,0.01768172888015717,10.795677799607073,2018,0.0021403303107050842,-0.000839105604551715,Mike Conley,UTA,531,0.0031799529262512057,0.03954802259887006,10.973634651600753,2019,0.004899412271338144,-0.0017194593450869386,0.0018787282200978365,0.00275908196063306
203488,Mike Muscala,PHI,262,0.0011703499157067103,0.030534351145038167,12.370229007633588,2018,0.002481624382335538,-0.0013112744666288279,Mike Muscala,OKC,175,0.0014311782635665108,0.022857142857142857,11.977142857142857,2019,0.004320066248773188,-0.0028888879852066772,0.0002608283478598005,0.0018384418664376496
203118,Mike Scott,LAC,209,0.0016682927454035937,0.004784688995215311,11.62200956937799,2018,0.002231417725964822,-0.0005631249805612283,Mike Scott,PHI,331,0.001538044590336354,0.02416918429003021,11.791540785498489,2019,0.002965630685135236,-0.0014275860947988819,-0.00013024815506723977,0.0007342129591704138
1629021,Moritz Wagner,LAL,163,0.00631055107951179,0.049079754601226995,11.963190184049079,2018,0.0029932122016564523,0.0033173388778553374,Moritz Wagner,WAS,251,0.003079996639356731,0.043824701195219126,12.278884462151394,2019,0.0035111145388898486,-0.00043111789953311766,-0.0032305544401550587,0.0005179023372333964
1629016,Omari Spellman,ATL,226,0.006490813934173666,0.05309734513274336,12.442477876106194,2018,0.005463172824519506,0.00102764110965416,Omari Spellman,GSW,270,0.005197762363663229,0.07037037037037037,11.596296296296297,2019,0.0028781827873589085,0.0023195795763043202,-0.0012930515705104374,-0.0025849900371605976
202335,Patrick Patterson,OKC,208,0.0033642432380990035,0.038461538461538464,12.9375,2018,0.0020408758802788994,0.001323367357820104,Patrick Patterson,LAC,208,0.00319825632665214,0.03365384615384615,11.836538461538462,2019,0.0025595996867450537,0.0006386566399070861,-0.00016598691144686364,0.0005187238064661543
202331,Paul George,OKC,1520,0.0012658530858095786,0.020394736842105264,13.51578947368421,2018,0.0020408758802788994,-0.0007750227944693208,Paul George,LAC,746,0.002506718249754341,0.04423592493297587,12.506702412868632,2019,0.0025595996867450537,-5.288143699071256e-05,0.0012408651639447626,0.0005187238064661543
1626188,Quinn Cook,GSW,415,0.00921717677994096,0.10361445783132531,11.79277108433735,2018,0.007363875938317111,0.0018533008416238483,Quinn Cook,LAL,199,0.005828430074458031,0.06532663316582915,12.618090452261306,2019,0.002440725940030561,0.0033877041344274697,-0.003388746705482929,-0.004923149998286551
203493,Reggie Bullock,DET,400,0.0028741698171082216,0.035,11.035,2018,0.004922051463746995,-0.0020478816466387734,Reggie Bullock,NYK,214,0.003317452480084024,0.02336448598130841,12.621495327102803,2019,0.0041005662566975165,-0.0007831137766134925,0.00044328266297580243,-0.0008214852070494785
1626158,Richaun Holmes,PHX,341,0.0012921339182724093,0.03519061583577713,10.868035190615835,2018,0.002146759091804419,-0.0008546251735320096,Richaun Holmes,SAC,324,0.005976965155533889,0.06790123456790123,11.959876543209877,2019,0.0031967710103557733,0.0027801941451781153,0.004684831237261479,0.0010500119185513543
201937,Ricky Rubio,UTA,692,0.0035384129715798846,0.04046242774566474,11.77456647398844,2018,0.004862682276744761,-0.0013242693051648763,Ricky Rubio,PHX,657,0.001902377695602295,0.0289193302891933,11.508371385083715,2019,0.002659394754388722,-0.0007570170587864269,-0.0016360352759775896,-0.002203287522356039
201577,Robin Lopez,CHI,499,0.0005856081401826719,0.01002004008016032,9.59318637274549,2018,0.004602538990501259,-0.0040169308503185865,Robin Lopez,MIL,276,0.0,0.0,10.340579710144928,2019,0.003104646770481111,-0.003104646770481111,-0.0005856081401826719,-0.0014978922200201477
203918,Rodney Hood,CLE,425,0.003240026824933611,0.03294117647058824,9.694117647058823,2018,0.0032034503850075194,3.657643992609162e-05,Rodney Hood,POR,160,0.0021433582162582294,0.01875,10.7375,2019,0.002529444431716445,-0.00038608621545821583,-0.0010966686086753817,-0.0006740059532910742
203585,Rodney McGruder,MIA,417,0.008718904114007796,0.09352517985611511,11.074340527577938,2018,0.007148643423439337,0.0015702606905684587,Rodney McGruder,LAC,160,0.003696743514972375,0.0375,11.8125,2019,0.0025595996867450537,0.0011371438282273211,-0.005022160599035421,-0.004589043736694283
1626178,Rondae Hollis-Jefferson,BKN,456,0.00529837694470864,0.07675438596491228,11.532894736842104,2018,0.0029488176699788257,0.002349559274729814,Rondae Hollis-Jefferson,TOR,289,0.002791591011673073,0.05190311418685121,12.321799307958477,2019,0.002006486015841769,0.0007851049958313041,-0.002506785933035567,-0.0009423316541370568
201566,Russell Westbrook,OKC,1401,0.000925208835472214,0.021413276231263382,13.664525339043541,2018,0.0020408758802788994,-0.0011156670448066854,Russell Westbrook,HOU,1223,0.003611990913638723,0.0686835650040883,13.315617334423548,2019,0.002541289131390788,0.0010707017822479351,0.0026867820781665093,0.0005004132511118886
203552,Seth Curry,POR,428,0.0010467690023839955,0.02570093457943925,11.537383177570094,2018,0.002752402253713921,-0.0017056332513299256,Seth Curry,DAL,536,0.002724450874830489,0.03917910447761194,11.434701492537313,2019,0.004439010722064093,-0.0017145598472336036,0.0016776818724464936,0.0016866084683501716
203894,Shabazz Napier,BKN,393,0.0019154525742424936,0.030534351145038167,11.404580152671755,2018,0.0029488176699788257,-0.0010333650957363321,Shabazz Napier,MIN,266,0.0008830816887108364,0.018796992481203006,11.906015037593985,2019,0.002716211312261956,-0.0018331296235511196,-0.0010323708855316572,-0.0002326063577168698
1628983,Shai Gilgeous-Alexander,LAC,684,0.005307100994322771,0.059941520467836254,12.695906432748538,2018,0.002231417725964822,0.003075683268357949,Shai Gilgeous-Alexander,OKC,953,0.008635291489747624,0.07974816369359916,11.878279118572928,2019,0.004320066248773188,0.004315225240974436,0.003328190495424853,0.002088648522808366
203524,Solomon Hill,NOP,168,0.0031367373561311715,0.05357142857142857,12.029761904761905,2018,0.0045255858147713835,-0.001388848458640212,Solomon Hill,MEM,222,0.0029797853266951904,0.03153153153153153,12.441441441441441,2019,0.003758580016662068,-0.0007787946899668777,-0.00015695202943598113,-0.0007670057981093155
204456,T.J. McConnell,PHI,392,0.0011135161021792236,0.012755102040816327,11.946428571428571,2018,0.002481624382335538,-0.0013681082801563146,T.J. McConnell,IND,368,0.0008870195547331541,0.019021739130434784,12.054347826086957,2019,0.0036201217454124375,-0.0027331021906792834,-0.00022649654744606946,0.0011384973630768993
203933,T.J. Warren,PHX,576,0.0016044859581297065,0.020833333333333332,12.041666666666666,2018,0.002146759091804419,-0.0005422731336747124,T.J. Warren,IND,955,0.0024080780473958487,0.04397905759162304,12.43979057591623,2019,0.0036201217454124375,-0.0012120436980165889,0.0008035920892661421,0.0014733626536080186
201959,Taj Gibson,MIN,504,0.0019388455981380443,0.04563492063492063,11.285714285714286,2018,0.002892727451158712,-0.0009538818530206675,Taj Gibson,NYK,273,0.0010012659773246493,0.07692307692307693,11.633699633699633,2019,0.0041005662566975165,-0.003099300279372867,-0.0009375796208133951,0.0012078388055388046
1627752,Taurean Prince,ATL,565,0.005900532588643709,0.04424778761061947,12.32212389380531,2018,0.005463172824519506,0.00043735976412420316,Taurean Prince,BKN,711,0.002376624742156564,0.026722925457102673,11.852320675105485,2019,0.003286685467173571,-0.0009100607250170068,-0.0035239078464871453,-0.0021764873573459353
1626179,Terry Rozier,BOS,610,0.00553854566763277,0.05245901639344262,11.924590163934425,2018,0.003728356429659398,0.0018101892379733722,Terry Rozier,CHA,888,0.005913211217218099,0.06756756756756757,11.39864864864865,2019,0.006297744199677208,-0.0003845329824591088,0.0003746655495853292,0.00256938777001781
201152,Thaddeus Young,IND,787,0.0013692446344496189,0.026683608640406607,11.090216010165184,2018,0.003643888296081289,-0.0022746436616316703,Thaddeus Young,CHI,561,0.0009671382672460601,0.016042780748663103,11.650623885918003,2019,0.0024913494712326604,-0.0015242112039866003,-0.00040210636720355874,-0.0011525388248486285
203501,Tim Hardaway Jr.,NYK,694,0.0011435397472250137,0.018731988472622477,12.29971181556196,2018,0.0017286932240069039,-0.0005851534767818902,Tim Hardaway Jr.,DAL,833,0.0043488802778445974,0.04321728691476591,11.782713085234093,2019,0.004439010722064093,-9.013044421949529e-05,0.003205340530619584,0.0027103174980571887
1627789,Timothe Luwawu-Cabarrot,CHI,168,0.004735053751157144,0.05357142857142857,11.833333333333334,2018,0.004602538990501259,0.00013251476065588488,Timothe Luwawu-Cabarrot,BKN,257,0.003486253762478869,0.0311284046692607,11.933852140077821,2019,0.003286685467173571,0.00019956829530529824,-0.0012487999886782748,-0.0013158535233276881
202699,Tobias Harris,LAC,807,0.0004364156389283605,0.009913258983890954,11.490706319702602,2018,0.002231417725964822,-0.0017950020870364613,Tobias Harris,PHI,1103,0.0014359285165737013,0.030825022665457842,11.391659111514052,2019,0.002965630685135236,-0.0015297021685615345,0.0009995128776453407,0.0007342129591704138
203107,Tomas Satoransky,WAS,495,0.0011286042599533935,0.03232323232323232,11.547474747474748,2018,0.0033563221052133347,-0.002227717845259941,Tomas Satoransky,CHI,514,0.0017323115100157454,0.0311284046692607,11.84046692607004,2019,0.0024913494712326604,-0.000759037961216915,0.0006037072500623519,-0.0008649726339806743
203503,Tony Snell,MIL,336,0.00423992122909794,0.06845238095238096,12.854166666666666,2018,0.003909729202218528,0.0003301920268794119,Tony Snell,DET,351,0.0018137017022694637,0.022792022792022793,11.37037037037037,2019,0.004066974860249732,-0.002253273157980268,-0.002426219526828476,0.0001572456580312036
1626203,Treveon Graham,BKN,177,0.006934559975440289,0.03954802259887006,11.751412429378531,2018,0.0029488176699788257,0.003985742305461464,Treveon Graham,MIN,167,0.004997356862897192,0.0718562874251497,11.640718562874252,2019,0.002716211312261956,0.002281145550635236,-0.0019372031125430974,-0.0002326063577168698
2772,Trevor Ariza,WAS,479,0.0037602388115796415,0.05010438413361169,12.96659707724426,2018,0.0033563221052133347,0.00040391670636630685,Trevor Ariza,SAC,154,0.003844255315680926,0.01948051948051948,13.006493506493506,2019,0.0031967710103557733,0.0006474843053251526,8.401650410128428e-05,-0.00015955109485756144
1626168,Trey Lyles,DEN,458,0.005582148664619074,0.06331877729257641,11.519650655021834,2018,0.005145340717433413,0.00043680794718566063,Trey Lyles,SAS,324,0.00168262330138551,0.021604938271604937,11.169753086419753,2019,0.0023415263962694188,-0.0006589030948839089,-0.003899525363233564,-0.0028038143211639942
203584,Troy Daniels,PHX,263,0.0,0.0,11.756653992395437,2018,0.002146759091804419,-0.002146759091804419,Troy Daniels,LAL,154,0.001535523247163022,0.03896103896103896,12.584415584415584,2019,0.002440725940030561,-0.0009052026928675391,0.001535523247163022,0.0002939668482261422
204020,Tyler Johnson,MIA,374,0.005294126155485777,0.06417112299465241,11.419786096256685,2018,0.007148643423439337,-0.0018545172679535604,Tyler Johnson,PHX,164,0.00043180345083296403,0.024390243902439025,12.378048780487806,2019,0.002659394754388722,-0.002227591303555758,-0.004862322704652812,-0.004489248669050615
1626145,Tyus Jones,MIN,425,0.003261098498465513,0.04,12.037647058823529,2018,0.002892727451158712,0.000368371047306801,Tyus Jones,MEM,399,0.0017712902113452124,0.03759398496240601,12.671679197994987,2019,0.003758580016662068,-0.0019872898053168555,-0.0014898082871203004,0.0008658525655033562
201961,Wayne Ellington,DET,256,0.004874644838145424,0.03515625,11.60546875,2018,0.004922051463746995,-4.740662560157125e-05,Wayne Ellington,NYK,168,0.0010462220917011242,0.011904761904761904,12.095238095238095,2019,0.0041005662566975165,-0.003054344164996392,-0.0038284227464442993,-0.0008214852070494785
202083,Wesley Matthews,DAL,440,0.0013600080667470055,0.020454545454545454,10.597727272727273,2018,0.0030232966272803782,-0.0016632885605333727,Wesley Matthews,MIL,408,0.004390750749177372,0.029411764705882353,13.061274509803921,2019,0.003104646770481111,0.0012861039786962606,0.003030742682430366,8.135014320073295e-05
1626161,Willie Cauley-Stein,SAC,712,0.003602656882070471,0.05898876404494382,12.299157303370787,2018,0.005758764445376974,-0.0021561075633065034,Willie Cauley-Stein,GSW,244,0.0020928944146501624,0.020491803278688523,10.987704918032787,2019,0.0028781827873589085,-0.0007852883727087461,-0.0015097624674203086,-0.002880581658018066
201163,Wilson Chandler,PHI,194,0.0002838501734406383,0.015463917525773196,12.463917525773196,2018,0.002481624382335538,-0.0021977742088949,Wilson Chandler,BKN,175,0.003998847241803847,0.03428571428571429,10.8,2019,0.003286685467173571,0.0007121617746302759,0.0037149970683632086,0.0008050610848380326
201143,Al Horford,PHI,660,0.0012675882303284567,0.025757575757575757,11.184848484848485,2019,0.002965630685135236,-0.0016980424548067791,Al Horford,OKC,338,0.00011895272183306726,0.008875739644970414,11.127218934911243,2020,0.005704125414151664,-0.005585172692318597,-0.0011486355084953893,0.0027384947290164286
202692,Alec Burks,GSW,547,0.003936064429146911,0.043875685557586835,11.343692870201098,2019,0.0028781827873589085,0.0010578816417880026,Alec Burks,NYK,468,0.005523850689938566,0.06623931623931624,10.48076923076923,2020,0.006494309882184825,-0.0009704591922462596,0.0015877862607916546,0.003616127094825917
203458,Alex Len,ATL,242,0.00324763851010785,0.03305785123966942,11.727272727272727,2019,0.0028814600515112707,0.0003661784585965791,Alex Len,WAS,251,0.01060017624864931,0.11155378486055777,12.593625498007968,2020,0.006215137200853588,0.0043850390477957225,0.007352537738541461,0.0033336771493423173
203083,Andre Drummond,DET,617,0.0014450081744935722,0.022690437601296597,11.006482982171798,2019,0.004066974860249732,-0.0026219666857561596,Andre Drummond,CLE,354,0.001960701234689523,0.03672316384180791,10.813559322033898,2020,0.002648524005018891,-0.0006878227703293678,0.0005156930601959509,-0.001418450855230841
203952,Andrew Wiggins,MIN,743,0.0009465434542144111,0.014804845222072678,11.69313593539704,2019,0.002716211312261956,-0.0017696678580475448,Andrew Wiggins,GSW,1009,0.0019523676834179106,0.035678889990089196,11.645193260654112,2020,0.005425689024948875,-0.003473321341530964,0.0010058242292034995,0.0027094777126869187
203382,Aron Baynes,PHX,367,0.0008026141654854023,0.013623978201634877,11.098092643051771,2019,0.002659394754388722,-0.0018567805889033195,Aron Baynes,TOR,284,0.004004452555717025,0.0528169014084507,11.373239436619718,2020,0.007257243046183015,-0.00325279049046599,0.0032018383902316224,0.0045978482917942935
1626171,Bobby Portis,NYK,549,0.002091899461307959,0.03460837887067395,11.367941712204008,2019,0.0041005662566975165,-0.0020086667953895573,Bobby Portis,MIL,556,0.00781738817364635,0.1223021582733813,12.100719424460431,2020,0.006327557313363706,0.0014898308602826447,0.005725488712338391,0.0022269910566661893
203992,Bogdan Bogdanovic,SAC,711,0.0019371957836141363,0.02390998593530239,11.319268635724331,2019,0.0031967710103557733,-0.001259575226741637,Bogdan Bogdanovic,ATL,524,0.0028576494293910074,0.03435114503816794,11.276717557251908,2020,0.007700227886831521,-0.004842578457440514,0.0009204536457768711,0.004503456876475747
202954,Brad Wanamaker,BOS,342,0.010404723341077355,0.09649122807017543,12.017543859649123,2019,0.005463726772543095,0.00494099656853426,Brad Wanamaker,GSW,157,0.012361400115369988,0.10191082802547771,12.095541401273886,2020,0.005425689024948875,0.006935711090421113,0.0019566767742926327,-3.803774759422035e-05
1628971,Bruce Brown,DET,404,0.009348321794224916,0.10148514851485149,10.76980198019802,2019,0.004066974860249732,0.005281346933975185,Bruce Brown,BKN,389,0.011041438921063275,0.10025706940874037,12.115681233933161,2020,0.005067848070465321,0.005973590850597954,0.0016931171268383585,0.001000873210215589
1627854,Bryn Forbes,SAS,552,0.000510924434931463,0.010869565217391304,12.317028985507246,2019,0.0023415263962694188,-0.0018306019613379557,Bryn Forbes,MIL,509,0.003634173423095361,0.03732809430255403,13.011787819253438,2020,0.006327557313363706,-0.002693383890268345,0.003123248988163898,0.0039860309170942874
1627747,Caris LeVert,BKN,684,0.005217288969313544,0.04532163742690058,11.717836257309942,2019,0.003286685467173571,0.0019306035021399732,Caris LeVert,IND,582,0.0031639308234132726,0.048109965635738834,12.56872852233677,2020,0.002959557741548902,0.00020437308186437063,-0.0020533581459002714,-0.00032712772562466883
101108,Chris Paul,OKC,795,0.0007370657451725922,0.010062893081761006,11.778616352201258,2019,0.004320066248773188,-0.0035830005036005955,Chris Paul,PHX,815,0.000974641345287708,0.015950920245398775,11.804907975460123,2020,0.006498991070179219,-0.005524349724891511,0.00023757560011511576,0.0021789248214060314
1626174,Christian Wood,DET,464,0.01093916897983169,0.08836206896551724,11.90948275862069,2019,0.004066974860249732,0.006872194119581959,Christian Wood,HOU,597,0.006329084038679476,0.06700167504187604,11.139028475711893,2020,0.004950397050381529,0.0013786869882979466,-0.004610084941152215,0.0008834221901317975
203991,Clint Capela,HOU,359,0.002374017149788441,0.03064066852367688,12.969359331476323,2019,0.002541289131390788,-0.0001672719816023468,Clint Capela,ATL,645,0.006026389203854614,0.06046511627906977,12.248062015503876,2020,0.007700227886831521,-0.0016738386829769072,0.0036523720540661726,0.005158938755440733
1626156,D'Angelo Russell,GSW,602,0.00010615264523980382,0.0033222591362126247,12.779069767441861,2019,0.0028781827873589085,-0.0027720301421191047,D'Angelo Russell,MIN,604,0.0009123020853385766,0.013245033112582781,12.172185430463577,2020,0.003990174956396686,-0.003077872871058109,0.0008061494400987728,0.0011119921690377773
201571,D.J. Augustin,ORL,412,0.0048215658303395375,0.050970873786407765,11.71116504854369,2019,0.0024124551089562585,0.002409110721383279,D.J. Augustin,MIL,184,0.004752321449653333,0.05434782608695652,11.309782608695652,2020,0.006327557313363706,-0.0015752358637103727,-6.924438068620434e-05,0.003915102204407448
1628422,Damyean Dotson,NYK,270,0.000818034073870809,0.02962962962962963,11.944444444444445,2019,0.0041005662566975165,-0.0032825321828267072,Damyean Dotson,CLE,263,0.00278313266916371,0.04182509505703422,11.334600760456274,2020,0.002648524005018891,0.00013460866414481904,0.001965098595292901,-0.0014520422516786256
201568,Danilo Gallinari,OKC,754,0.0033917850528736647,0.046419098143236075,10.53315649867374,2019,0.004320066248773188,-0.0009282811958995232,Danilo Gallinari,ATL,419,0.005955446907321805,0.0954653937947494,9.971360381861576,2020,0.007700227886831521,-0.001744780979509716,0.0025636618544481403,0.003380161638058333
201980,Danny Green,LAL,440,0.0008966898259432299,0.020454545454545454,12.918181818181818,2019,0.002440725940030561,-0.001544036114087331,Danny Green,PHI,503,0.000650695408595248,0.015904572564612324,12.934393638170974,2020,0.003928824262810262,-0.003278128854215014,-0.00024599441734798194,0.0014880983227797012
1627761,DeAndre' Bembry,ATL,208,0.0029835956580777966,0.02403846153846154,12.024038461538462,2019,0.0028814600515112707,0.0001021356065665259,DeAndre' Bembry,TOR,212,0.014522084239851313,0.12735849056603774,12.523584905660377,2020,0.007257243046183015,0.007264841193668299,0.011538488581773518,0.004375782994671744
1626153,Delon Wright,DAL,376,0.011372648289233154,0.08776595744680851,12.058510638297872,2019,0.004439010722064093,0.006933637567169061,Delon Wright,DET,262,0.004986682317845183,0.05725190839694656,11.183206106870228,2020,0.00787462263727065,-0.0028879403194254673,-0.0063859659713879705,0.003435611915206558
203471,Dennis Schroder,OKC,887,0.0014608198717689553,0.03156708004509583,12.182638105975197,2019,0.004320066248773188,-0.0028592463770042327,Dennis Schroder,LAL,717,0.0034958323345696254,0.03905160390516039,11.655509065550907,2020,0.0028795564687995167,0.0006162758657701087,0.0020350124628006703,-0.0014405097799736711
202324,Derrick Favors,NOP,326,0.0009133262992369161,0.02147239263803681,12.128834355828221,2019,0.0032006788339259983,-0.0022873525346890824,Derrick Favors,UTA,232,0.00411958872759995,0.07758620689655173,11.60344827586207,2020,0.004567477649589203,-0.00044788892198925276,0.0032062624283630344,0.0013667988156632047
1627884,Derrick Jones Jr.,MIA,313,0.005281189966463971,0.025559105431309903,11.987220447284345,2019,0.004611777704820369,0.0006694122616436021,Derrick Jones Jr.,POR,277,0.0039345067876401275,0.036101083032490974,12.064981949458483,2020,0.004811362182151538,-0.0008768553945114107,-0.0013466831788238433,0.00019958447733116943
201565,Derrick Rose,DET,699,0.0020244407699887075,0.04148783977110158,11.696709585121603,2019,0.004066974860249732,-0.0020425340902610243,Derrick Rose,NYK,390,0.004259705100545213,0.041025641025641026,11.053846153846154,2020,0.006494309882184825,-0.0022346047816396127,0.002235264330556505,0.0024273350219350936
1628407,Dwayne Bacon,CHA,228,0.010514620245539815,0.10087719298245613,11.93859649122807,2019,0.006297744199677208,0.004216876045862607,Dwayne Bacon,ORL,692,0.003185832730950296,0.04190751445086705,11.86849710982659,2020,0.003134640253731204,5.119247721909175e-05,-0.007328787514589518,-0.003163103945946004
2730,Dwight Howard,LAL,265,0.0026358159973782214,0.03018867924528302,12.026415094339622,2019,0.002440725940030561,0.00019509005734766023,Dwight Howard,PHI,272,0.0038935265513145145,0.051470588235294115,11.360294117647058,2020,0.003928824262810262,-3.529771149574784e-05,0.001257710553936293,0.0014880983227797012
202683,Enes Freedom,BOS,320,0.001884474084400238,0.025,11.125,2019,0.005463726772543095,-0.0035792526881428567,Enes Freedom,POR,532,0.0037883980987400293,0.043233082706766915,11.300751879699249,2020,0.004811362182151538,-0.001022964083411509,0.0019039240143397913,-0.0006523645903915567
202339,Eric Bledsoe,MIL,674,0.005374319506431429,0.05637982195845697,13.681008902077151,2019,0.003104646770481111,0.0022696727359503175,Eric Bledsoe,NOP,676,0.0013419366857567135,0.03106508875739645,11.877218934911243,2020,0.005603486709813339,-0.004261550024056625,-0.004032382820674715,0.0024988399393322275
1628402,Frank Jackson,NOP,313,0.008461027386254894,0.08306709265175719,12.297124600638977,2019,0.0032006788339259983,0.005260348552328896,Frank Jackson,DET,258,0.008469551516358725,0.08527131782945736,11.534883720930232,2020,0.00787462263727065,0.0005949288790880747,8.52413010383156e-06,0.004673943803344653
202066,Garrett Temple,BKN,540,0.0006184078498913651,0.011111111111111112,11.505555555555556,2019,0.003286685467173571,-0.0026682776172822055,Garrett Temple,CHI,359,0.0024516218168967054,0.04735376044568245,11.92200557103064,2020,0.007266548176108429,-0.0048149263592117235,0.0018332139670053402,0.0039798627089348585
203914,Gary Harris,DEN,490,0.003029941841130728,0.05102040816326531,12.23265306122449,2019,0.005395912515004613,-0.002365970673873885,Gary Harris,ORL,172,0.0011521639306234187,0.01744186046511628,11.319767441860465,2020,0.003134640253731204,-0.0019824763231077857,-0.0018777779105073093,-0.0022612722612734087
202330,Gordon Hayward,BOS,669,0.0031154318011028907,0.043348281016442454,11.666666666666666,2019,0.005463726772543095,-0.0023482949714402042,Gordon Hayward,CHA,627,0.002704254708817222,0.044657097288676235,11.955342902711324,2020,0.005969645058421632,-0.00326539034960441,-0.0004111770922856687,0.0005059182858785372
202355,Hassan Whiteside,POR,651,0.0015558709266244222,0.03686635944700461,11.33794162826421,2019,0.002529444431716445,-0.000973573505092023,Hassan Whiteside,SAC,216,0.0030608495848560117,0.06944444444444445,11.606481481481481,2020,0.005168496651231135,-0.002107647066375123,0.0015049786582315896,0.0026390522195146896
203210,JaMychal Green,LAC,323,0.0010173699686242994,0.021671826625386997,12.25077399380805,2019,0.0025595996867450537,-0.0015422297181207543,JaMychal Green,DEN,344,0.006755015003693013,0.06395348837209303,11.468023255813954,2020,0.007765325806813063,-0.00101031080312005,0.005737645035068714,0.00520572612006801
201580,JaVale McGee,LAL,288,0.00502088795757533,0.04861111111111111,11.993055555555555,2019,0.002440725940030561,0.0025801620175447686,JaVale McGee,CLE,190,0.0016778680107899934,0.031578947368421054,10.463157894736842,2020,0.002648524005018891,-0.0009706559942288975,-0.0033430199467853364,0.00020779806498832975
203109,Jae Crowder,MEM,380,0.0015534456969203288,0.02894736842105263,12.83157894736842,2019,0.003758580016662068,-0.0022051343197417392,Jae Crowder,PHX,466,0.00842977834472911,0.07510729613733906,11.392703862660944,2020,0.006498991070179219,0.0019307872745498913,0.006876332647808781,0.002740411053517151
203516,James Ennis III,PHI,205,0.0027376252503506534,0.02926829268292683,12.658536585365853,2019,0.002965630685135236,-0.00022800543478458234,James Ennis III,ORL,226,0.002285606499722961,0.02654867256637168,11.508849557522124,2020,0.003134640253731204,-0.0008490337540082433,-0.0004520187506276926,0.0001690095685959684
201935,James Harden,HOU,1422,0.0023053490644725735,0.027426160337552744,12.272855133614627,2019,0.002541289131390788,-0.00023594006691821448,James Harden,BKN,543,0.004811355915857261,0.049723756906077346,11.211786372007367,2020,0.005067848070465321,-0.0002564921546080595,0.002506006851384688,0.002526558939074533
1628386,Jarrett Allen,BKN,439,0.001922325489272836,0.015945330296127564,11.765375854214122,2019,0.003286685467173571,-0.0013643599779007349,Jarrett Allen,CLE,370,0.005404841671223114,0.062162162162162166,10.354054054054053,2020,0.002648524005018891,0.002756317666204223,0.0034825161819502784,-0.0006381614621546799
201145,Jeff Green,UTA,178,0.005658547122754851,0.06179775280898876,11.247191011235955,2019,0.004899412271338144,0.000759134851416707,Jeff Green,BKN,493,0.003763714655807415,0.038539553752535496,11.71602434077079,2020,0.005067848070465321,-0.001304133414657906,-0.0018948324669474364,0.00016843579912717652
201952,Jeff Teague,MIN,295,0.0008246074493904181,0.023728813559322035,12.2,2019,0.002716211312261956,-0.0018916038628715378,Jeff Teague,BOS,178,0.007690286541365137,0.06741573033707865,10.5,2020,0.008805756374640226,-0.0011154698332750896,0.006865679091974719,0.006089545062378271
203924,Jerami Grant,DEN,588,0.011078310169219417,0.11224489795918367,11.064625850340136,2019,0.005395912515004613,0.005682397654214804,Jerami Grant,DET,855,0.01037314160362319,0.09005847953216374,10.632748538011695,2020,0.00787462263727065,0.0024985189663525396,-0.0007051685655962269,0.002478710122266038
1626196,Josh Richardson,PHI,599,0.0028347781168066586,0.03672787979966611,10.701168614357263,2019,0.002965630685135236,-0.00013085256832857722,Josh Richardson,DAL,576,0.003028373909075201,0.046875,11.333333333333334,2020,0.004111615398520322,-0.0010832414894451207,0.0001935957922685424,0.0011459847133850859
201950,Jrue Holiday,NOP,945,0.001503357002143788,0.025396825396825397,12.468783068783068,2019,0.0032006788339259983,-0.0016973218317822103,Jrue Holiday,MIL,765,0.006520944321784128,0.06797385620915032,12.54640522875817,2020,0.006327557313363706,0.00019338700842042207,0.00501758731964034,0.0031268784794377075
1628382,Justin Jackson,DAL,324,0.0021764739398200004,0.037037037037037035,11.277777777777779,2019,0.004439010722064093,-0.0022625367822440923,Justin Jackson,OKC,200,0.004162947259471846,0.025,12.21,2020,0.005704125414151664,-0.0015411781546798183,0.0019864733196518457,0.0012651146920875716
1626162,Kelly Oubre Jr.,PHX,786,0.0044390223347411,0.04580152671755725,12.408396946564885,2019,0.002659394754388722,0.0017796275803523783,Kelly Oubre Jr.,GSW,690,0.006151090978814155,0.06376811594202898,12.052173913043479,2020,0.005425689024948875,0.0007254019538652807,0.001712068644073055,0.0027662942705601527
203145,Kent Bazemore,POR,301,0.004981378506951857,0.03322259136212625,12.06312292358804,2019,0.002529444431716445,0.002451934075235412,Kent Bazemore,GSW,370,0.009333228189210816,0.07837837837837838,12.22972972972973,2020,0.005425689024948875,0.0039075391642619415,0.004351849682258959,0.0028962445932324294
1629645,Kevin Porter Jr.,CLE,381,0.003338232274339674,0.05249343832020997,11.527559055118111,2019,0.00337843142390221,-4.019914956253628e-05,Kevin Porter Jr.,HOU,330,0.008507705610354795,0.0696969696969697,11.142424242424243,2020,0.004950397050381529,0.003557308559973266,0.005169473336015121,0.0015719656264793192
1629013,Landry Shamet,LAC,370,0.0019069034574909789,0.01891891891891892,12.52972972972973,2019,0.0025595996867450537,-0.0006526962292540748,Landry Shamet,BKN,428,0.0025841298897681217,0.04439252336448598,11.792056074766355,2020,0.005067848070465321,-0.002483718180697199,0.0006772264322771429,0.002508248383720267
1628379,Luke Kennard,DET,323,0.002425998098210177,0.02476780185758514,11.06501547987616,2019,0.004066974860249732,-0.0016409767620395549,Luke Kennard,LAC,386,0.00597251862540986,0.09326424870466321,11.347150259067357,2020,0.008971038914975618,-0.0029985202895657587,0.003546520527199683,0.004904064054725887
1627736,Malik Beasley,DEN,276,0.0037497111889120633,0.04710144927536232,11.590579710144928,2019,0.005395912515004613,-0.0016462013260925496,Malik Beasley,MIN,572,0.0024817056660194313,0.026223776223776224,12.564685314685315,2020,0.003990174956396686,-0.0015084692903772545,-0.001268005522892632,-0.001405737558607927
201188,Marc Gasol,TOR,258,0.0,0.0,10.616279069767442,2019,0.002006486015841769,-0.002006486015841769,Marc Gasol,LAL,181,4.076339703432912e-05,0.0055248618784530384,11.044198895027625,2020,0.0028795564687995167,-0.0028387930717651876,4.076339703432912e-05,0.0008730704529577478
202694,Marcus Morris Sr.,NYK,582,0.0017615907613331067,0.024054982817869417,10.494845360824742,2019,0.0041005662566975165,-0.0023389754953644097,Marcus Morris Sr.,LAC,533,0.006601114115669551,0.09193245778611632,10.424015009380863,2020,0.008971038914975618,-0.0023699247993060673,0.004839523354336444,0.004870472658278102
202693,Markieff Morris,DET,343,0.0012305900330017933,0.01749271137026239,10.962099125364432,2019,0.004066974860249732,-0.0028363848272479385,Markieff Morris,LAL,353,0.00042467248733297526,0.0226628895184136,11.186968838526912,2020,0.0028795564687995167,-0.0024548839814665414,-0.000805917545668818,-0.001187418391450215
203486,Mason Plumlee,DEN,253,0.006485706062636229,0.05928853754940711,11.197628458498023,2019,0.005395912515004613,0.0010897935476316158,Mason Plumlee,DET,338,0.004316772897346899,0.0621301775147929,10.502958579881657,2020,0.00787462263727065,-0.0035578497399237517,-0.0021689331652893296,0.002478710122266038
1626149,Montrezl Harrell,LAC,741,0.003539778094478433,0.037786774628879895,12.049932523616734,2019,0.0025595996867450537,0.0009801784077333791,Montrezl Harrell,LAL,560,0.0027770620411867093,0.05178571428571429,11.101785714285715,2020,0.0028795564687995167,-0.00010249442761280743,-0.0007627160532917236,0.000319956782054463
203457,Nerlens Noel,OKC,243,0.0037256929804005833,0.06172839506172839,11.62962962962963,2019,0.004320066248773188,-0.0005943732683726046,Nerlens Noel,NYK,203,0.00834371195243577,0.10344827586206896,11.438423645320198,2020,0.006494309882184825,0.001849402070250944,0.0046180189720351865,0.0021742436334116376
203526,Raul Neto,PHI,207,0.0037114383921284487,0.043478260869565216,10.468599033816425,2019,0.002965630685135236,0.0007458077069932129,Raul Neto,WAS,434,0.00799568915123806,0.07834101382488479,12.11520737327189,2020,0.006215137200853588,0.0017805519503844725,0.004284250759109612,0.0032495065157183522
202704,Reggie Jackson,DET,176,0.0010282031132762188,0.011363636363636364,10.511363636363637,2019,0.004066974860249732,-0.003038771746973513,Reggie Jackson,LAC,543,0.006413654396843583,0.09208103130755065,11.324125230202577,2020,0.008971038914975618,-0.0025573845181320358,0.0053854512835673635,0.004904064054725887
201937,Ricky Rubio,PHX,657,0.001902377695602295,0.0289193302891933,11.508371385083715,2019,0.002659394754388722,-0.0007570170587864269,Ricky Rubio,MIN,471,0.0013416531402498746,0.025477707006369428,11.78768577494692,2020,0.003990174956396686,-0.002648521816146811,-0.0005607245553524204,0.001330780202007964
203496,Robert Covington,MIN,472,0.0016229476899404527,0.019067796610169493,12.608050847457626,2019,0.002716211312261956,-0.0010932636223215033,Robert Covington,POR,486,0.0035759086229363297,0.047325102880658436,10.864197530864198,2020,0.004811362182151538,-0.0012354535592152085,0.001952960932995877,0.0020951508698895823
201577,Robin Lopez,MIL,276,0.0,0.0,10.340579710144928,2019,0.003104646770481111,-0.003104646770481111,Robin Lopez,WAS,396,0.00013204481382241581,0.007575757575757576,10.446969696969697,2020,0.006215137200853588,-0.006083092387031172,0.00013204481382241581,0.003110490430372477
201566,Russell Westbrook,HOU,1223,0.003611990913638723,0.0686835650040883,13.315617334423548,2019,0.002541289131390788,0.0010707017822479351,Russell Westbrook,WAS,1176,0.007329985613785866,0.1096938775510204,13.204081632653061,2020,0.006215137200853588,0.0011148484129322777,0.0037179947001471426,0.0036738480694628
201586,Serge Ibaka,TOR,631,0.00031858125512876145,0.004754358161648178,11.643423137876386,2019,0.002006486015841769,-0.0016879047607130074,Serge Ibaka,LAC,345,0.001617705095532277,0.06086956521739131,11.278260869565218,2020,0.008971038914975618,-0.007353333819443341,0.0012991238404035156,0.0069645528991338496
203552,Seth Curry,DAL,536,0.002724450874830489,0.03917910447761194,11.434701492537313,2019,0.004439010722064093,-0.0017145598472336036,Seth Curry,PHI,521,0.0002143060848396157,0.007677543186180422,11.821497120921306,2020,0.003928824262810262,-0.0037145181779706465,-0.0025101447899908732,-0.0005101864592538304
203524,Solomon Hill,MEM,222,0.0029797853266951904,0.03153153153153153,12.441441441441441,2019,0.003758580016662068,-0.0007787946899668777,Solomon Hill,ATL,268,0.0035600960826767444,0.033582089552238806,10.988805970149254,2020,0.007700227886831521,-0.004140131804154777,0.000580310755981554,0.003941647870169453
1628425,Sterling Brown,MIL,242,0.007483662703754969,0.06611570247933884,12.756198347107437,2019,0.003104646770481111,0.0043790159332738575,Sterling Brown,HOU,308,0.006499029688474022,0.045454545454545456,12.266233766233766,2020,0.004950397050381529,0.0015486326380924923,-0.000984633015280947,0.0018457502799004181
203500,Steven Adams,OKC,439,0.0011651641865511842,0.018223234624145785,10.699316628701595,2019,0.004320066248773188,-0.003154902062222004,Steven Adams,NOP,289,0.0002512280677937494,0.006920415224913495,11.71280276816609,2020,0.005603486709813339,-0.005352258642019589,-0.0009139361187574348,0.001283420461040151
1629004,Svi Mykhailiuk,DET,377,0.007752684179027709,0.0636604774535809,12.47214854111406,2019,0.004066974860249732,0.003685709318777977,Svi Mykhailiuk,OKC,272,0.005565674722046188,0.04779411764705882,12.856617647058824,2020,0.005704125414151664,-0.00013845069210547626,-0.0021870094569815205,0.0016371505539019325
1627752,Taurean Prince,BKN,711,0.002376624742156564,0.026722925457102673,11.852320675105485,2019,0.003286685467173571,-0.0009100607250170068,Taurean Prince,CLE,231,0.001602882793735833,0.025974025974025976,11.688311688311689,2020,0.002648524005018891,-0.0010456412112830578,-0.0007737419484207309,-0.0006381614621546799
1629056,Terence Davis,TOR,395,0.002304897256051143,0.027848101265822784,12.49367088607595,2019,0.002006486015841769,0.00029841124020937426,Terence Davis,SAC,226,0.006419141907041551,0.061946902654867256,12.668141592920353,2020,0.005168496651231135,0.0012506452558104161,0.004114244650990408,0.003162010635389366
203503,Tony Snell,DET,351,0.0018137017022694637,0.022792022792022793,11.37037037037037,2019,0.004066974860249732,-0.002253273157980268,Tony Snell,ATL,158,0.007747779328853644,0.08860759493670886,11.537974683544304,2020,0.007700227886831521,4.755144202212274e-05,0.00593407762658418,0.003633253026581789
1628470,Torrey Craig,DEN,245,0.00739908822430254,0.04897959183673469,11.56326530612245,2019,0.005395912515004613,0.002003175709297927,Torrey Craig,PHX,167,0.008811529513256087,0.0718562874251497,11.538922155688622,2020,0.006498991070179219,0.002312538443076868,0.0014124412889535472,0.0011030785551746063
2772,Trevor Ariza,SAC,154,0.003844255315680926,0.01948051948051948,13.006493506493506,2019,0.0031967710103557733,0.0006474843053251526,Trevor Ariza,MIA,221,0.0036014500599461665,0.027149321266968326,12.027149321266968,2020,0.0031417925241476064,0.00045965753579856007,-0.00024280525573475934,-5.497848620816684e-05
202684,Tristan Thompson,CLE,503,0.003763712573548344,0.04572564612326044,10.540755467196819,2019,0.00337843142390221,0.00038528114964613393,Tristan Thompson,BOS,294,0.004776073079691124,0.061224489795918366,11.081632653061224,2020,0.008805756374640226,-0.0040296832949491025,0.00101236050614278,0.005427324950738017
204020,Tyler Johnson,PHX,164,0.00043180345083296403,0.024390243902439025,12.378048780487806,2019,0.002659394754388722,-0.002227591303555758,Tyler Johnson,BKN,170,0.0025973597844114534,0.03529411764705882,12.241176470588234,2020,0.005067848070465321,-0.0024704882860538675,0.0021655563335784894,0.002408453316076599
203506,Victor Oladipo,IND,234,0.0016930635582610655,0.021367521367521368,12.188034188034187,2019,0.0036201217454124375,-0.001927058187151372,Victor Oladipo,HOU,359,0.0025383380597942618,0.03064066852367688,11.969359331476323,2020,0.004950397050381529,-0.0024120589905872675,0.0008452745015331963,0.0013302753049690918
201961,Wayne Ellington,NYK,168,0.0010462220917011242,0.011904761904761904,12.095238095238095,2019,0.0041005662566975165,-0.003054344164996392,Wayne Ellington,DET,319,0.0002164837518794239,0.009404388714733543,11.438871473354231,2020,0.00787462263727065,-0.007658138885391227,-0.0008297383398217003,0.0037740563805731342
202083,Wesley Matthews,MIL,408,0.004390750749177372,0.029411764705882353,13.061274509803921,2019,0.003104646770481111,0.0012861039786962606,Wesley Matthews,LAL,241,0.0001076118269527438,0.004149377593360996,11.356846473029046,2020,0.0028795564687995167,-0.002771944641846773,-0.004283138922224628,-0.00022509030168159447
1626161,Willie Cauley-Stein,GSW,244,0.0020928944146501624,0.020491803278688523,10.987704918032787,2019,0.0028781827873589085,-0.0007852883727087461,Willie Cauley-Stein,DAL,173,0.0018582695518108308,0.03468208092485549,11.61271676300578,2020,0.004111615398520322,-0.002253345846709491,-0.00023462486283933157,0.0012334326111614132
203932,Aaron Gordon,ORL,267,0.0018940200187031937,0.033707865168539325,11.513108614232209,2020,0.003134640253731204,-0.0012406202350280105,Aaron Gordon,DEN,771,0.0050786373701011845,0.08171206225680934,11.977950713359274,2021,0.003990304428932179,0.0010883329411690056,0.003184617351397991,0.0008556641752009747
1628988,Aaron Holiday,IND,412,0.0065587128592959594,0.06310679611650485,12.759708737864077,2020,0.002959557741548902,0.0035991551177470575,Aaron Holiday,WAS,199,0.005677049537644209,0.08542713567839195,10.869346733668342,2021,0.004147619769487003,0.001529429768157206,-0.0008816633216517508,0.0011880620279381008
201143,Al Horford,OKC,338,0.00011895272183306726,0.008875739644970414,11.127218934911243,2020,0.005704125414151664,-0.005585172692318597,Al Horford,BOS,537,0.0017091054353332844,0.0223463687150838,11.145251396648044,2021,0.00591848999588432,-0.004209384560551036,0.001590152713500217,0.00021436458173265584
1627936,Alex Caruso,LAL,273,0.007037326095176493,0.07326007326007326,11.50915750915751,2020,0.0028795564687995167,0.004157769626376977,Alex Caruso,CHI,229,0.0042885396221199416,0.03056768558951965,11.275109170305678,2021,0.002606639052874243,0.0016819005692456984,-0.002748786473056552,-0.0002729174159252735
203458,Alex Len,WAS,251,0.01060017624864931,0.11155378486055777,12.593625498007968,2020,0.006215137200853588,0.0043850390477957225,Alex Len,SAC,164,2.239475414797385e-05,0.006097560975609756,11.75609756097561,2021,0.0021755174841892213,-0.0021531227300412474,-0.010577781494501337,-0.004039619716664366
203083,Andre Drummond,CLE,354,0.001960701234689523,0.03672316384180791,10.813559322033898,2020,0.002648524005018891,-0.0006878227703293678,Andre Drummond,PHI,210,0.00378649275063509,0.04285714285714286,11.847619047619048,2021,0.002151057632574419,0.0016354351180606708,0.0018257915159455669,-0.0004974663724444718
203463,Ben McLemore,HOU,207,0.0030397894506452123,0.043478260869565216,12.618357487922705,2020,0.004950397050381529,-0.001910607599736317,Ben McLemore,POR,501,0.002337180674480276,0.03792415169660679,12.095808383233534,2021,0.0028957951503939703,-0.0005586144759136945,-0.0007026087761649365,-0.002054601899987559
201933,Blake Griffin,DET,192,0.0009125054926440879,0.015625,9.833333333333334,2020,0.00787462263727065,-0.006962117144626563,Blake Griffin,BKN,282,0.0015415349705121314,0.02127659574468085,11.897163120567376,2021,0.0022927488486798836,-0.0007512138781677522,0.0006290294778680434,-0.005581873788590767
1627854,Bryn Forbes,MIL,509,0.003634173423095361,0.03732809430255403,13.011787819253438,2020,0.006327557313363706,-0.002693383890268345,Bryn Forbes,SAS,281,0.0006673539309995869,0.014234875444839857,13.103202846975089,2021,0.004434622052254521,-0.0037672681212549343,-0.002966819492095774,-0.0018929352611091847
1628997,Caleb Martin,CHA,230,0.0104046381559055,0.10869565217391304,11.791304347826086,2020,0.005969645058421632,0.004434993097483867,Caleb Martin,MIA,371,0.008086471864995858,0.07277628032345014,11.830188679245284,2021,0.0047823413352476194,0.003304130529748238,-0.002318166290909642,-0.0011873037231740127
2546,Carmelo Anthony,POR,714,0.003784910255701305,0.07983193277310924,10.441176470588236,2020,0.004811362182151538,-0.0010264519264502332,Carmelo Anthony,LAL,658,0.0013546576468596327,0.0182370820668693,11.934650455927052,2021,0.003365977278153823,-0.0020113196312941902,-0.0024302526088416723,-0.0014453849039977153
202709,Cory Joseph,SAC,230,0.004174345160280469,0.0391304347826087,11.265217391304347,2020,0.005168496651231135,-0.000994151490950666,Cory Joseph,DET,357,0.0004144302074275204,0.0056022408963585435,10.210084033613445,2021,0.0028379668694300114,-0.002423536662002491,-0.0037599149528529485,-0.0023305297818011234
1628464,Daniel Theis,BOS,259,0.013949629485458753,0.15057915057915058,11.18918918918919,2020,0.008805756374640226,0.005143873110818526,Daniel Theis,HOU,163,0.0007446719398482365,0.04294478527607362,10.85276073619632,2021,0.005630509275474888,-0.004885837335626652,-0.013204957545610517,-0.0031752470991653382
1627761,DeAndre' Bembry,TOR,212,0.014522084239851313,0.12735849056603774,12.523584905660377,2020,0.007257243046183015,0.007264841193668299,DeAndre' Bembry,BKN,201,0.005868730232817757,0.06965174129353234,12.393034825870647,2021,0.0022927488486798836,0.0035759813841378736,-0.008653354007033556,-0.004964494197503132
201942,DeMar DeRozan,SAS,849,0.0013849537252967207,0.02120141342756184,11.037691401648999,2020,0.004400283520212562,-0.0030153297949158412,DeMar DeRozan,CHI,1434,0.0005705514817365399,0.019525801952580194,10.927475592747559,2021,0.002606639052874243,-0.0020360875711377033,-0.0008144022435601808,-0.0017936444673383187
202326,DeMarcus Cousins,HOU,192,0.0034206243139667946,0.036458333333333336,11.28125,2020,0.004950397050381529,-0.0015297727364147347,DeMarcus Cousins,DEN,192,0.006022826958302395,0.07291666666666667,10.270833333333334,2021,0.003990304428932179,0.002032522529370216,0.0026022026443356006,-0.0009600926214493504
1626153,Delon Wright,DET,262,0.004986682317845183,0.05725190839694656,11.183206106870228,2020,0.00787462263727065,-0.0028879403194254673,Delon Wright,ATL,249,0.004851605667275513,0.04819277108433735,11.65863453815261,2021,0.002556932725859497,0.0022946729414160157,-0.00013507665056967065,-0.005317689911411154
203471,Dennis Schroder,LAL,717,0.0034958323345696254,0.03905160390516039,11.655509065550907,2020,0.0028795564687995167,0.0006162758657701087,Dennis Schroder,BOS,535,0.005858918886037408,0.07289719626168224,11.226168224299066,2021,0.00591848999588432,-5.95711098469124e-05,0.0023630865514677824,0.0030389335270848035
202324,Derrick Favors,UTA,232,0.00411958872759995,0.07758620689655173,11.60344827586207,2020,0.004567477649589203,-0.00044788892198925276,Derrick Favors,OKC,173,0.00025037900189973694,0.011560693641618497,10.421965317919074,2021,0.003508899292556898,-0.003258520290657161,-0.0038692097257002132,-0.0010585783570323049
1627884,Derrick Jones Jr.,POR,277,0.0039345067876401275,0.036101083032490974,12.064981949458483,2020,0.004811362182151538,-0.0008768553945114107,Derrick Jones Jr.,CHI,179,0.0021030666588621656,0.0111731843575419,12.156424581005586,2021,0.002606639052874243,-0.0005035723940120776,-0.001831440128777962,-0.002204723129277295
1628984,Devonte' Graham,CHA,605,0.0018981628342130544,0.023140495867768594,11.71404958677686,2020,0.005969645058421632,-0.0040714822242085775,Devonte' Graham,NOP,739,0.0016421744545325378,0.02165087956698241,11.427604871447903,2021,0.0037046001408367873,-0.0020624256863042492,-0.0002559883796805166,-0.002265044917584845
1628978,Donte DiVincenzo,MIL,578,0.0039672458657433315,0.031141868512110725,13.73356401384083,2020,0.006327557313363706,-0.0023603114476203743,Donte DiVincenzo,SAC,207,0.0004471155797348638,0.00966183574879227,12.72463768115942,2021,0.0021755174841892213,-0.0017284019044543576,-0.0035201302860084676,-0.004152039829174484
203926,Doug McDermott,IND,636,0.0026607238364304395,0.029874213836477988,12.91194968553459,2020,0.002959557741548902,-0.00029883390511846247,Doug McDermott,SAS,454,0.00467334207758888,0.05286343612334802,13.222466960352422,2021,0.004434622052254521,0.00023872002533435917,0.0020126182411584407,0.001475064310705619
1629234,Drew Eubanks,SAS,186,0.012338133193177062,0.10215053763440861,11.220430107526882,2020,0.004400283520212562,0.0079378496729645,Drew Eubanks,POR,203,0.0011833764339787903,0.014778325123152709,10.266009852216749,2021,0.0028957951503939703,-0.00171241871641518,-0.011154756759198272,-0.0015044883698185916
2730,Dwight Howard,PHI,272,0.0038935265513145145,0.051470588235294115,11.360294117647058,2020,0.003928824262810262,-3.529771149574784e-05,Dwight Howard,LAL,211,0.0032154680726223304,0.02843601895734597,11.516587677725118,2021,0.003365977278153823,-0.0001505092055314925,-0.000678058478692184,-0.0005628469846564394
203901,Elfrid Payton,NYK,578,0.006042125364760006,0.06920415224913495,11.250865051903114,2020,0.006494309882184825,-0.0004521845174248196,Elfrid Payton,PHX,164,0.01891515812332258,0.23170731707317074,11.652439024390244,2021,0.006585079126639953,0.012330078996682627,0.012873032758562573,9.076924445512724e-05
202339,Eric Bledsoe,NOP,676,0.0013419366857567135,0.03106508875739645,11.877218934911243,2020,0.005603486709813339,-0.004261550024056625,Eric Bledsoe,LAC,442,0.0019657196819867807,0.03167420814479638,11.289592760180996,2021,0.002485968509287513,-0.0005202488273007323,0.0006237829962300672,-0.0031175182005258257
1629672,Eric Paschall,GSW,288,0.0077357935643548635,0.1111111111111111,11.180555555555555,2020,0.005425689024948875,0.002310104539405989,Eric Paschall,UTA,217,0.007804218507002015,0.055299539170506916,11.235023041474655,2021,0.00603869635187177,0.0017655221551302449,6.84249426471514e-05,0.0006130073269228955
203095,Evan Fournier,ORL,344,0.0011630175168288392,0.00872093023255814,11.383720930232558,2020,0.003134640253731204,-0.0019716227369023648,Evan Fournier,NYK,893,0.0005981733685837841,0.013437849944008958,11.241881298992162,2021,0.00219752935091841,-0.0015993559823346258,-0.0005648441482450551,-0.0009371109028127943
202066,Garrett Temple,CHI,359,0.0024516218168967054,0.04735376044568245,11.92200557103064,2020,0.007266548176108429,-0.0048149263592117235,Garrett Temple,NOP,270,0.002322411434327554,0.022222222222222223,11.514814814814814,2021,0.0037046001408367873,-0.0013821887065092334,-0.00012921038256915153,-0.003561948035271642
1629726,Garrison Mathews,WAS,223,0.003966447227106982,0.02242152466367713,12.434977578475337,2020,0.006215137200853588,-0.002248689973746606,Garrison Mathews,HOU,439,0.0012894280130098434,0.011389521640091117,12.20501138952164,2021,0.005630509275474888,-0.004341081262465045,-0.0026770192140971386,-0.0005846279253786998
1629018,Gary Trent Jr.,POR,498,0.005988158682983913,0.040160642570281124,11.393574297188755,2020,0.004811362182151538,0.0011767965008323746,Gary Trent Jr.,TOR,1007,0.004254576867633553,0.039721946375372394,11.503475670307845,2021,0.007026973544100006,-0.002772396676466453,-0.0017335818153503598,0.002215611361948468
1627777,Georges Niang,UTA,386,0.004157900738708208,0.03367875647668394,11.645077720207254,2020,0.004567477649589203,-0.0004095769108809948,Georges Niang,PHI,521,0.0012055329949103232,0.02111324376199616,11.078694817658349,2021,0.002151057632574419,-0.0009455246376640959,-0.0029523677437978853,-0.002416420017014784
1628960,Grayson Allen,MEM,400,0.0044691032223438485,0.055,13.085,2020,0.0045976265523899485,-0.0001285233300461,Grayson Allen,MIL,541,0.0019535304041621163,0.018484288354898338,11.853974121996304,2021,0.0031737459338595643,-0.001220215529697448,-0.002515572818181732,-0.0014238806185303842
1628977,Hamidou Diallo,OKC,268,0.008526735518249971,0.06343283582089553,12.652985074626866,2020,0.005704125414151664,0.002822610104098307,Hamidou Diallo,DET,482,0.003992968077729134,0.05186721991701245,12.504149377593361,2021,0.0028379668694300114,0.0011550012082991229,-0.004533767440520837,-0.002866158544721653
202355,Hassan Whiteside,SAC,216,0.0030608495848560117,0.06944444444444445,11.606481481481481,2020,0.005168496651231135,-0.002107647066375123,Hassan Whiteside,UTA,306,0.0066574887544986845,0.08496732026143791,12.055555555555555,2021,0.00603869635187177,0.0006187924026269144,0.0035966391696426727,0.0008701997006406352
201580,JaVale McGee,CLE,190,0.0016778680107899934,0.031578947368421054,10.463157894736842,2020,0.002648524005018891,-0.0009706559942288975,JaVale McGee,PHX,416,0.00985299701568194,0.07211538461538461,11.32451923076923,2021,0.006585079126639953,0.003267917889041988,0.008175129004891948,0.003936555121621062
201949,James Johnson,NOP,169,0.006827246989522376,0.047337278106508875,11.905325443786982,2020,0.005603486709813339,0.0012237602797090371,James Johnson,BKN,275,0.0041757518875547035,0.05818181818181818,11.341818181818182,2021,0.0022927488486798836,0.0018830030388748199,-0.0026514951019676724,-0.003310737861133455
201145,Jeff Green,BKN,493,0.003763714655807415,0.038539553752535496,11.71602434077079,2020,0.005067848070465321,-0.001304133414657906,Jeff Green,DEN,491,0.005417058053185452,0.04684317718940937,11.016293279022403,2021,0.003990304428932179,0.0014267536242532734,0.0016533433973780374,-0.001077543641533142
1628975,Jevon Carter,PHX,208,0.011145691888460882,0.09615384615384616,11.913461538461538,2020,0.006498991070179219,0.004646700818281663,Jevon Carter,BKN,161,0.0015891063033437562,0.031055900621118012,12.881987577639752,2021,0.0022927488486798836,-0.0007036425453361274,-0.009556585585117126,-0.004206242221499335
202685,Jonas Valanciunas,MEM,705,0.0009472876061311303,0.03546099290780142,11.334751773049645,2020,0.0045976265523899485,-0.003650338946258818,Jonas Valanciunas,NOP,872,0.00013582142971179027,0.005733944954128441,10.64334862385321,2021,0.0037046001408367873,-0.003568778711124997,-0.00081146617641934,-0.0008930264115531612
1626196,Josh Richardson,DAL,576,0.003028373909075201,0.046875,11.333333333333334,2020,0.004111615398520322,-0.0010832414894451207,Josh Richardson,BOS,311,0.003758251574688979,0.05787781350482315,11.009646302250804,2021,0.00591848999588432,-0.0021602384211953413,0.0007298776656137779,0.0018068745973639985
203482,Kelly Olynyk,MIA,359,0.0022909580219310118,0.019498607242339833,12.161559888579387,2020,0.0031417925241476064,-0.0008508345022165947,Kelly Olynyk,DET,255,0.0005836826092542176,0.023529411764705882,11.905882352941177,2021,0.0028379668694300114,-0.0022542842601757937,-0.001707275412676794,-0.000303825654717595
1626162,Kelly Oubre Jr.,GSW,690,0.006151090978814155,0.06376811594202898,12.052173913043479,2020,0.005425689024948875,0.0007254019538652807,Kelly Oubre Jr.,CHA,870,0.003069801315107154,0.041379310344827586,12.175862068965516,2021,0.0065398012296295,-0.003469999914522346,-0.0030812896637070013,0.0011141122046806253
202689,Kemba Walker,BOS,631,0.007511298188822992,0.09033280507131537,12.19175911251981,2020,0.008805756374640226,-0.001294458185817234,Kemba Walker,NYK,347,0.0004264049231757057,0.008645533141210375,11.331412103746398,2021,0.00219752935091841,-0.0017711244277427043,-0.007084893265647286,-0.0066082270237218165
203484,Kentavious Caldwell-Pope,LAL,475,0.0007939638981921777,0.008421052631578947,12.72,2020,0.0028795564687995167,-0.002085592570607339,Kentavious Caldwell-Pope,WAS,783,0.0027765708317590136,0.034482758620689655,11.724137931034482,2021,0.004147619769487003,-0.0013710489377279892,0.001982606933566836,0.001268063300687486
203920,Khem Birch,ORL,191,0.006886200566007483,0.08376963350785341,11.397905759162304,2020,0.003134640253731204,0.003751560312276279,Khem Birch,TOR,186,0.011551031109657132,0.10215053763440861,11.155913978494624,2021,0.007026973544100006,0.004524057565557126,0.004664830543649649,0.003892333290368802
1628398,Kyle Kuzma,LAL,689,0.002959861397296344,0.03918722786647315,12.145137880986937,2020,0.0028795564687995167,8.030492849682739e-05,Kyle Kuzma,WAS,861,0.0012400528823016178,0.024390243902439025,11.339140534262485,2021,0.004147619769487003,-0.002907566887185385,-0.0017198085149947263,0.001268063300687486
200768,Kyle Lowry,TOR,558,0.006245950877733429,0.06630824372759857,13.03225806451613,2020,0.007257243046183015,-0.0010112921684495863,Kyle Lowry,MIA,586,0.0038081823925281513,0.04607508532423208,11.895904436860068,2021,0.0047823413352476194,-0.0009741589427194682,-0.0024377684852052773,-0.0024749017109353955
200746,LaMarcus Aldridge,SAS,237,0.0013277699948651151,0.029535864978902954,10.092827004219409,2020,0.004400283520212562,-0.0030725135253474468,LaMarcus Aldridge,BKN,431,0.0005599673893353869,0.02320185614849188,10.902552204176335,2021,0.0022927488486798836,-0.0017327814593444965,-0.0007678026055297282,-0.0021075346715326783
1629013,Landry Shamet,BKN,428,0.0025841298897681217,0.04439252336448598,11.792056074766355,2020,0.005067848070465321,-0.002483718180697199,Landry Shamet,PHX,456,0.006098716634497858,0.05921052631578947,12.052631578947368,2021,0.006585079126639953,-0.00048636249214209504,0.003514586744729736,0.0015172310561746317
1626204,Larry Nance Jr.,CLE,237,0.0005421475589014379,0.004219409282700422,10.877637130801688,2020,0.002648524005018891,-0.002106376446117453,Larry Nance Jr.,POR,184,0.0013545136389356807,0.021739130434782608,11.13586956521739,2021,0.0028957951503939703,-0.0015412815114582896,0.0008123660800342428,0.00024727114537507946
1628374,Lauri Markkanen,CHI,498,0.007646743034813356,0.06626506024096386,11.710843373493976,2020,0.007266548176108429,0.000380194858704927,Lauri Markkanen,CLE,639,0.0014409614408030192,0.023474178403755867,11.701095461658841,2021,0.0027694652804445075,-0.0013285038396414883,-0.006205781594010337,-0.004497082895663922
1628366,Lonzo Ball,NOP,667,0.0025934324539656608,0.038980509745127435,12.37631184407796,2020,0.005603486709813339,-0.003010054255847678,Lonzo Ball,CHI,356,0.003651724207228642,0.03932584269662921,12.337078651685394,2021,0.002606639052874243,0.001045085154354399,0.0010582917532629813,-0.0029968476569390955
101150,Lou Williams,LAC,405,0.01858434972246335,0.291358024691358,12.197530864197532,2020,0.008971038914975618,0.009613310807487731,Lou Williams,ATL,294,0.004843779075747158,0.1054421768707483,12.268707482993197,2021,0.002556932725859497,0.002286846349887661,-0.013740570646716192,-0.006414106189116121
1628370,Malik Monk,CHA,367,0.00298713038056145,0.03814713896457766,11.771117166212534,2020,0.005969645058421632,-0.002982514677860182,Malik Monk,LAL,763,0.006293559895863046,0.05242463958060288,12.47051114023591,2021,0.003365977278153823,0.002927582617709223,0.0033064295153015957,-0.002603667780267809
203486,Mason Plumlee,DET,338,0.004316772897346899,0.0621301775147929,10.502958579881657,2020,0.00787462263727065,-0.0035578497399237517,Mason Plumlee,CHA,294,0.0045776100845614995,0.06802721088435375,12.193877551020408,2021,0.0065398012296295,-0.0019621911450680004,0.00026083718721460047,-0.0013348214076411508
1626149,Montrezl Harrell,LAL,560,0.0027770620411867093,0.05178571428571429,11.101785714285715,2020,0.0028795564687995167,-0.00010249442761280743,Montrezl Harrell,WAS,343,0.002919292008145735,0.043731778425655975,11.306122448979592,2021,0.004147619769487003,-0.0012283277613412678,0.00014222996695902566,0.001268063300687486
202696,Nikola Vucevic,ORL,876,0.00019313996766729023,0.00228310502283105,10.932648401826484,2020,0.003134640253731204,-0.002941500286063914,Nikola Vucevic,CHI,1088,0.000204776564480152,0.008272058823529412,11.113970588235293,2021,0.002606639052874243,-0.002401862488394091,1.163659681286178e-05,-0.000528001200856961
1626181,Norman Powell,TOR,526,0.005214248378705502,0.051330798479087454,12.602661596958175,2020,0.007257243046183015,-0.0020429946674775127,Norman Powell,POR,508,0.004237242697495028,0.03937007874015748,12.291338582677165,2021,0.0028957951503939703,0.001341447547101058,-0.0009770056812104739,-0.004361447895789045
203490,Otto Porter Jr.,CHI,190,0.002736351874577608,0.05263157894736842,11.615789473684211,2020,0.007266548176108429,-0.004530196301530821,Otto Porter Jr.,GSW,388,0.0005972021947504162,0.01288659793814433,11.646907216494846,2021,0.004495498815915073,-0.003898296621164657,-0.002139149679827192,-0.0027710493601933563
201976,Patrick Beverley,LAC,203,0.009807378409513559,0.09359605911330049,11.364532019704434,2020,0.008971038914975618,0.0008363394945379403,Patrick Beverley,MIN,405,0.004730490083289476,0.05925925925925926,11.318518518518518,2021,0.005069328026399358,-0.0003388379431098817,-0.005076888326224082,-0.0039017108885762604
201988,Patty Mills,SAS,561,0.000635708807253509,0.008912655971479501,11.975044563279857,2020,0.004400283520212562,-0.003764574712959053,Patty Mills,BKN,754,0.0017993582953678866,0.017241379310344827,12.092838196286472,2021,0.0022927488486798836,-0.0004933905533119969,0.0011636494881143776,-0.0021075346715326783
1630173,Precious Achiuwa,MIA,210,0.007027875053843201,0.07142857142857142,11.757142857142858,2020,0.0031417925241476064,0.0038860825296955946,Precious Achiuwa,TOR,557,0.013763966021926994,0.11131059245960502,11.628366247755835,2021,0.007026973544100006,0.006736992477826988,0.006736090968083793,0.0038851810199523997
203493,Reggie Bullock,NYK,529,0.002005357622788711,0.024574669187145556,12.245746691871455,2020,0.006494309882184825,-0.004488952259396115,Reggie Bullock,DAL,469,0.001176832494314432,0.014925373134328358,12.125799573560768,2021,0.002215096623250949,-0.0010382641289365167,-0.0008285251284742788,-0.0042792132589338765
201937,Ricky Rubio,MIN,471,0.0013416531402498746,0.025477707006369428,11.78768577494692,2020,0.003990174956396686,-0.002648521816146811,Ricky Rubio,CLE,376,0.0034854672086013522,0.04521276595744681,11.23936170212766,2021,0.0027694652804445075,0.0007160019281568447,0.0021438140683514777,-0.0012207096759521783
201577,Robin Lopez,WAS,396,0.00013204481382241581,0.007575757575757576,10.446969696969697,2020,0.006215137200853588,-0.006083092387031172,Robin Lopez,ORL,188,0.0,0.0,9.574468085106384,2021,0.002659477789560434,-0.002659477789560434,-0.00013204481382241581,-0.003555659411293154
200752,Rudy Gay,SAS,590,0.001360037615191421,0.013559322033898305,11.327118644067797,2020,0.004400283520212562,-0.003040245905021141,Rudy Gay,UTA,357,0.003449397230259952,0.0392156862745098,10.957983193277311,2021,0.00603869635187177,-0.002589299121611818,0.002089359615068531,0.0016384128316592082
201566,Russell Westbrook,WAS,1176,0.007329985613785866,0.1096938775510204,13.204081632653061,2020,0.006215137200853588,0.0011148484129322777,Russell Westbrook,LAL,1145,0.004363213643162747,0.06375545851528384,12.487336244541485,2021,0.003365977278153823,0.0009972363650089244,-0.0029667719706231183,-0.002849159922699765
1626169,Stanley Johnson,TOR,215,0.00479998195310314,0.05116279069767442,11.790697674418604,2020,0.007257243046183015,-0.002457261093079875,Stanley Johnson,LAL,232,0.0030323497369263742,0.05603448275862069,10.818965517241379,2021,0.003365977278153823,-0.0003336275412274487,-0.0017676322161767656,-0.003891265768029192
203500,Steven Adams,NOP,289,0.0002512280677937494,0.006920415224913495,11.71280276816609,2020,0.005603486709813339,-0.005352258642019589,Steven Adams,MEM,359,0.0019830148346011395,0.036211699164345405,11.983286908077995,2021,0.004839102881859405,-0.002856088047258265,0.00173178676680739,-0.0007643838279539341
1629004,Svi Mykhailiuk,OKC,272,0.005565674722046188,0.04779411764705882,12.856617647058824,2020,0.005704125414151664,-0.00013845069210547626,Svi Mykhailiuk,TOR,221,0.004306008032567946,0.04524886877828054,13.02262443438914,2021,0.007026973544100006,-0.0027209655115320603,-0.0012596666894782423,0.0013228481299483417
1627752,Taurean Prince,CLE,231,0.001602882793735833,0.025974025974025976,11.688311688311689,2020,0.002648524005018891,-0.0010456412112830578,Taurean Prince,MIN,365,0.004908430104710128,0.057534246575342465,12.454794520547946,2021,0.005069328026399358,-0.00016089792168923027,0.0033055473109742948,0.002420804021380467
1627789,Timothe Luwawu-Cabarrot,BKN,334,0.0068183209848272424,0.05089820359281437,12.251497005988025,2020,0.005067848070465321,0.0017504729143619216,Timothe Luwawu-Cabarrot,ATL,172,0.0025458224492036483,0.03488372093023256,12.203488372093023,2021,0.002556932725859497,-1.1110276655848777e-05,-0.004272498535623594,-0.0025109153446058238
1628470,Torrey Craig,PHX,167,0.008811529513256087,0.0718562874251497,11.538922155688622,2020,0.006498991070179219,0.002312538443076868,Torrey Craig,IND,267,0.0020049081204840434,0.02247191011235955,11.51685393258427,2021,0.004191499362736147,-0.0021865912422521037,-0.006806621392772044,-0.002307491707443072
201961,Wayne Ellington,DET,319,0.0002164837518794239,0.009404388714733543,11.438871473354231,2020,0.00787462263727065,-0.007658138885391227,Wayne Ellington,LAL,219,0.00026905212439215384,0.0136986301369863,11.703196347031964,2021,0.003365977278153823,-0.003096925153761669,5.2568372512729934e-05,-0.004508645359116828
1628976,Wendell Carter Jr.,CHI,246,0.016252679567273293,0.15447154471544716,11.268292682926829,2020,0.007266548176108429,0.008986131391164864,Wendell Carter Jr.,ORL,641,0.0014819476913842662,0.0187207488299532,11.698907956318253,2021,0.002659477789560434,-0.0011775300981761677,-0.014770731875889027,-0.0046070703865479954
202083,Wesley Matthews,LAL,241,0.0001076118269527438,0.004149377593360996,11.356846473029046,2020,0.0028795564687995167,-0.002771944641846773,Wesley Matthews,MIL,209,0.0039972639728215915,0.0430622009569378,12.291866028708133,2021,0.0031737459338595643,0.0008235180389620273,0.0038896521458688478,0.0002941894650600476
1628988,Aaron Holiday,WAS,199,0.005677049537644209,0.08542713567839195,10.869346733668342,2021,0.004147619769487003,0.001529429768157206,Aaron Holiday,ATL,207,0.006393268745935077,0.06280193236714976,11.666666666666666,2022,0.003103577431239238,0.0032896913146958392,0.0007162192082908686,-0.0010440423382477647
1630174,Aaron Nesmith,BOS,169,0.00939324235835279,0.09467455621301775,11.692307692307692,2021,0.00591848999588432,0.0034747523624684695,Aaron Nesmith,IND,560,0.002764384681852363,0.033928571428571426,12.407142857142857,2022,0.0034551184168685294,-0.0006907337350161662,-0.006628857676500427,-0.002463371579015791
202692,Alec Burks,NYK,666,0.0016589592701470013,0.024024024024024024,10.36936936936937,2021,0.00219752935091841,-0.0005385700807714086,Alec Burks,DET,430,0.001479198059300477,0.01627906976744186,11.255813953488373,2022,0.003311799864148347,-0.0018326018048478699,-0.00017976121084652434,0.001114270513229937
203083,Andre Drummond,PHI,210,0.00378649275063509,0.04285714285714286,11.847619047619048,2021,0.002151057632574419,0.0016354351180606708,Andre Drummond,CHI,256,0.0018461405779963487,0.01953125,12.48828125,2022,0.0022688573337294646,-0.0004227167557331159,-0.0019403521726387412,0.00011779970115504551
203085,Austin Rivers,DEN,324,0.002882551527395193,0.033950617283950615,10.762345679012345,2021,0.003990304428932179,-0.0011077529015369857,Austin Rivers,MIN,191,0.006218275529350138,0.05235602094240838,11.094240837696335,2022,0.0044233625292542005,0.0017949130000959376,0.003335724001954945,0.0004330581003220216
202711,Bojan Bogdanovic,UTA,881,0.00553388620150177,0.0681044267877412,11.996594778660613,2021,0.00603869635187177,-0.0005048101503699999,Bojan Bogdanovic,DET,836,0.0018924650310826808,0.02033492822966507,11.641148325358852,2022,0.003311799864148347,-0.001419334833065666,-0.003641421170419089,-0.002726896487723423
1628971,Bruce Brown,BKN,471,0.003834804643588845,0.059447983014861996,11.530785562632696,2021,0.0022927488486798836,0.0015420557949089612,Bruce Brown,DEN,685,0.007017070490958963,0.07591240875912408,11.782481751824818,2022,0.005237819774631673,0.0017792507163272896,0.003182265847370118,0.00294507092595179
1627741,Buddy Hield,SAC,646,0.002673892458814577,0.020123839009287926,12.873065015479876,2021,0.0021755174841892213,0.0004983749746253555,Buddy Hield,IND,974,0.0009749795898609546,0.012320328542094456,13.169404517453799,2022,0.0034551184168685294,-0.0024801388270075746,-0.001698912868953622,0.001279600932679308
203468,CJ McCollum,POR,623,4.465837555315838e-05,0.0032102728731942215,11.648475120385232,2021,0.0028957951503939703,-0.002851136774840812,CJ McCollum,NOP,1283,0.0009674067772148068,0.02494154325798909,12.161340607950116,2022,0.004405856486619022,-0.0034384497094042147,0.0009227484016616484,0.0015100613362250513
1629629,Cam Reddish,ATL,332,0.0029875242905850067,0.06325301204819277,11.891566265060241,2021,0.002556932725859497,0.00043059156472550954,Cam Reddish,POR,163,0.004967481480703879,0.03680981595092025,11.496932515337424,2022,0.0029980643045720607,0.001969417176131818,0.001979957190118872,0.00044113157871256354
1629661,Cameron Johnson,PHX,565,0.010724173108216712,0.08141592920353982,12.357522123893805,2021,0.006585079126639953,0.004139093981576759,Cameron Johnson,BKN,281,0.0008331106796072344,0.017793594306049824,11.686832740213523,2022,0.0023918874516389217,-0.0015587767720316873,-0.009891062428609477,-0.004193191675001031
1627747,Caris LeVert,IND,584,0.003137389429331302,0.05650684931506849,11.48458904109589,2021,0.004191499362736147,-0.0010541099334048453,Caris LeVert,CLE,673,0.0008265894731545064,0.022288261515601784,11.043090638930163,2022,0.0021441210570112847,-0.0013175315838567783,-0.0023107999561767954,-0.0020473783057248624
1626174,Christian Wood,HOU,831,0.004857604354936175,0.04693140794223827,11.012033694344163,2021,0.005630509275474888,-0.0007729049205387134,Christian Wood,DAL,711,0.004841241875119132,0.053445850914205346,10.81575246132208,2022,0.002441806112953022,0.0023994357621661103,-1.636247981704267e-05,-0.0031887031625218664
1627814,Damion Lee,GSW,349,0.003635180908562973,0.04011461318051576,11.246418338108883,2021,0.004495498815915073,-0.0008603179073520999,Damion Lee,PHX,424,0.0025732525894193756,0.03537735849056604,11.132075471698114,2022,0.004059602487786356,-0.0014863498983669807,-0.0010619283191435976,-0.00043589632812871676
202722,Davis Bertans,WAS,165,0.002152707016120115,0.01818181818181818,11.557575757575757,2021,0.004147619769487003,-0.0019949127533668877,Davis Bertans,DAL,156,0.000294097557100322,0.00641025641025641,12.121794871794872,2022,0.002441806112953022,-0.0021477085558526997,-0.001858609459019793,-0.0017058136565339809
1629001,De'Anthony Melton,MEM,647,0.007743413589096104,0.08964451313755796,13.052550231839259,2021,0.004839102881859405,0.002904310707236699,De'Anthony Melton,PHI,608,0.005035057574200654,0.05756578947368421,12.03125,2022,0.003942111999408586,0.0010929455747920678,-0.0027083560148954498,-0.0008969908824508184
1627749,Dejounte Murray,SAS,1175,0.0022191458404926924,0.02723404255319149,12.746382978723405,2021,0.004434622052254521,-0.0022154762117618286,Dejounte Murray,ATL,1249,0.0018637783007511232,0.02241793434747798,12.095276220976782,2022,0.003103577431239238,-0.0012397991304881149,-0.00035536753974156924,-0.001331044621015283
1626153,Delon Wright,ATL,249,0.004851605667275513,0.04819277108433735,11.65863453815261,2021,0.002556932725859497,0.0022946729414160157,Delon Wright,WAS,262,0.008988061646871248,0.08015267175572519,11.187022900763358,2022,0.005666099304321669,0.0033219623425495785,0.004136455979595735,0.0031091665784621723
203471,Dennis Schroder,BOS,535,0.005858918886037408,0.07289719626168224,11.226168224299066,2021,0.00591848999588432,-5.95711098469124e-05,Dennis Schroder,LAL,621,0.002796814046773849,0.040257648953301126,11.210950080515298,2022,0.002415906139108317,0.0003809079076655319,-0.0030621048392635588,-0.003502583856776003
1628372,Dennis Smith Jr.,POR,175,0.01397595410760404,0.11428571428571428,10.937142857142858,2021,0.0028957951503939703,0.011080158957210071,Dennis Smith Jr.,CHA,410,0.005969432639026089,0.07073170731707316,10.960975609756098,2022,0.003434975792995209,0.0025344568460308804,-0.008006521468577952,0.0005391806426012385
1628401,Derrick White,SAS,535,0.0020118153875835817,0.03177570093457944,12.104672897196261,2021,0.004434622052254521,-0.0024228066646709394,Derrick White,BOS,710,0.006871806803436078,0.07464788732394366,11.261971830985916,2022,0.007505652815627285,-0.0006338460121912068,0.004859991415852497,0.003071030763372764
1627734,Domantas Sabonis,IND,538,0.0023159832725449,0.031598513011152414,11.184014869888475,2021,0.004191499362736147,-0.001875516090191247,Domantas Sabonis,SAC,888,0.0058148083451185,0.08445945945945946,11.4009009009009,2022,0.004608369180224419,0.0012064391648940812,0.0034988250725736,0.0004168698174882718
1628378,Donovan Mitchell,UTA,1279,0.006416215309458375,0.07349491790461297,11.70054730258014,2021,0.00603869635187177,0.0003775189575866049,Donovan Mitchell,CLE,1258,0.001929324774796597,0.031001589825119236,11.605723370429253,2022,0.0021441210570112847,-0.00021479628221468777,-0.004486890534661778,-0.0038945752948604854
1628978,Donte DiVincenzo,SAC,207,0.0004471155797348638,0.00966183574879227,12.72463768115942,2021,0.0021755174841892213,-0.0017284019044543576,Donte DiVincenzo,GSW,506,0.003138451620369091,0.03162055335968379,12.162055335968379,2022,0.0062837073648674335,-0.0031452557444983423,0.0026913360406342272,0.004108189880678213
1630613,Duane Washington Jr.,IND,397,0.005314801637965998,0.04785894206549118,12.858942065491183,2021,0.004191499362736147,0.0011233022752298507,Duane Washington Jr.,PHX,235,0.012636837034759377,0.12340425531914893,11.880851063829788,2022,0.004059602487786356,0.008577234546973022,0.00732203539679338,-0.00013189687494979084
1628392,Isaiah Hartenstein,LAC,347,0.0036826840525327077,0.037463976945244955,11.518731988472622,2021,0.002485968509287513,0.0011967155432451946,Isaiah Hartenstein,NYK,296,0.003954987887252435,0.033783783783783786,11.138513513513514,2022,0.005261566679070194,-0.001306578791817759,0.00027230383471972715,0.0027755981697826808
1630198,Isaiah Joe,PHI,165,0.0007892622127527343,0.012121212121212121,10.957575757575757,2021,0.002151057632574419,-0.0013617954198216849,Isaiah Joe,OKC,473,0.0011333073578362737,0.010570824524312896,12.160676532769555,2022,0.0032716856065828862,-0.0021383782487466125,0.00034404514508353944,0.001120627974008467
203210,JaMychal Green,DEN,303,0.005705180361587119,0.056105610561056105,11.075907590759076,2021,0.003990304428932179,0.0017148759326549405,JaMychal Green,GSW,238,0.005545409360846894,0.06302521008403361,11.714285714285714,2022,0.0062837073648674335,-0.0007382980040205392,-0.00015977100074022511,0.0022934029359352546
1628973,Jalen Brunson,DAL,916,0.0019053049184872795,0.034934497816593885,10.174672489082969,2021,0.002215096623250949,-0.0003097917047636693,Jalen Brunson,NYK,1105,0.0023810781373643126,0.03619909502262444,10.808144796380091,2022,0.005261566679070194,-0.002880488541705881,0.0004757732188770331,0.003046470055819245
201935,James Harden,BKN,646,0.003265538108824572,0.04953560371517028,11.770897832817337,2021,0.0022927488486798836,0.0009727892601446883,James Harden,PHI,746,0.003976265496393082,0.04423592493297587,10.642091152815013,2022,0.003942111999408586,3.415349698449553e-05,0.0007107273875685098,0.0016493631507287026
1629020,Jarred Vanderbilt,MIN,336,0.012241352506452252,0.09523809523809523,13.413690476190476,2021,0.005069328026399358,0.007172024480052894,Jarred Vanderbilt,UTA,294,0.010099668445528209,0.08163265306122448,11.761904761904763,2022,0.007266246431399905,0.002833422014128304,-0.002141684060924043,0.002196918405000547
203924,Jerami Grant,DET,639,0.0017393649848498264,0.026604068857589983,11.070422535211268,2021,0.0028379668694300114,-0.001098601884580185,Jerami Grant,POR,864,0.003931478162415799,0.04513888888888889,10.887731481481481,2022,0.0029980643045720607,0.0009334138578437384,0.0021921131775659727,0.00016009743514204923
1628975,Jevon Carter,BKN,161,0.0015891063033437562,0.031055900621118012,12.881987577639752,2021,0.0022927488486798836,-0.0007036425453361274,Jevon Carter,MIL,521,0.004187593971345838,0.05566218809980806,12.495201535508638,2022,0.004109872026589235,7.772194475660302e-05,0.0025984876680020816,0.0018171231779093512
1629111,Jock Landale,SAS,193,0.004166852729351883,0.04145077720207254,12.347150259067357,2021,0.004434622052254521,-0.00026776932290263795,Jock Landale,PHX,313,0.005120332461916012,0.05750798722044728,11.73482428115016,2022,0.004059602487786356,0.0010607299741296561,0.0009534797325641293,-0.0003750195644681648
204060,Joe Ingles,UTA,271,0.0065360022874437354,0.05166051660516605,11.719557195571955,2021,0.00603869635187177,0.0004973059355719654,Joe Ingles,MIL,230,0.0021540614106033947,0.02608695652173913,12.039130434782608,2022,0.004109872026589235,-0.00195581061598584,-0.004381940876840341,-0.0019288243252825353
1629670,Jordan Nwora,MIL,437,0.004402168034964363,0.04576659038901602,12.25858123569794,2021,0.0031737459338595643,0.0012284221011047984,Jordan Nwora,IND,231,0.0021003130591719715,0.030303030303030304,12.878787878787879,2022,0.0034551184168685294,-0.0013548053576965579,-0.002301854975792391,0.0002813724830089651
1628404,Josh Hart,NOP,357,0.005861466134139293,0.058823529411764705,13.204481792717086,2021,0.0037046001408367873,0.0021568659933025053,Josh Hart,POR,327,0.004274693254862915,0.039755351681957186,12.715596330275229,2022,0.0029980643045720607,0.0012766289502908544,-0.0015867728792763776,-0.0007065358362647266
1626196,Josh Richardson,BOS,311,0.003758251574688979,0.05787781350482315,11.009646302250804,2021,0.00591848999588432,-0.0021602384211953413,Josh Richardson,SAS,377,0.0003990033003041042,0.005305039787798408,12.440318302387269,2022,0.004413347791405284,-0.00401434449110118,-0.0033592482743848746,-0.0015051422044790362
203482,Kelly Olynyk,DET,255,0.0005836826092542176,0.023529411764705882,11.905882352941177,2021,0.0028379668694300114,-0.0022542842601757937,Kelly Olynyk,UTA,525,0.01055288548516727,0.08,12.00952380952381,2022,0.007266246431399905,0.0032866390537673656,0.009969202875913054,0.004428279561969894
203484,Kentavious Caldwell-Pope,WAS,783,0.0027765708317590136,0.034482758620689655,11.724137931034482,2021,0.004147619769487003,-0.0013710489377279892,Kentavious Caldwell-Pope,DEN,594,0.0036496506866437765,0.06902356902356903,12.597643097643097,2022,0.005237819774631673,-0.0015881690879878969,0.0008730798548847629,0.0010902000051446707
1628989,Kevin Huerter,ATL,716,0.0026640007069175264,0.036312849162011177,11.490223463687151,2021,0.002556932725859497,0.00010706798105802927,Kevin Huerter,SAC,839,0.0020597912118864277,0.03575685339690107,12.410011918951133,2022,0.004608369180224419,-0.002548577968337991,-0.0006042094950310987,0.002051436454364922
204001,Kristaps Porzingis,DAL,472,0.0021578975647497155,0.029661016949152543,10.74364406779661,2021,0.002215096623250949,-5.719905850123334e-05,Kristaps Porzingis,WAS,950,0.0036113411312289766,0.05052631578947368,10.691578947368422,2022,0.005666099304321669,-0.002054758173092693,0.001453443566479261,0.0034510026810707205
203937,Kyle Anderson,MEM,431,0.00187279651297224,0.027842227378190254,11.948955916473318,2021,0.004839102881859405,-0.002966306368887165,Kyle Anderson,MIN,444,0.001729593653401004,0.02927927927927928,11.033783783783784,2022,0.0044233625292542005,-0.0026937688758531964,-0.00014320285957123585,-0.0004157403526052041
1626204,Larry Nance Jr.,POR,184,0.0013545136389356807,0.021739130434782608,11.13586956521739,2021,0.0028957951503939703,-0.0015412815114582896,Larry Nance Jr.,NOP,287,0.0026238975308225244,0.041811846689895474,10.72822299651568,2022,0.004405856486619022,-0.0017819589557964972,0.0012693838918868437,0.0015100613362250513
1628374,Lauri Markkanen,CLE,639,0.0014409614408030192,0.023474178403755867,11.701095461658841,2021,0.0027694652804445075,-0.0013285038396414883,Lauri Markkanen,UTA,1087,0.00596612060316338,0.06623735050597976,11.958601655933762,2022,0.007266246431399905,-0.0013001258282365254,0.00452515916236036,0.0044967811509553975
1629022,Lonnie Walker IV,SAS,711,0.0021906226775120913,0.02531645569620253,12.278481012658228,2021,0.004434622052254521,-0.00224399937474243,Lonnie Walker IV,LAL,496,0.0034488097331438886,0.046370967741935484,12.564516129032258,2022,0.002415906139108317,0.0010329035940355715,0.0012581870556317974,-0.002018715913146204
1627763,Malcolm Brogdon,IND,521,0.006512324338129698,0.06333973128598848,12.040307101727446,2021,0.004191499362736147,0.0023208249753935506,Malcolm Brogdon,BOS,681,0.016031333064961434,0.13215859030837004,11.832599118942731,2022,0.007505652815627285,0.008525680249334148,0.009519008726831736,0.003314153452891138
1627736,Malik Beasley,MIN,790,0.0029743728164818564,0.026582278481012658,12.608860759493671,2021,0.005069328026399358,-0.0020949552099175017,Malik Beasley,UTA,614,0.0035134006674004043,0.03908794788273615,12.0814332247557,2022,0.007266246431399905,-0.0037528457639995007,0.0005390278509185479,0.002196918405000547
1628370,Malik Monk,LAL,763,0.006293559895863046,0.05242463958060288,12.47051114023591,2021,0.003365977278153823,0.002927582617709223,Malik Monk,SAC,743,0.0075565540097170154,0.0901749663526245,13.204576043068641,2022,0.004608369180224419,0.0029481848294925965,0.0012629941138539696,0.001242391902070596
1628963,Marvin Bagley III,SAC,230,0.003211476336461696,0.034782608695652174,12.256521739130434,2021,0.0021755174841892213,0.0010359588522724748,Marvin Bagley III,DET,353,0.0017221149408922964,0.036827195467422094,10.654390934844193,2022,0.003311799864148347,-0.0015896849232560504,-0.0014893613955693997,0.0011362823799591255
1628420,Monte Morris,DEN,724,0.0005539422780797243,0.017955801104972375,11.624309392265193,2021,0.003990304428932179,-0.0034363621508524548,Monte Morris,WAS,475,0.0018704527308198552,0.02526315789473684,11.981052631578947,2022,0.005666099304321669,-0.0037956465735018144,0.0013165104527401309,0.0016757948753894905
1626149,Montrezl Harrell,WAS,343,0.002919292008145735,0.043731778425655975,11.306122448979592,2021,0.004147619769487003,-0.0012283277613412678,Montrezl Harrell,PHI,187,0.002438323604290906,0.0374331550802139,11.903743315508022,2022,0.003942111999408586,-0.0015037883951176802,-0.00048096840385482894,-0.00020550777007841657
1629638,Nickeil Alexander-Walker,NOP,592,0.005743246783806331,0.07601351351351351,11.552364864864865,2021,0.0037046001408367873,0.002038646642969544,Nickeil Alexander-Walker,UTA,161,0.014111084954067642,0.11180124223602485,12.378881987577639,2022,0.007266246431399905,0.006844838522667737,0.008367838170261311,0.0035616462905631177
1626181,Norman Powell,POR,508,0.004237242697495028,0.03937007874015748,12.291338582677165,2021,0.0028957951503939703,0.001341447547101058,Norman Powell,LAC,658,0.00689212975132479,0.0547112462006079,12.097264437689969,2022,0.0034675435413146207,0.0034245862100101693,0.0026548870538297617,0.0005717483909206504
200782,P.J. Tucker,MIA,401,0.0030216383664432495,0.05236907730673317,10.331670822942643,2021,0.0047823413352476194,-0.00176070296880437,P.J. Tucker,PHI,202,0.0018758657923624833,0.024752475247524754,9.881188118811881,2022,0.003942111999408586,-0.002066246207046103,-0.0011457725740807662,-0.0008402293358390333
201976,Patrick Beverley,MIN,405,0.004730490083289476,0.05925925925925926,11.318518518518518,2021,0.005069328026399358,-0.0003388379431098817,Patrick Beverley,LAL,229,0.002074796465026255,0.034934497816593885,11.541484716157205,2022,0.002415906139108317,-0.0003411096740820619,-0.002655693618263221,-0.002653421887291041
203496,Robert Covington,POR,313,0.0020795379870961793,0.022364217252396165,11.517571884984026,2021,0.0028957951503939703,-0.000816257163297791,Robert Covington,LAC,210,0.005130566676045514,0.0380952380952381,12.166666666666666,2022,0.0034675435413146207,0.0016630231347308936,0.003051028688949335,0.0005717483909206504
1629641,Romeo Langford,BOS,172,0.017359830736986992,0.11627906976744186,11.343023255813954,2021,0.00591848999588432,0.011441340741102672,Romeo Langford,SAS,247,0.00532685639491044,0.06072874493927125,12.421052631578947,2022,0.004413347791405284,0.000913508603505156,-0.012032974342076553,-0.0015051422044790362
1626220,Royce O'Neale,UTA,404,0.004541905418514339,0.04950495049504951,12.804455445544555,2021,0.00603869635187177,-0.0014967909333574309,Royce O'Neale,BKN,518,0.00271241983796059,0.02702702702702703,11.916988416988417,2022,0.0023918874516389217,0.00032053238632166834,-0.0018294855805537492,-0.0036468089002328484
203497,Rudy Gobert,UTA,474,0.011137827886814129,0.07805907172995781,11.839662447257384,2021,0.00603869635187177,0.0050991315349423584,Rudy Gobert,MIN,508,0.009138452040780882,0.06496062992125984,11.437007874015748,2022,0.0044233625292542005,0.004715089511526682,-0.0019993758460332463,-0.0016153338226175696
203552,Seth Curry,PHI,496,0.0004732687701291267,0.010080645161290322,11.266129032258064,2021,0.002151057632574419,-0.0016777888624452924,Seth Curry,BKN,420,0.0001337061952250098,0.004761904761904762,11.704761904761904,2022,0.0023918874516389217,-0.002258181256413912,-0.0003395625749041169,0.00024082981906450255
203915,Spencer Dinwiddie,WAS,449,0.009744526729580882,0.0801781737193764,10.99109131403118,2021,0.004147619769487003,0.005596906960093879,Spencer Dinwiddie,DAL,648,0.0033306986162914016,0.043209876543209874,10.683641975308642,2022,0.002441806112953022,0.0008888925033383797,-0.00641382811328948,-0.0017058136565339809
1629004,Svi Mykhailiuk,TOR,221,0.004306008032567946,0.04524886877828054,13.02262443438914,2021,0.007026973544100006,-0.0027209655115320603,Svi Mykhailiuk,CHA,155,0.007457592342567492,0.05161290322580645,12.316129032258065,2022,0.003434975792995209,0.004022616549572283,0.003151584309999546,-0.0035919977511047973
1629659,Talen Horton-Tucker,LAL,490,0.0067320401163840525,0.061224489795918366,11.077551020408164,2021,0.003365977278153823,0.0033660628382302295,Talen Horton-Tucker,UTA,570,0.01304994342384774,0.14385964912280702,11.417543859649124,2022,0.007266246431399905,0.0057836969924478345,0.006317903307463687,0.003900269153246082
1630177,Theo Maledon,OKC,296,0.004067329310406977,0.04054054054054054,11.52364864864865,2021,0.003508899292556898,0.0005584300178500786,Theo Maledon,CHA,232,0.0033954193410988018,0.04310344827586207,11.125,2022,0.003434975792995209,-3.9556451896407066e-05,-0.000671909969308175,-7.392349956168937e-05
1628470,Torrey Craig,IND,267,0.0020049081204840434,0.02247191011235955,11.51685393258427,2021,0.004191499362736147,-0.0021865912422521037,Torrey Craig,PHX,463,0.004680734086458677,0.0367170626349892,11.414686825053996,2022,0.004059602487786356,0.0006211315986723205,0.0026758259659746333,-0.00013189687494979084
1626168,Trey Lyles,DET,354,0.003338935707131365,0.03954802259887006,11.725988700564972,2021,0.0028379668694300114,0.0005009688377013537,Trey Lyles,SAC,378,0.003585277648999683,0.03439153439153439,12.206349206349206,2022,0.004608369180224419,-0.001023091531224736,0.0002463419418683179,0.0017704023107944075
1628972,Troy Brown Jr.,CHI,237,0.003189598283337497,0.03375527426160337,11.80168776371308,2021,0.002606639052874243,0.000582959230463254,Troy Brown Jr.,LAL,421,0.0017401260498340152,0.021377672209026127,11.593824228028504,2022,0.002415906139108317,-0.0006757800892743019,-0.001449472233503482,-0.0001907329137659261
1629660,Ty Jerome,OKC,300,0.0004694186139019459,0.01,11.436666666666667,2021,0.003508899292556898,-0.0030394806786549523,Ty Jerome,GSW,218,0.011874624128124121,0.09174311926605505,10.76605504587156,2022,0.0062837073648674335,0.0055909167632566875,0.011405205514222175,0.0027748080723105353
1630169,Tyrese Haliburton,SAC,545,0.0019510605220735327,0.029357798165137616,12.2,2021,0.0021755174841892213,-0.0002244569621156886,Tyrese Haliburton,IND,785,0.0025968671189125396,0.02165605095541401,12.577070063694267,2022,0.0034551184168685294,-0.0008582512979559897,0.0006458065968390069,0.001279600932679308
203115,Will Barton,DEN,827,0.0060975308445144075,0.07134220072551391,12.275695284159614,2021,0.003990304428932179,0.0021072264155822286,Will Barton,WAS,256,0.01312132368769273,0.1171875,12.875,2022,0.005666099304321669,0.0074552243833710605,0.007023792843178322,0.0016757948753894905
1628988,Aaron Holiday,ATL,207,0.006393268745935077,0.06280193236714976,11.666666666666666,2022,0.003103577431239238,0.0032896913146958392,Aaron Holiday,HOU,388,0.006734277994582752,0.09278350515463918,11.461340206185566,2023,0.0075451159293455725,-0.0008108379347628201,0.0003410092486476751,0.004441538498106334
1630538,Bones Hyland,DEN,389,0.006443763580036355,0.06683804627249357,11.74293059125964,2022,0.005237819774631673,0.0012059438054046814,Bones Hyland,LAC,229,0.006725042030485959,0.07423580786026202,11.43231441048035,2023,0.004353381086685858,0.002371660943800101,0.0002812784504496041,-0.0008844386879458153
203078,Bradley Beal,WAS,800,0.0023365337654338405,0.0375,10.49125,2022,0.005666099304321669,-0.003329565538887829,Bradley Beal,PHX,669,0.0011375874468700666,0.028400597907324365,11.488789237668161,2023,0.0027619368244128045,-0.001624349377542738,-0.0011989463185637739,-0.002904162479908865
1628971,Bruce Brown,DEN,685,0.007017070490958963,0.07591240875912408,11.782481751824818,2022,0.005237819774631673,0.0017792507163272896,Bruce Brown,IND,298,0.007375697003297689,0.11409395973154363,12.426174496644295,2023,0.006377208997463958,0.0009984880058337307,0.00035862651233872604,0.001139389222832285
1629629,Cam Reddish,POR,163,0.004967481480703879,0.03680981595092025,11.496932515337424,2022,0.0029980643045720607,0.001969417176131818,Cam Reddish,LAL,218,0.0038040932506913628,0.045871559633027525,12.376146788990825,2023,0.0023835936496715785,0.0014204996010197843,-0.001163388230012516,-0.0006144706549004821
1626166,Cameron Payne,PHX,422,0.0056340226893037484,0.07582938388625593,11.66824644549763,2022,0.004059602487786356,0.0015744202015173922,Cameron Payne,PHI,243,0.0024688549941676748,0.024691358024691357,11.732510288065845,2023,0.0029722328865752884,-0.0005033778924076137,-0.0031651676951360737,-0.0010873696012110678
1626224,Cedi Osman,CLE,492,0.0020419675087331147,0.018292682926829267,11.321138211382113,2022,0.0021441210570112847,-0.00010215354827817005,Cedi Osman,SAS,350,0.001137464215525268,0.03142857142857143,12.8,2023,0.002655696097113528,-0.0015182318815882602,-0.0009045032932078468,0.0005115750401022434
1630537,Chris Duarte,IND,302,0.0036935708397130957,0.03642384105960265,11.834437086092715,2022,0.0034551184168685294,0.00023845242284456633,Chris Duarte,SAC,189,0.00704138218854917,0.08994708994708994,12.576719576719576,2023,0.005373342168701945,0.0016680400198472245,0.003347811348836074,0.001918223751833416
101108,Chris Paul,PHX,608,0.00014621687354877442,0.004934210526315789,11.333881578947368,2022,0.004059602487786356,-0.003913385614237582,Chris Paul,GSW,418,0.0005769031083362132,0.011961722488038277,11.179425837320574,2023,0.0071143824339577185,-0.006537479325621505,0.00043068623478743873,0.0030547799461713623
1626174,Christian Wood,DAL,711,0.004841241875119132,0.053445850914205346,10.81575246132208,2022,0.002441806112953022,0.0023994357621661103,Christian Wood,LAL,250,0.004630964656391683,0.068,11.404,2023,0.0023835936496715785,0.0022473710067201043,-0.00021027721872744938,-5.821246328144335e-05
1626156,D'Angelo Russell,MIN,686,0.00034322304042194685,0.011661807580174927,11.892128279883382,2022,0.0044233625292542005,-0.004080139488832253,D'Angelo Russell,LAL,1010,0.001157394667005282,0.023762376237623763,12.304950495049505,2023,0.0023835936496715785,-0.0012261989826662966,0.0008141716265833351,-0.002039768879582622
203081,Damian Lillard,POR,1132,0.002443228030391437,0.02561837455830389,12.120141342756185,2022,0.0029980643045720607,-0.0005548362741806235,Damian Lillard,MIL,1188,0.004397626633405715,0.04882154882154882,12.349326599326599,2023,0.0034097341235272724,0.0009878925098784426,0.001954398603014278,0.00041166981895521173
203967,Dario Saric,PHX,165,0.005845698577637614,0.08484848484848485,10.527272727272727,2022,0.004059602487786356,0.0017860960898512575,Dario Saric,GSW,355,0.008316277936381894,0.09295774647887324,11.425352112676057,2023,0.0071143824339577185,0.0012018955024241757,0.0024705793587442805,0.0030547799461713623
202722,Davis Bertans,DAL,156,0.000294097557100322,0.00641025641025641,12.121794871794872,2022,0.002441806112953022,-0.0021477085558526997,Davis Bertans,CHA,189,0.0013409890183728463,0.010582010582010581,11.338624338624339,2023,0.003727640683865808,-0.002386651665492962,0.0010468914612725244,0.0012858345709127863
1629028,Deandre Ayton,PHX,845,0.002859509287321422,0.0757396449704142,10.983431952662722,2022,0.004059602487786356,-0.0012000932004649343,Deandre Ayton,POR,710,0.0008949390020901349,0.01267605633802817,11.292957746478873,2023,0.005161968282733044,-0.0042670292806429085,-0.001964570285231287,0.0011023657949466876
203471,Dennis Schroder,LAL,621,0.002796814046773849,0.040257648953301126,11.210950080515298,2022,0.002415906139108317,0.0003809079076655319,Dennis Schroder,TOR,514,0.0012875635233750003,0.021400778210116732,11.050583657587548,2023,0.0019107029481527824,-0.0006231394247777822,-0.0015092505233988487,-0.0005052031909555347
1628372,Dennis Smith Jr.,CHA,410,0.005969432639026089,0.07073170731707316,10.960975609756098,2022,0.003434975792995209,0.0025344568460308804,Dennis Smith Jr.,BKN,311,0.008116336204946886,0.08681672025723473,11.466237942122186,2023,0.0029160017340867724,0.005200334470860114,0.0021469035659207967,-0.0005189740589084365
1627884,Derrick Jones Jr.,CHI,214,0.002705967015813955,0.04205607476635514,12.07943925233645,2022,0.0022688573337294646,0.0004371096820844902,Derrick Jones Jr.,DAL,464,0.006761920668737272,0.05387931034482758,11.898706896551724,2023,0.0026937049369019452,0.004068215731835327,0.004055953652923317,0.0004248476031724806
1628415,Dillon Brooks,MEM,928,0.003211138764793957,0.04418103448275862,12.00323275862069,2022,0.0030354304321809043,0.00017570833261305267,Dillon Brooks,HOU,730,0.006371642018357824,0.07260273972602739,12.084931506849315,2023,0.0075451159293455725,-0.0011734739109877483,0.0031605032535638672,0.004509685497164668
1628978,Donte DiVincenzo,GSW,506,0.003138451620369091,0.03162055335968379,12.162055335968379,2022,0.0062837073648674335,-0.0031452557444983423,Donte DiVincenzo,NYK,922,0.00293550736033635,0.028199566160520606,11.271149674620391,2023,0.004382916802798954,-0.0014474094424626036,-0.00020294426003274104,-0.0019007905620684797
1627827,Dorian Finney-Smith,DAL,288,0.0013310470587428102,0.017361111111111112,11.23263888888889,2022,0.002441806112953022,-0.0011107590542102116,Dorian Finney-Smith,BKN,468,0.0038415745689572172,0.03632478632478633,12.405982905982906,2023,0.0029160017340867724,0.0009255728348704449,0.002510527510214407,0.0004741956211337505
1629234,Drew Eubanks,POR,314,0.000371070163985718,0.009554140127388535,10.124203821656051,2022,0.0029980643045720607,-0.0026269941405863426,Drew Eubanks,PHX,228,0.0028598105889763065,0.03070175438596491,10.035087719298245,2023,0.0027619368244128045,9.787376456350198e-05,0.0024887404249905884,-0.00023612748015925614
201569,Eric Gordon,HOU,444,0.005238792724810282,0.08108108108108109,11.52027027027027,2022,0.008342650504829517,-0.0031038577800192348,Eric Gordon,PHX,584,0.004095396269242829,0.04280821917808219,11.808219178082192,2023,0.0027619368244128045,0.0013334594448300243,-0.0011433964555674532,-0.005580713680416712
203095,Evan Fournier,NYK,153,0.0011253612355020504,0.026143790849673203,11.052287581699346,2022,0.005261566679070194,-0.004136205443568144,Evan Fournier,DET,184,0.0009950013234841864,0.010869565217391304,11.146739130434783,2023,0.0044870229619769116,-0.0034920216384927254,-0.00013035991201786404,-0.0007745437170932823
1627832,Fred VanVleet,TOR,1012,0.005449567601157392,0.05533596837944664,11.548418972332016,2022,0.0037081622829816525,0.0017414053181757394,Fred VanVleet,HOU,929,0.005087808086922464,0.07427341227125941,11.735199138858988,2023,0.0075451159293455725,-0.0024573078424231084,-0.00036175951423492777,0.00383695364636392
1629726,Garrison Mathews,HOU,163,0.00017305839109293885,0.006134969325153374,12.030674846625766,2022,0.008342650504829517,-0.008169592113736577,Garrison Mathews,ATL,212,0.0018564246284522449,0.018867924528301886,11.235849056603774,2023,0.00455553875450983,-0.0026991141260575852,0.001683366237359306,-0.0037871117503196867
1627777,Georges Niang,PHI,471,0.002849008155184282,0.03397027600849257,11.371549893842888,2022,0.003942111999408586,-0.001093103844224304,Georges Niang,CLE,600,0.002680651802383205,0.03333333333333333,11.34,2023,0.002651009093663879,2.9642708719326144e-05,-0.00016835635280107713,-0.0012911029057447072
1629684,Grant Williams,BOS,422,0.00738054277747705,0.06398104265402843,10.76777251184834,2022,0.007505652815627285,-0.00012511003815023503,Grant Williams,DAL,293,0.003294042293817137,0.03754266211604096,11.559726962457338,2023,0.0026937049369019452,0.0006003373569151917,-0.004086500483659913,-0.0048119478787253395
1628960,Grayson Allen,MIL,525,0.003118969647103353,0.03428571428571429,11.775238095238095,2022,0.004109872026589235,-0.0009909023794858816,Grayson Allen,PHX,642,0.0014791913858070232,0.017133956386292833,11.948598130841122,2023,0.0027619368244128045,-0.0012827454386057813,-0.00163977826129633,-0.0013479352021764303
1630193,Immanuel Quickley,NYK,860,0.002983554832269406,0.046511627906976744,11.655813953488373,2022,0.005261566679070194,-0.002278011846800788,Immanuel Quickley,TOR,529,0.0016192702229597886,0.020793950850661626,13.01890359168242,2023,0.0019107029481527824,-0.00029143272519299387,-0.0013642846093096174,-0.0033508637309174116
1627751,Jakob Poeltl,SAS,361,0.0017518513820405578,0.019390581717451522,11.282548476454293,2022,0.004413347791405284,-0.0026614964093647263,Jakob Poeltl,TOR,357,0.0001843549787518673,0.008403361344537815,11.714285714285714,2023,0.0019107029481527824,-0.001726347969400915,-0.0015674964032886905,-0.0025026448432525017
1629667,Jalen McDaniels,CHA,460,0.0029046018085121103,0.034782608695652174,12.556521739130435,2022,0.003434975792995209,-0.0005303739844830986,Jalen McDaniels,TOR,179,0.0020595230791336104,0.0335195530726257,11.720670391061452,2023,0.0019107029481527824,0.000148820130980828,-0.0008450787293784998,-0.0015242728448424264
201935,James Harden,PHI,746,0.003976265496393082,0.04423592493297587,10.642091152815013,2022,0.003942111999408586,3.415349698449553e-05,James Harden,LAC,763,0.0027296907471525845,0.035386631716906945,11.420707732634337,2023,0.004353381086685858,-0.0016236903395332736,-0.0012465747492404972,0.0004112690872772719
201145,Jeff Green,DEN,302,0.007002712339836264,0.059602649006622516,10.301324503311259,2022,0.005237819774631673,0.0017648925652045903,Jeff Green,HOU,336,0.0025662248189889827,0.050595238095238096,10.395833333333334,2023,0.0075451159293455725,-0.004978891110356589,-0.004436487520847281,0.002307296154713899
1628975,Jevon Carter,MIL,521,0.004187593971345838,0.05566218809980806,12.495201535508638,2022,0.004109872026589235,7.772194475660302e-05,Jevon Carter,CHI,341,0.0012172660349919755,0.02346041055718475,11.50733137829912,2023,0.0021811217115260896,-0.0009638556765341141,-0.0029703279363538625,-0.0019287503150631452
1629111,Jock Landale,PHX,313,0.005120332461916012,0.05750798722044728,11.73482428115016,2022,0.004059602487786356,0.0010607299741296561,Jock Landale,HOU,200,0.007104135310612487,0.1,11.905,2023,0.0075451159293455725,-0.00044098061873308527,0.001983802848696475,0.0034855134415592163
204060,Joe Ingles,MIL,230,0.0021540614106033947,0.02608695652173913,12.039130434782608,2022,0.004109872026589235,-0.00195581061598584,Joe Ingles,ORL,206,0.004981127927054116,0.043689320388349516,11.757281553398059,2023,0.004571173225956833,0.00040995470109728323,0.002827066516450721,0.00046130119936759785
1628381,John Collins,ATL,668,0.0025666332318813882,0.041916167664670656,11.991017964071856,2022,0.003103577431239238,-0.0005369441993578498,John Collins,UTA,706,0.004078306462902534,0.05240793201133145,11.638810198300284,2023,0.005737595479448231,-0.0016592890165456967,0.001511673231021146,0.002634018048208993
1630692,Jordan Goodwin,WAS,330,0.010086827798547294,0.1,11.43939393939394,2022,0.005666099304321669,0.0044207284942256245,Jordan Goodwin,PHX,170,0.003181710354351299,0.047058823529411764,10.16470588235294,2023,0.0027619368244128045,0.0004197735299384946,-0.006905117444195995,-0.002904162479908865
1629670,Jordan Nwora,IND,231,0.0021003130591719715,0.030303030303030304,12.878787878787879,2022,0.0034551184168685294,-0.0013548053576965579,Jordan Nwora,TOR,205,0.001516780492863431,0.014634146341463415,12.4,2023,0.0019107029481527824,-0.00039392245528935147,-0.0005835325663085405,-0.001544415468715747
1629673,Jordan Poole,GSW,1195,0.006518198762506834,0.099581589958159,12.866108786610878,2022,0.0062837073648674335,0.00023449139763940044,Jordan Poole,WAS,1129,0.0013942144823947437,0.023914968999114262,13.08237378210806,2023,0.0020796050144090902,-0.0006853905320143466,-0.0051239842801120905,-0.004204102350458343
1628404,Josh Hart,POR,327,0.004274693254862915,0.039755351681957186,12.715596330275229,2022,0.0029980643045720607,0.0012766289502908544,Josh Hart,NYK,601,0.004812573934395723,0.03494176372712146,10.87188019966722,2023,0.004382916802798954,0.00042965713159676903,0.0005378806795328078,0.0013848524982268931
1626196,Josh Richardson,SAS,377,0.0003990033003041042,0.005305039787798408,12.440318302387269,2022,0.004413347791405284,-0.00401434449110118,Josh Richardson,MIA,320,0.0015584189281554796,0.021875,12.171875,2023,0.004712497237014328,-0.0031540783088588485,0.0011594156278513753,0.0002991494456090439
201950,Jrue Holiday,MIL,958,0.003146922288716557,0.05010438413361169,11.991649269311065,2022,0.004109872026589235,-0.0009629497378726777,Jrue Holiday,BOS,653,0.010313706345667887,0.11485451761102604,11.914241960183768,2023,0.010687949120137602,-0.0003742427744697144,0.00716678405695133,0.006578077093548367
203994,Jusuf Nurkic,POR,479,0.0023094571929321572,0.03549060542797495,10.154488517745303,2022,0.0029980643045720607,-0.0006886071116399034,Jusuf Nurkic,PHX,578,0.004639119405022722,0.06401384083044982,10.501730103806228,2023,0.0027619368244128045,0.0018771825806099172,0.0023296622120905644,-0.00023612748015925614
1626162,Kelly Oubre Jr.,CHA,776,0.002784262194888519,0.03865979381443299,11.797680412371134,2022,0.003434975792995209,-0.0006507135981066899,Kelly Oubre Jr.,PHI,811,0.003747458892601636,0.04315659679408138,11.653514180024661,2023,0.0029722328865752884,0.0007752260060263473,0.0009631966977131168,-0.0004627429064199204
1630231,Kenyon Martin Jr.,HOU,681,0.00644968927701062,0.05873715124816446,12.604992657856094,2022,0.008342650504829517,-0.0018929612278188969,KJ Martin,PHI,156,0.004268408186340427,0.038461538461538464,12.807692307692308,2023,0.0029722328865752884,0.0012961752997651386,-0.002181281090670193,-0.005370417618254228
201142,Kevin Durant,BKN,691,0.0,0.0,11.324167872648335,2022,0.0023918874516389217,-0.0023918874516389217,Kevin Durant,PHX,1341,0.000212893592861782,0.005965697240865026,11.365398956002982,2023,0.0027619368244128045,-0.0025490432315510227,0.000212893592861782,0.00037004937277388284
201567,Kevin Love,CLE,270,0.0009229875585143473,0.02962962962962963,11.322222222222223,2022,0.0021441210570112847,-0.0012211334984969374,Kevin Love,MIA,341,0.0021530236215084268,0.020527859237536656,11.480938416422287,2023,0.004712497237014328,-0.002559473615505901,0.0012300360629940795,0.002568376180003043
204001,Kristaps Porzingis,WAS,950,0.0036113411312289766,0.05052631578947368,10.691578947368422,2022,0.005666099304321669,-0.002054758173092693,Kristaps Porzingis,BOS,695,0.005475661135184597,0.06474820143884892,11.040287769784173,2023,0.010687949120137602,-0.005212287984953005,0.0018643200039556202,0.005021849815815932
202681,Kyrie Irving,BKN,758,0.000370183978934231,0.006596306068601583,12.220316622691293,2022,0.0023918874516389217,-0.0020217034727046906,Kyrie Irving,DAL,1062,0.0006651794316604701,0.014124293785310734,12.034839924670433,2023,0.0026937049369019452,-0.002028525505241475,0.0002949954527262391,0.00030181748526302357
1630205,Lamar Stevens,CLE,262,0.001195228288698138,0.022900763358778626,10.797709923664122,2022,0.0021441210570112847,-0.0009488927683131466,Lamar Stevens,MEM,181,0.001260417692899896,0.016574585635359115,10.94475138121547,2023,0.0011174940460414002,0.0001429236468584959,6.5189404201758e-05,-0.0010266270109698845
1629013,Landry Shamet,PHX,270,0.0019026611591019926,0.037037037037037035,11.366666666666667,2022,0.004059602487786356,-0.0021569413286843635,Landry Shamet,WAS,261,0.003313886849294367,0.038314176245210725,12.191570881226054,2023,0.0020796050144090902,0.0012342818348852766,0.0014112256901923743,-0.001979997473377266
1629022,Lonnie Walker IV,LAL,496,0.0034488097331438886,0.046370967741935484,12.564516129032258,2022,0.002415906139108317,0.0010329035940355715,Lonnie Walker IV,BKN,453,0.004260893281268394,0.052980132450331126,11.818984547461369,2023,0.0029160017340867724,0.0013448915471816216,0.0008120835481245053,0.0005000955949784553
1628379,Luke Kennard,LAC,191,0.0013080351202354094,0.020942408376963352,11.465968586387435,2022,0.0034675435413146207,-0.0021595084210792115,Luke Kennard,MEM,300,0.0,0.0,11.913333333333334,2023,0.0011174940460414002,-0.0011174940460414002,-0.0013080351202354094,-0.0023500494952732208
1630201,Malachi Flynn,TOR,224,0.002469434306752387,0.03571428571428571,11.433035714285714,2022,0.0037081622829816525,-0.0012387279762292656,Malachi Flynn,DET,158,0.0013150417755558874,0.03164556962025317,11.873417721518987,2023,0.0044870229619769116,-0.0031719811864210244,-0.0011543925311964995,0.000778860678995259
1627763,Malcolm Brogdon,BOS,681,0.016031333064961434,0.13215859030837004,11.832599118942731,2022,0.007505652815627285,0.008525680249334148,Malcolm Brogdon,POR,460,0.0022735588247504088,0.02608695652173913,11.841304347826087,2023,0.005161968282733044,-0.002888409457982635,-0.013757774240211025,-0.0023436845328942413
1627736,Malik Beasley,UTA,614,0.0035134006674004043,0.03908794788273615,12.0814332247557,2022,0.007266246431399905,-0.0037528457639995007,Malik Beasley,MIL,668,0.0026557893059222393,0.02844311377245509,11.55688622754491,2023,0.0034097341235272724,-0.000753944817605033,-0.000857611361478165,-0.0038565123078726326
202694,Marcus Morris Sr.,LAC,590,0.00046633488583049625,0.006779661016949152,10.18135593220339,2022,0.0034675435413146207,-0.0030012086554841244,Marcus Morris Sr.,PHI,181,0.00023743376674334522,0.011049723756906077,10.19889502762431,2023,0.0029722328865752884,-0.0027347991198319434,-0.00022890111908715103,-0.0004953106547393323
203935,Marcus Smart,BOS,552,0.005690034422428255,0.06521739130434782,11.418478260869565,2022,0.007505652815627285,-0.0018156183931990304,Marcus Smart,MEM,223,4.279755098324085e-06,0.004484304932735426,11.52914798206278,2023,0.0011174940460414002,-0.001113214290943076,-0.00568575466732993,-0.006388158769585885
1628963,Marvin Bagley III,DET,353,0.0017221149408922964,0.036827195467422094,10.654390934844193,2022,0.003311799864148347,-0.0015896849232560504,Marvin Bagley III,WAS,208,0.0019069739838457626,0.028846153846153848,11.875,2023,0.0020796050144090902,-0.0001726310305633276,0.0001848590429534662,-0.0012321948497392566
1629622,Max Strus,MIA,719,0.002831846739766495,0.02086230876216968,10.760778859527122,2022,0.0030320435075241636,-0.00020019676775766878,Max Strus,CLE,672,0.002121639022659074,0.023809523809523808,12.044642857142858,2023,0.002651009093663879,-0.0005293700710048048,-0.0007102077171074208,-0.00038103441386028473
1628969,Mikal Bridges,PHX,725,0.0029625265031610675,0.05103448275862069,11.942068965517242,2022,0.004059602487786356,-0.0010970759846252887,Mikal Bridges,BKN,1204,0.0004736623147571092,0.012458471760797342,11.841362126245848,2023,0.0029160017340867724,-0.002442339419329663,-0.0024888641884039586,-0.001143600753699584
201144,Mike Conley,UTA,356,0.0036486880009929147,0.042134831460674156,10.814606741573034,2022,0.007266246431399905,-0.0036175584304069903,Mike Conley,MIN,598,0.0015317391446279982,0.028428093645484948,10.97324414715719,2023,0.004241576761584109,-0.0027098376169561104,-0.0021169488563649165,-0.0030246696698157964
1628964,Mo Bamba,ORL,201,0.0012706308910742116,0.014925373134328358,11.497512437810945,2022,0.005087119661293753,-0.0038164887702195407,Mo Bamba,PHI,180,0.0027960962557434044,0.05,11.655555555555555,2023,0.0029722328865752884,-0.00017613663083188404,0.0015254653646691928,-0.002114886774718464
1629638,Nickeil Alexander-Walker,UTA,161,0.014111084954067642,0.11180124223602485,12.378881987577639,2022,0.007266246431399905,0.006844838522667737,Nickeil Alexander-Walker,MIN,497,0.006514850239349852,0.0744466800804829,11.160965794768611,2023,0.004241576761584109,0.0022732734777657438,-0.00759623471471779,-0.0030246696698157964
201587,Nicolas Batum,LAC,347,0.000631769021725826,0.008645533141210375,10.890489913544668,2022,0.0034675435413146207,-0.002835774519588795,Nicolas Batum,PHI,223,4.688738081893985e-05,0.008968609865470852,10.52914798206278,2023,0.0029722328865752884,-0.0029253455057563485,-0.0005848816409068861,-0.0004953106547393323
1630167,Obi Toppin,NYK,395,0.006962448830943603,0.04810126582278481,12.369620253164557,2022,0.005261566679070194,0.0017008821518734096,Obi Toppin,IND,541,0.006341321038630539,0.05730129390018484,13.325323475046211,2023,0.006377208997463958,-3.5887958833418984e-05,-0.0006211277923130641,0.0011156423183937645
1627783,Pascal Siakam,TOR,1217,0.0015290233543220632,0.036154478225143796,11.069022185702547,2022,0.0037081622829816525,-0.002179138928659589,Pascal Siakam,IND,629,0.004451001626403607,0.06518282988871224,12.201907790143084,2023,0.006377208997463958,-0.001926207371060351,0.0029219782720815443,0.002669046714482306
201976,Patrick Beverley,LAL,229,0.002074796465026255,0.034934497816593885,11.541484716157205,2022,0.002415906139108317,-0.0003411096740820619,Patrick Beverley,PHI,212,0.0018508016673104155,0.0330188679245283,10.04245283018868,2023,0.0029722328865752884,-0.001121431219264873,-0.0002239947977158397,0.0005563267474669713
1630173,Precious Achiuwa,TOR,367,0.007126212157193728,0.07356948228882834,10.948228882833787,2022,0.0037081622829816525,0.003418049874212076,Precious Achiuwa,NYK,262,0.009234602835160085,0.05725190839694656,10.526717557251908,2023,0.004382916802798954,0.004851686032361131,0.0021083906779663566,0.0006747545198173012
1629628,RJ Barrett,NYK,1082,0.01287635448250634,0.16266173752310537,11.393715341959334,2022,0.005261566679070194,0.007614787803436146,RJ Barrett,TOR,459,0.0021642428391242365,0.034858387799564274,13.202614379084967,2023,0.0019107029481527824,0.00025353989097145406,-0.010712111643382104,-0.0033508637309174116
202704,Reggie Jackson,LAC,476,0.0025101854753823032,0.03991596638655462,11.573529411764707,2022,0.0034675435413146207,-0.0009573580659323175,Reggie Jackson,DEN,664,0.007238344030219768,0.11596385542168675,10.581325301204819,2023,0.0066822892424492535,0.0005560547877705149,0.004728158554837466,0.0032147457011346327
1629060,Rui Hachimura,WAS,302,0.0065224969650377225,0.056291390728476824,11.175496688741722,2022,0.005666099304321669,0.0008563976607160531,Rui Hachimura,LAL,639,0.0034933922400149477,0.03912363067292645,11.777777777777779,2023,0.0023835936496715785,0.0011097985903433692,-0.003029104725022775,-0.003282505654650091
201566,Russell Westbrook,LAL,679,0.003688604882265002,0.07216494845360824,12.544918998527246,2022,0.002415906139108317,0.0012726987431566851,Russell Westbrook,LAC,612,0.009366932082777208,0.12908496732026145,12.375816993464053,2023,0.004353381086685858,0.00501355099609135,0.005678327200512206,0.001937474947577541
1630180,Saddiq Bey,DET,553,0.0038187765200374765,0.048824593128390596,11.52983725135624,2022,0.003311799864148347,0.0005069766558891296,Saddiq Bey,ATL,644,0.007713973330401467,0.06987577639751552,12.461180124223603,2023,0.00455553875450983,0.0031584345758916372,0.003895196810363991,0.0012437388903614832
1629003,Shake Milton,PHI,473,0.0070382014996939754,0.06765327695560254,11.695560253699789,2022,0.003942111999408586,0.0030960895002853893,Shake Milton,MIN,151,0.0023257089546561585,0.052980132450331126,12.728476821192054,2023,0.004241576761584109,-0.0019158678069279502,-0.004712492545037817,0.0002994647621755225
203915,Spencer Dinwiddie,DAL,648,0.0033306986162914016,0.043209876543209874,10.683641975308642,2022,0.002441806112953022,0.0008888925033383797,Spencer Dinwiddie,BKN,456,0.002108023175852158,0.039473684210526314,11.714912280701755,2023,0.0029160017340867724,-0.0008079785582346143,-0.0012226754404392436,0.0004741956211337505
1627752,Taurean Prince,MIN,356,0.0039650768579470395,0.05056179775280899,12.292134831460674,2022,0.0044233625292542005,-0.000458285671307161,Taurean Prince,LAL,528,0.0038587260215467065,0.03977272727272727,12.085227272727273,2023,0.0023835936496715785,0.001475132371875128,-0.00010635083640033295,-0.002039768879582622
1628470,Torrey Craig,PHX,463,0.004680734086458677,0.0367170626349892,11.414686825053996,2022,0.004059602487786356,0.0006211315986723205,Torrey Craig,CHI,231,0.003718823517131585,0.030303030303030304,11.458874458874458,2023,0.0021811217115260896,0.0015377018056054953,-0.0009619105693270918,-0.0018784807762602666
1630544,Tre Mann,OKC,472,0.002654071240958046,0.04025423728813559,12.080508474576272,2022,0.0032716856065828862,-0.0006176143656248401,Tre Mann,CHA,252,0.0052686851321760274,0.06746031746031746,12.341269841269842,2023,0.003727640683865808,0.0015410444483102193,0.0026146138912179814,0.0004559550772829219
1630570,Trendon Watford,POR,294,0.003500939864358961,0.04081632653061224,11.370748299319727,2022,0.0029980643045720607,0.0005028755597869003,Trendon Watford,BKN,291,0.005455492950831104,0.07216494845360824,11.907216494845361,2023,0.0029160017340867724,0.0025394912167443317,0.001954553086472143,-8.206257048528828e-05
1626145,Tyus Jones,MEM,657,0.0006140770295891485,0.0182648401826484,12.502283105022832,2022,0.0030354304321809043,-0.0024213534025917557,Tyus Jones,WAS,637,0.0003667950064366837,0.006279434850863423,12.689167974882261,2023,0.0020796050144090902,-0.0017128100079724065,-0.0002472820231524648,-0.0009558254177718141
