PLAYER_ID,PLAYER_NAME,TEAM_ABBREVIATION,N_SHOTS,EXPOSURE_PER_SHOT,PREMATURE,MEAN_SECOND,SEASON
977,Kobe Bryant,LAL,1026,0.008662278993489784,0.0769980506822612,11.072124756335283,2015
1495,Tim Duncan,SAS,397,0.07401169088904141,0.4332493702770781,10.005037783375315,2015
1713,Vince Carter,MEM,309,0.010646809577808091,0.11650485436893204,10.62135922330097,2015
1717,Dirk Nowitzki,DAL,1008,0.01926163589333476,0.29365079365079366,10.551587301587302,2015
1718,Paul Pierce,LAC,360,0.017863406046337425,0.13055555555555556,10.452777777777778,2015
1891,Jason Terry,HOU,339,0.009479699722455574,0.07669616519174041,11.882005899705014,2015
1897,Metta World Peace,LAL,163,0.01918151598892876,0.09815950920245399,10.159509202453988,2015
1938,Manu Ginobili,SAS,394,0.028648711905649528,0.14213197969543148,11.096446700507615,2015
2037,Jamal Crawford,LAC,837,0.040484003101898154,0.2855436081242533,11.068100358422939,2015
2199,Tyson Chandler,PHX,293,0.01478918569315842,0.08191126279863481,12.143344709897612,2015
2200,Pau Gasol,CHI,908,0.035409405722958955,0.4041850220264317,10.894273127753303,2015
2207,Joe Johnson,BKN,558,0.02633844058614882,0.2078853046594982,10.372759856630825,2015
2207,Joe Johnson,MIA,220,0.04342692832762755,0.2909090909090909,9.881818181818181,2015
2210,Richard Jefferson,CLE,285,0.019769300549663055,0.14736842105263157,10.866666666666667,2015
2216,Zach Randolph,MEM,819,0.038381544064132626,0.3308913308913309,10.043956043956044,2015
2225,Tony Parker,SAS,658,0.043434280532247245,0.28419452887537994,10.913373860182372,2015
2399,Mike Dunleavy,CHI,184,0.01299688352326782,0.125,12.684782608695652,2015
2403,Nene,WAS,362,0.03334191374816536,0.30662983425414364,10.861878453038674,2015
2405,Amar'e Stoudemire,MIA,198,0.032597336484379326,0.30303030303030304,12.0,2015
2419,Tayshaun Prince,MIN,207,0.023268500302566008,0.2560386473429952,10.028985507246377,2015
2440,Matt Barnes,MEM,620,0.0109805680599431,0.07580645161290323,11.720967741935484,2015
2449,Luis Scola,TOR,547,0.02762539344223342,0.2449725776965265,11.3363802559415,2015
2544,LeBron James,CLE,1262,0.029839914225335915,0.21394611727416799,11.532488114104597,2015
2546,Carmelo Anthony,NYK,1178,0.02705313649686815,0.2911714770797963,11.0169779286927,2015
2547,Chris Bosh,MIA,707,0.026438523217543634,0.2942008486562942,9.797736916548798,2015
2548,Dwyane Wade,MIA,1063,0.032050468215196075,0.2530573847601129,10.904985888993416,2015
2561,David West,SAS,399,0.07920053602963219,0.5614035087719298,10.977443609022556,2015
2564,Boris Diaw,SAS,349,0.033701090875591845,0.25787965616045844,10.223495702005732,2015
2571,Leandro Barbosa,GSW,332,0.045585942318396834,0.25,12.882530120481928,2015
2581,Steve Blake,DET,199,0.03161042495674851,0.20100502512562815,10.321608040201005,2015
2585,Zaza Pachulia,DAL,434,0.04119373011227212,0.347926267281106,11.495391705069125,2015
2590,Mo Williams,CLE,276,0.04417894865767578,0.358695652173913,11.355072463768115,2015
2594,Kyle Korver,ATL,585,0.005248690637446737,0.08376068376068375,13.235897435897435,2015
2730,Dwight Howard,HOU,547,0.031342355058824926,0.12797074954296161,11.888482632541134,2015
2733,Shaun Livingston,GSW,357,0.06086414772372988,0.4341736694677871,11.630252100840336,2015
2734,Devin Harris,DAL,332,0.01444110379980627,0.11746987951807229,12.063253012048193,2015
2736,Luol Deng,MIA,683,0.024026122609629223,0.20644216691068815,10.920937042459736,2015
2738,Andre Iguodala,GSW,327,0.035808661347887724,0.19877675840978593,11.5565749235474,2015
2744,Al Jefferson,CHA,462,0.06608800550726415,0.43506493506493504,9.597402597402597,2015
2746,Josh Smith,HOU,157,0.02601455807145018,0.14012738853503184,10.67515923566879,2015
2746,Josh Smith,LAC,166,0.058956784138157206,0.35542168674698793,11.614457831325302,2015
2747,JR Smith,CLE,743,0.017157854593950618,0.12920592193808883,11.08479138627187,2015
2749,Jameer Nelson,DEN,271,0.016218589215540036,0.12546125461254612,11.169741697416974,2015
2754,Tony Allen,MEM,423,0.025474426306450006,0.1607565011820331,12.962174940898345,2015
2755,Kevin Martin,MIN,302,0.02501271801629882,0.2251655629139073,12.019867549668874,2015
2756,Sasha Vujacic,NYK,257,0.01353358711535972,0.19455252918287938,11.513618677042802,2015
2772,Trevor Ariza,HOU,769,0.006752201294217937,0.0611183355006502,12.918075422626789,2015
101106,Andrew Bogut,GSW,255,0.028789743276660663,0.1803921568627451,11.615686274509804,2015
101107,Marvin Williams,CHA,698,0.017480316151079034,0.14183381088825214,10.997134670487107,2015
101108,Chris Paul,LAC,986,0.036420639567908655,0.28498985801217036,11.487829614604463,2015
101109,Raymond Felton,DAL,608,0.01788271633310231,0.15789473684210525,10.296052631578947,2015
101111,Charlie Villanueva,DAL,305,0.021310374484237456,0.12131147540983607,11.701639344262295,2015
101112,Channing Frye,CLE,150,0.012440778968281134,0.13333333333333333,10.78,2015
101112,Channing Frye,ORL,165,0.011801096668262403,0.10909090909090909,10.957575757575757,2015
101114,Deron Williams,DAL,707,0.02401815095197941,0.17256011315417255,11.376237623762377,2015
101123,Gerald Green,MIA,532,0.023248813605967946,0.23308270676691728,11.723684210526315,2015
101127,Jarrett Jack,BKN,335,0.0187710002103522,0.2417910447761194,11.585074626865671,2015
101133,Ian Mahinmi,IND,422,0.01875771990956879,0.14691943127962084,11.33175355450237,2015
101135,David Lee,BOS,180,0.029766829101726948,0.18333333333333332,11.25,2015
101138,Brandon Bass,LAL,284,0.019369734551727778,0.17253521126760563,11.630281690140846,2015
101139,CJ Miles,IND,596,0.01294528789978494,0.1040268456375839,12.062080536912752,2015
101141,Ersan Ilyasova,DET,474,0.04070806627320954,0.25949367088607594,12.552742616033756,2015
101145,Monta Ellis,IND,918,0.012283163827544864,0.17320261437908496,11.518518518518519,2015
101150,Lou Williams,LAL,648,0.010847851983399874,0.07561728395061729,11.983024691358025,2015
101161,Amir Johnson,BOS,391,0.02196268383893013,0.10230179028132992,12.337595907928389,2015
101162,Marcin Gortat,WAS,712,0.06148318719291387,0.33146067415730335,12.359550561797754,2015
101179,Ronnie Price,PHX,269,0.008542271299081123,0.06691449814126393,11.420074349442379,2015
101181,Jose Calderon,NYK,414,0.011555394879419178,0.21980676328502416,11.531400966183575,2015
200745,Andrea Bargnani,BKN,258,0.04636479037563083,0.6124031007751938,11.344961240310077,2015
200746,LaMarcus Aldridge,SAS,965,0.07347487009779284,0.5481865284974093,10.481865284974093,2015
200751,Randy Foye,DEN,302,0.018878655437579592,0.17549668874172186,11.241721854304636,2015
200752,Rudy Gay,SAC,926,0.04375133223575182,0.2894168466522678,12.11123110151188,2015
200755,JJ Redick,LAC,817,0.02698401306769308,0.31946144430844553,11.621787025703794,2015
200757,Thabo Sefolosha,ATL,336,0.010920606931843532,0.10714285714285714,12.360119047619047,2015
200765,Rajon Rondo,SAC,698,0.033032157072164836,0.2492836676217765,12.286532951289399,2015
200768,Kyle Lowry,TOR,1079,0.017603423583206365,0.10843373493975904,11.52548656163114,2015
200782,P.J. Tucker,PHX,522,0.01718354540158708,0.09386973180076628,12.547892720306514,2015
200794,Paul Millsap,ATL,960,0.024836605049825912,0.14270833333333333,11.672916666666667,2015
200826,J.J. Barea,DAL,630,0.02261722437409867,0.1380952380952381,11.157142857142857,2015
201142,Kevin Durant,OKC,1266,0.03462844022511468,0.24881516587677724,12.084518167456556,2015
201143,Al Horford,ATL,967,0.014990663801394187,0.20579110651499483,11.675284384694933,2015
201144,Mike Conley,MEM,622,0.016297751916593863,0.15916398713826366,10.734726688102894,2015
201145,Jeff Green,LAC,237,0.03238345084153421,0.20675105485232068,11.004219409282701,2015
201145,Jeff Green,MEM,489,0.024463947170941806,0.16768916155419222,10.400817995910021,2015
201147,Corey Brewer,HOU,480,0.011865469032650967,0.09791666666666667,13.114583333333334,2015
201150,Spencer Hawes,CHA,269,0.019388655096831825,0.15613382899628253,10.427509293680297,2015
201152,Thaddeus Young,BKN,888,0.032038902510188,0.22072072072072071,11.97635135135135,2015
201155,Rodney Stuckey,IND,403,0.024282939924435292,0.19602977667493796,11.439205955334987,2015
201156,Nick Young,LAL,337,0.001919242060663947,0.04451038575667656,11.071216617210682,2015
201158,Marco Belinelli,SAC,564,0.022620091612175895,0.3262411347517731,12.24468085106383,2015
201160,Jason Smith,ORL,460,0.06114807023216749,0.741304347826087,10.793478260869565,2015
201162,Jared Dudley,WAS,457,0.015281260195975192,0.24945295404814005,12.606126914660832,2015
201166,Aaron Brooks,CHI,413,0.023690009240584082,0.1549636803874092,11.39951573849879,2015
201167,Arron Afflalo,NYK,723,0.03287976237361674,0.2503457814661134,10.654218533886583,2015
201171,Carl Landry,PHI,227,0.019351649593063264,0.18502202643171806,11.506607929515418,2015
201188,Marc Gasol,MEM,651,0.03629665979112243,0.37327188940092165,8.955453149001537,2015
201196,Ramon Sessions,WAS,550,0.045118803747717165,0.20727272727272728,13.469090909090909,2015
201229,Anthony Tolliver,DET,307,0.007636242594519802,0.0749185667752443,11.745928338762216,2015
201563,Michael Beasley,HOU,187,0.02571701371287571,0.22994652406417113,12.042780748663102,2015
201564,O.J. Mayo,MIL,298,0.01306834081362574,0.1610738255033557,12.033557046979865,2015
201565,Derrick Rose,CHI,967,0.032222547109908885,0.23578076525336092,12.195449844881075,2015
201566,Russell Westbrook,OKC,1341,0.028215244160083176,0.1849366144668158,13.017897091722595,2015
201567,Kevin Love,CLE,897,0.028138526812584136,0.18394648829431437,10.72463768115942,2015
201568,Danilo Gallinari,DEN,636,0.020397424085517226,0.19968553459119498,10.718553459119496,2015
201569,Eric Gordon,NOP,513,0.012048639941843332,0.10136452241715399,12.001949317738791,2015
201571,D.J. Augustin,DEN,205,0.019989745682866798,0.13170731707317074,11.848780487804879,2015
201572,Brook Lopez,BKN,1077,0.03224418800113104,0.2906220984215413,10.924791086350975,2015
201573,Jerryd Bayless,MIL,381,0.011789542896889254,0.12073490813648294,10.84514435695538,2015
201575,Brandon Rush,GSW,240,0.023334319735109278,0.1375,12.066666666666666,2015
201577,Robin Lopez,NYK,580,0.027002338250034858,0.17758620689655172,10.643103448275863,2015
201578,Marreese Speights,GSW,417,0.09335221629865322,0.5371702637889688,11.357314148681056,2015
201579,Roy Hibbert,LAL,373,0.015882306287901753,0.13136729222520108,10.343163538873995,2015
201582,Alexis Ajinca,NOP,291,0.03847663752936875,0.39862542955326463,11.584192439862543,2015
201583,Ryan Anderson,NOP,861,0.01702768613546277,0.12427409988385599,11.08362369337979,2015
201584,Courtney Lee,CHA,205,0.015935658213948448,0.1951219512195122,11.580487804878048,2015
201584,Courtney Lee,MEM,378,0.020259201346110537,0.18253968253968253,10.444444444444445,2015
201585,Kosta Koufos,SAC,408,0.04923598219303837,0.24509803921568626,12.063725490196079,2015
201586,Serge Ibaka,OKC,818,0.05841661757592486,0.5061124694376528,11.881418092909536,2015
201587,Nicolas Batum,CHA,806,0.017896158533662127,0.21215880893300249,11.676178660049628,2015
201588,George Hill,IND,672,0.012017805378867395,0.1056547619047619,12.075892857142858,2015
201589,Darrell Arthur,DEN,448,0.027813996105050965,0.3794642857142857,11.082589285714286,2015
201596,Mario Chalmers,MEM,365,0.02772336258058774,0.136986301369863,11.87945205479452,2015
201599,DeAndre Jordan,LAC,471,0.019291065165228306,0.11677282377919321,12.477707006369426,2015
201600,Omer Asik,NOP,179,0.023033796012656215,0.12290502793296089,12.547486033519553,2015
201601,Luc Mbah a Moute,LAC,186,0.04360342631766372,0.3010752688172043,12.13978494623656,2015
201609,Goran Dragic,MIA,795,0.02366442624585977,0.17232704402515722,12.070440251572327,2015
201627,Anthony Morrow,OKC,299,0.028220048494669026,0.17725752508361203,11.414715719063546,2015
201933,Blake Griffin,LAC,559,0.05565937011597816,0.5241502683363148,10.864042933810376,2015
201935,James Harden,HOU,1460,0.019616934747793822,0.11301369863013698,12.616438356164384,2015
201936,Tyreke Evans,NOP,281,0.013148200724824831,0.099644128113879,11.480427046263346,2015
201937,Ricky Rubio,MIN,547,0.008185125186005185,0.13528336380255943,11.489945155393054,2015
201939,Stephen Curry,GSW,1461,0.0282235923364269,0.14442162902121836,13.31006160164271,2015
201941,Jordan Hill,IND,500,0.03126422888327843,0.326,10.46,2015
201942,DeMar DeRozan,TOR,1227,0.030066095472147548,0.23797881010594946,10.245313773431134,2015
201945,Gerald Henderson,POR,460,0.03284430307280829,0.2847826086956522,10.919565217391304,2015
201949,James Johnson,TOR,222,0.024355017084118614,0.13513513513513514,11.103603603603604,2015
201950,Jrue Holiday,NOP,866,0.031927465501142886,0.21362586605080833,12.288683602771362,2015
201951,Ty Lawson,HOU,251,0.014848171306946547,0.1752988047808765,12.02788844621514,2015
201952,Jeff Teague,ATL,906,0.013452120226048695,0.076158940397351,12.309050772626932,2015
201954,Darren Collison,SAC,697,0.02562055071550321,0.21377331420373027,13.296987087517934,2015
201956,Omri Casspi,SAC,580,0.033413141847468304,0.16034482758620688,12.663793103448276,2015
201959,Taj Gibson,CHI,451,0.03126884928757403,0.30155210643015523,11.392461197339246,2015
201960,DeMarre Carroll,TOR,252,0.02379532110604277,0.1388888888888889,11.718253968253968,2015
201961,Wayne Ellington,BKN,523,0.016962731205311925,0.23709369024856597,11.499043977055448,2015
201962,Toney Douglas,NOP,395,0.013059134895593025,0.14936708860759493,12.410126582278481,2015
201967,Dante Cunningham,NOP,395,0.009796693891410801,0.14430379746835442,11.718987341772152,2015
201973,Jonas Jerebko,BOS,269,0.016679029928958446,0.14869888475836432,12.118959107806692,2015
201976,Patrick Beverley,HOU,530,0.015681409384138645,0.09056603773584905,11.971698113207546,2015
201977,Marcus Thornton,HOU,394,0.01697374727754627,0.12944162436548223,12.48477157360406,2015
201978,Chase Budinger,IND,174,0.018244897696892578,0.16091954022988506,12.764367816091953,2015
201980,Danny Green,SAS,507,0.015060392535358715,0.11637080867850098,11.621301775147929,2015
201988,Patty Mills,SAS,554,0.020030321405305286,0.16606498194945848,11.84115523465704,2015
202066,Garrett Temple,WAS,465,0.021064432603647244,0.14623655913978495,13.13763440860215,2015
202083,Wesley Matthews,DAL,776,0.008762769770400953,0.08118556701030928,10.631443298969073,2015
202087,Alonzo Gee,NOP,235,0.011064325630477751,0.09361702127659574,12.71063829787234,2015
202322,John Wall,WAS,1222,0.023621054016537243,0.2602291325695581,13.196399345335516,2015
202323,Evan Turner,BOS,695,0.03564823141582257,0.25467625899280577,11.730935251798561,2015
202324,Derrick Favors,UTA,749,0.060764655829152255,0.4539385847797063,9.54739652870494,2015
202325,Wesley Johnson,LAC,461,0.0212033551060108,0.20607375271149675,12.20173535791757,2015
202326,DeMarcus Cousins,SAC,1234,0.052843009182734886,0.3209076175040519,11.939222042139384,2015
202328,Greg Monroe,MIL,861,0.030682698902822512,0.18466898954703834,11.148664343786296,2015
202329,Al-Farouq Aminu,POR,651,0.024370084056456503,0.1382488479262673,11.23963133640553,2015
202330,Gordon Hayward,UTA,1097,0.03491116842010964,0.2096627164995442,11.010938924339106,2015
202331,Paul George,IND,1315,0.01792041363041419,0.18935361216730037,12.149809885931559,2015
202332,Cole Aldrich,LAC,212,0.03461914801050913,0.16981132075471697,11.221698113207546,2015
202334,Ed Davis,POR,297,0.03139644912119515,0.1919191919191919,12.272727272727273,2015
202335,Patrick Patterson,TOR,444,0.010043474747897536,0.07207207207207207,10.894144144144144,2015
202337,Luke Babbitt,NOP,262,0.0338199403575105,0.20229007633587787,11.767175572519085,2015
202338,Kevin Seraphin,NYK,183,0.03960237334646871,0.366120218579235,10.081967213114755,2015
202339,Eric Bledsoe,PHX,437,0.017749281041338254,0.14874141876430205,12.691075514874141,2015
202340,Avery Bradley,BOS,961,0.01339371498749863,0.20395421436004163,12.882414151925078,2015
202341,James Anderson,SAC,159,0.014190762130696678,0.1320754716981132,12.08805031446541,2015
202344,Trevor Booker,UTA,337,0.025904213435804915,0.18397626112759644,11.086053412462908,2015
202355,Hassan Whiteside,MIA,613,0.039753227466796576,0.2544861337683524,11.611745513866232,2015
202357,Nemanja Bjelica,MIN,208,0.022108988351654122,0.09134615384615384,11.1875,2015
202362,Lance Stephenson,LAC,151,0.028823712540532592,0.25165562913907286,11.774834437086092,2015
202362,Lance Stephenson,MEM,271,0.019732223313417303,0.15867158671586715,10.59409594095941,2015
202388,Donald Sloan,BKN,317,0.017844800790776338,0.17034700315457413,11.962145110410095,2015
202389,Timofey Mozgov,CLE,327,0.036820257833353374,0.2874617737003058,10.749235474006117,2015
202390,Gary Neal,WAS,303,0.03150861130987186,0.29372937293729373,11.323432343234323,2015
202391,Jeremy Lin,CHA,660,0.026256468605413294,0.19545454545454546,11.328787878787878,2015
202397,Ish Smith,NOP,206,0.040270984650404844,0.21359223300970873,11.315533980582524,2015
202397,Ish Smith,PHI,639,0.025787423565220242,0.14084507042253522,11.31924882629108,2015
202498,Lance Thomas,NYK,346,0.02884705806009401,0.2630057803468208,10.907514450867051,2015
202681,Kyrie Irving,CLE,799,0.031622152503695995,0.2165206508135169,11.849812265331664,2015
202682,Derrick Williams,NYK,501,0.021981165391449054,0.2055888223552894,11.149700598802395,2015
202683,Enes Freedom,OKC,640,0.05648990570478628,0.3640625,12.2453125,2015
202684,Tristan Thompson,CLE,357,0.05180954087405555,0.2184873949579832,11.49859943977591,2015
202685,Jonas Valanciunas,TOR,485,0.029458000200626593,0.22474226804123712,11.371134020618557,2015
202687,Bismack Biyombo,TOR,262,0.032889890297687074,0.2480916030534351,12.095419847328245,2015
202688,Brandon Knight,PHX,818,0.014117101960319824,0.10880195599022005,12.574572127139364,2015
202689,Kemba Walker,CHA,1184,0.022457924467489628,0.17905405405405406,11.964527027027026,2015
202691,Klay Thompson,GSW,1320,0.038247076229277914,0.2356060606060606,12.657575757575758,2015
202692,Alec Burks,UTA,304,0.053656015376148294,0.28289473684210525,10.493421052631579,2015
202693,Markieff Morris,PHX,392,0.019910049513388775,0.14285714285714285,11.191326530612244,2015
202693,Markieff Morris,WAS,269,0.027431477306022932,0.29739776951672864,10.962825278810408,2015
202694,Marcus Morris Sr.,DET,846,0.042843521457450545,0.33569739952718675,10.3096926713948,2015
202695,Kawhi Leonard,SAS,1005,0.04038260255985633,0.28059701492537314,11.093532338308458,2015
202696,Nikola Vucevic,ORL,962,0.0430917621976711,0.44386694386694386,10.688149688149688,2015
202697,Iman Shumpert,CLE,272,0.03144075112049926,0.20955882352941177,10.415441176470589,2015
202699,Tobias Harris,DET,326,0.058820608365570425,0.29141104294478526,10.641104294478527,2015
202699,Tobias Harris,ORL,511,0.03353312740588904,0.20156555772994128,12.11545988258317,2015
202700,Donatas Motiejunas,HOU,188,0.017994289777027352,0.10638297872340426,11.542553191489361,2015
202702,Kenneth Faried,DEN,577,0.03691596441637236,0.21490467937608318,12.746967071057192,2015
202703,Nikola Mirotic,CHI,562,0.014053406965481338,0.12277580071174377,11.211743772241993,2015
202704,Reggie Jackson,DET,1111,0.0539548415285507,0.2682268226822682,11.5994599459946,2015
202708,Norris Cole,NOP,451,0.015857186189317106,0.2549889135254989,12.487804878048781,2015
202709,Cory Joseph,TOR,479,0.02253234914037575,0.1524008350730689,9.45302713987474,2015
202710,Jimmy Butler,CHI,912,0.02871448161332484,0.23684210526315788,11.526315789473685,2015
202711,Bojan Bogdanovic,BKN,690,0.01904441042379207,0.1289855072463768,11.740579710144928,2015
202713,Kyle Singler,OKC,203,0.043739171818239206,0.2315270935960591,11.866995073891626,2015
202714,Shelvin Mack,UTA,284,0.025309173593528127,0.15492957746478872,9.806338028169014,2015
202718,Chandler Parsons,DAL,605,0.013609061274906041,0.11735537190082644,11.593388429752066,2015
202720,Jon Leuer,PHX,435,0.022614300584205185,0.1632183908045977,12.471264367816092,2015
202730,Lavoy Allen,IND,339,0.03671104571959246,0.3480825958702065,12.386430678466077,2015
202734,E'Twaun Moore,CHI,354,0.043536036934373794,0.2231638418079096,11.463276836158192,2015
202738,Isaiah Thomas,BOS,1295,0.020977105633102084,0.1335907335907336,13.445559845559846,2015
203076,Anthony Davis,NOP,1055,0.03432329925995619,0.3184834123222749,11.73649289099526,2015
203078,Bradley Beal,WAS,739,0.030561338674486287,0.2462787550744249,12.424898511502029,2015
203079,Dion Waiters,OKC,640,0.028976400363027177,0.2359375,11.4671875,2015
203080,Thomas Robinson,BKN,264,0.03921517841684015,0.25,13.617424242424242,2015
203081,Damian Lillard,POR,1357,0.020362944991812692,0.12896094325718496,12.122328666175386,2015
203082,Terrence Ross,TOR,572,0.014239992428526294,0.14160839160839161,10.438811188811188,2015
203083,Andre Drummond,DET,942,0.028002230850850997,0.11252653927813164,12.560509554140127,2015
203084,Harrison Barnes,GSW,594,0.048566928265583904,0.2996632996632997,11.590909090909092,2015
203085,Austin Rivers,LAC,461,0.029514569945210272,0.21258134490238612,11.186550976138829,2015
203086,Meyers Leonard,POR,380,0.02724994660695635,0.2394736842105263,10.578947368421053,2015
203087,Jeremy Lamb,CHA,464,0.02983144013336434,0.21120689655172414,11.607758620689655,2015
203089,John Henson,MIL,266,0.030841957038017977,0.12406015037593984,10.827067669172932,2015
203090,Maurice Harkless,POR,358,0.033534257549047625,0.12849162011173185,11.720670391061452,2015
203092,Tyler Zeller,BOS,272,0.045530622883977315,0.3713235294117647,12.9375,2015
203093,Terrence Jones,HOU,320,0.03816282787895027,0.190625,11.64375,2015
203094,Andrew Nicholson,ORL,292,0.018226670758980695,0.1267123287671233,10.301369863013699,2015
203095,Evan Fournier,ORL,855,0.026736522026762088,0.18011695906432748,11.450292397660819,2015
203096,Jared Sullinger,BOS,735,0.03550487846629704,0.3510204081632653,11.525170068027212,2015
203101,Miles Plumlee,MIL,216,0.005877999312552142,0.06018518518518518,11.425925925925926,2015
203105,Festus Ezeli,GSW,212,0.04974952245228119,0.2358490566037736,11.320754716981131,2015
203109,Jae Crowder,BOS,752,0.01771409494427385,0.1702127659574468,13.013297872340425,2015
203110,Draymond Green,GSW,761,0.04456930380663319,0.21944809461235218,12.275952693823916,2015
203112,Quincy Acy,SAC,198,0.02829841947009308,0.19696969696969696,11.777777777777779,2015
203114,Khris Middleton,MIL,1017,0.024919620627465288,0.19469026548672566,11.829891838741396,2015
203115,Will Barton,DEN,873,0.027294512860250995,0.17983963344788087,12.324169530355098,2015
203118,Mike Scott,ATL,344,0.016007743324850023,0.12790697674418605,11.883720930232558,2015
203124,Kyle O'Quinn,NYK,241,0.037560529505466025,0.3983402489626556,10.726141078838173,2015
203138,Hollis Thompson,PHI,620,0.01624599433256135,0.08709677419354839,12.208064516129033,2015
203141,Mirza Teletovic,PHX,717,0.011392245126550921,0.06555090655509066,12.03765690376569,2015
203145,Kent Bazemore,ATL,674,0.010162713010083204,0.06528189910979229,12.308605341246292,2015
203187,Chris Johnson,UTA,169,0.023441187213286755,0.14201183431952663,10.396449704142011,2015
203210,JaMychal Green,MEM,441,0.025535686094632817,0.2834467120181406,11.188208616780045,2015
203382,Aron Baynes,DET,338,0.04015357046929672,0.2988165680473373,11.934911242603551,2015
203457,Nerlens Noel,PHI,532,0.02480520226820461,0.14473684210526316,12.199248120300751,2015
203458,Alex Len,PHX,558,0.023888783047522434,0.15770609318996415,10.731182795698924,2015
203459,Allen Crabbe,POR,622,0.032557346156231196,0.2508038585209003,11.813504823151126,2015
203460,Andre Roberson,OKC,244,0.016895465971258912,0.0942622950819672,12.96311475409836,2015
203462,Archie Goodwin,PHX,375,0.021390569280019974,0.09866666666666667,12.402666666666667,2015
203463,Ben McLemore,SAC,424,0.024161124891811433,0.2028301886792453,13.058962264150944,2015
203468,CJ McCollum,POR,1317,0.028915823783558874,0.18830675778283978,11.208807896735005,2015
203469,Cody Zeller,CHA,413,0.025993125717371827,0.22276029055690072,11.80871670702179,2015
203471,Dennis Schroder,ATL,703,0.012662070749536375,0.09672830725462304,11.57041251778094,2015
203473,Dewayne Dedmon,ORL,164,0.04255856240372796,0.2621951219512195,12.560975609756097,2015
203476,Gorgui Dieng,MIN,523,0.024745602919603163,0.21606118546845124,10.588910133843212,2015
203477,Isaiah Canaan,PHI,656,0.017331313851920493,0.07317073170731707,11.71798780487805,2015
203482,Kelly Olynyk,BOS,515,0.023450989832519652,0.141747572815534,12.30873786407767,2015
203484,Kentavious Caldwell-Pope,DET,875,0.03612621174354139,0.26857142857142857,11.779428571428571,2015
203486,Mason Plumlee,POR,460,0.04454854959899266,0.21739130434782608,12.084782608695653,2015
203487,Michael Carter-Williams,MIL,512,0.03875167879724311,0.24609375,11.830078125,2015
203490,Otto Porter Jr.,WAS,668,0.019498326196465538,0.2155688622754491,13.12874251497006,2015
203496,Robert Covington,PHI,657,0.013009641432780533,0.0547945205479452,12.707762557077626,2015
203497,Rudy Gobert,UTA,311,0.03803891259100509,0.20257234726688103,11.916398713826366,2015
203498,Shabazz Muhammad,MIN,629,0.03409566817656242,0.1891891891891892,12.796502384737678,2015
203499,Shane Larkin,BKN,455,0.015879307967018613,0.17582417582417584,11.887912087912088,2015
203500,Steven Adams,OKC,396,0.03326883234356457,0.17424242424242425,11.952020202020202,2015
203501,Tim Hardaway Jr.,ATL,237,0.011170762178790301,0.10126582278481013,13.08860759493671,2015
203503,Tony Snell,CHI,305,0.03458838280814566,0.20655737704918034,12.183606557377049,2015
203504,Trey Burke,UTA,578,0.029317923665993575,0.21280276816608998,10.33910034602076,2015
203506,Victor Oladipo,ORL,897,0.027084441959283195,0.2028985507246377,12.052396878483835,2015
203507,Giannis Antetokounmpo,MIL,911,0.025685951549983765,0.1734357848518112,11.846322722283205,2015
203521,Matthew Dellavedova,CLE,460,0.027226556727486508,0.16304347826086957,11.16304347826087,2015
203524,Solomon Hill,IND,192,0.019258224569962224,0.109375,11.65625,2015
203526,Raul Neto,UTA,370,0.030738638655001347,0.1783783783783784,9.751351351351351,2015
203530,Joffrey Lauvergne,DEN,344,0.021037266779962222,0.19476744186046513,10.622093023255815,2015
203546,Ian Clark,GSW,186,0.039117570751883685,0.23118279569892472,11.865591397849462,2015
203552,Seth Curry,SAC,208,0.021165257177090294,0.13942307692307693,12.278846153846153,2015
203584,Troy Daniels,CHA,176,0.013771357228961138,0.16477272727272727,11.346590909090908,2015
203613,Jonathon Simmons,SAS,211,0.03591347328870599,0.1990521327014218,10.862559241706162,2015
203798,PJ Hairston,CHA,256,0.008370703978050148,0.078125,11.09765625,2015
203894,Shabazz Napier,ORL,182,0.016799350963639912,0.12637362637362637,11.148351648351648,2015
203897,Zach LaVine,MIN,857,0.01904420216887244,0.13652275379229872,12.116686114352392,2015
203898,Tyler Ennis,MIL,162,0.02287475293491234,0.17901234567901234,11.851851851851851,2015
203900,Markel Brown,BKN,298,0.020497315603476646,0.2080536912751678,12.21476510067114,2015
203901,Elfrid Payton,ORL,666,0.04104715617500898,0.24024024024024024,11.972972972972974,2015
203903,Jordan Clarkson,LAL,983,0.016276295787224792,0.10885045778229908,11.752797558494406,2015
203914,Gary Harris,DEN,719,0.012595774627180267,0.10848400556328233,12.19471488178025,2015
203917,Nik Stauskas,PHI,508,0.008883799097621202,0.04330708661417323,11.673228346456693,2015
203918,Rodney Hood,UTA,866,0.029412858968291863,0.1766743648960739,9.617782909930716,2015
203924,Jerami Grant,PHI,546,0.03687241143277923,0.15018315018315018,11.774725274725276,2015
203926,Doug McDermott,CHI,603,0.016329677056994434,0.15920398009950248,12.595356550580432,2015
203930,Sean Kilpatrick,BKN,226,0.03045595330647446,0.19911504424778761,12.11504424778761,2015
203932,Aaron Gordon,ORL,508,0.021339476343582943,0.18700787401574803,11.958661417322835,2015
203933,T.J. Warren,PHX,407,0.025234079276824303,0.20638820638820637,13.331695331695332,2015
203935,Marcus Smart,BOS,476,0.026124765194070608,0.12605042016806722,12.369747899159664,2015
203937,Kyle Anderson,SAS,252,0.048402013493959666,0.3611111111111111,10.51984126984127,2015
203939,Dwight Powell,DAL,273,0.031004111292001136,0.3626373626373626,11.6007326007326,2015
203943,Noah Vonleh,POR,258,0.039424173052099325,0.28294573643410853,11.19767441860465,2015
203944,Julius Randle,LAL,736,0.026625471344170478,0.15896739130434784,11.091032608695652,2015
203948,Johnny O'Bryant III,MIL,194,0.028296576803617784,0.3402061855670103,10.814432989690722,2015
203952,Andrew Wiggins,MIN,1200,0.022943088663318654,0.17416666666666666,11.414166666666667,2015
203953,Jabari Parker,MIL,835,0.031008618550776846,0.25508982035928146,12.435928143712575,2015
203960,JaKarr Sampson,PHI,178,0.04648710027553851,0.1853932584269663,11.98876404494382,2015
203991,Clint Capela,HOU,371,0.040565010194190086,0.15363881401617252,13.123989218328841,2015
203994,Jusuf Nurkic,DEN,226,0.04763167990519114,0.2610619469026549,11.06637168141593,2015
203999,Nikola Jokic,DEN,545,0.04592259674335962,0.25137614678899084,11.088073394495412,2015
204001,Kristaps Porzingis,NYK,807,0.025186240589663147,0.22304832713754646,11.011152416356877,2015
204020,Tyler Johnson,MIA,218,0.025921656223727725,0.2018348623853211,11.009174311926605,2015
204025,Tim Frazier,NOP,150,0.027303525964424348,0.25333333333333335,12.966666666666667,2015
204038,Langston Galloway,NYK,527,0.01909039122027622,0.2049335863377609,11.981024667931688,2015
204060,Joe Ingles,UTA,257,0.011462752988307139,0.12062256809338522,10.206225680933851,2015
204456,T.J. McConnell,PHI,405,0.02882492884800711,0.1925925925925926,11.395061728395062,2015
1626143,Jahlil Okafor,PHI,704,0.02949462107020603,0.17755681818181818,10.553977272727273,2015
1626144,Emmanuel Mudiay,DEN,827,0.02776691598004744,0.23579201934703747,11.613059250302298,2015
1626147,Justin Anderson,DAL,166,0.023574948898344685,0.15060240963855423,11.331325301204819,2015
1626156,D'Angelo Russell,LAL,864,0.011753687349037442,0.09722222222222222,11.79861111111111,2015
1626157,Karl-Anthony Towns,MIN,1072,0.02293944089906277,0.1865671641791045,11.552238805970148,2015
1626158,Richaun Holmes,PHI,199,0.023987462448466668,0.12060301507537688,12.628140703517587,2015
1626159,Justise Winslow,MIA,418,0.03376983637372286,0.2607655502392344,11.746411483253588,2015
1626161,Willie Cauley-Stein,SAC,312,0.03130078975518657,0.21474358974358973,13.326923076923077,2015
1626162,Kelly Oubre Jr.,WAS,188,0.026752584603466426,0.13297872340425532,12.622340425531915,2015
1626163,Frank Kaminsky,CHA,467,0.035814667959038725,0.17987152034261242,10.710920770877944,2015
1626164,Devin Booker,PHX,797,0.017269999463762106,0.12296110414052698,12.761606022584692,2015
1626166,Cameron Payne,OKC,247,0.027458556945432314,0.18218623481781376,11.275303643724696,2015
1626167,Myles Turner,IND,505,0.022377707214386634,0.3485148514851485,11.603960396039604,2015
1626168,Trey Lyles,UTA,399,0.03065027695665434,0.24060150375939848,9.832080200501252,2015
1626169,Stanley Johnson,DET,542,0.056643369328687874,0.3044280442804428,11.413284132841328,2015
1626170,Jerian Grant,NYK,331,0.019747494264049974,0.1691842900302115,11.561933534743202,2015
1626171,Bobby Portis,CHI,398,0.037852312496177695,0.35678391959798994,12.150753768844222,2015
1626173,Rashad Vaughn,MIL,246,0.026510649328967708,0.17479674796747968,11.817073170731707,2015
1626181,Norman Powell,TOR,205,0.019548183060454045,0.16097560975609757,11.2,2015
1626196,Josh Richardson,MIA,244,0.01718393490519313,0.15163934426229508,10.508196721311476,2015
1626202,Joe Young,IND,151,0.03278039990620601,0.2582781456953642,12.52317880794702,2015
1626204,Larry Nance Jr.,LAL,273,0.009665674770858907,0.0989010989010989,12.010989010989011,2015
1626209,Mario Hezonja,ORL,383,0.0265082319188002,0.21148825065274152,12.339425587467362,2015
1626246,Boban Marjanovic,SAS,152,0.058037506152382685,0.29605263157894735,11.493421052631579,2015
1626273,Marcelo Huertas,LAL,206,0.018200041846596467,0.0970873786407767,11.631067961165048,2015
1713,Vince Carter,MEM,443,0.010443733497396527,0.11286681715575621,9.695259593679458,2016
1717,Dirk Nowitzki,DAL,633,0.0018904188083858136,0.023696682464454975,10.437598736176936,2016
1891,Jason Terry,MIL,214,0.007049438770737091,0.06074766355140187,10.75233644859813,2016
1938,Manu Ginobili,SAS,385,0.018785957641763454,0.12467532467532468,11.54025974025974,2016
2037,Jamal Crawford,LAC,772,0.015435075601826734,0.17357512953367876,10.967616580310882,2016
2199,Tyson Chandler,PHX,204,0.007493098964760121,0.0392156862745098,12.681372549019608,2016
2200,Pau Gasol,SAS,545,0.016527401983338158,0.25871559633027524,10.722935779816513,2016
2207,Joe Johnson,UTA,535,0.011547477194083862,0.1308411214953271,8.846728971962618,2016
2210,Richard Jefferson,CLE,300,0.01312456150489235,0.11666666666666667,10.863333333333333,2016
2216,Zach Randolph,MEM,856,0.02189560235557705,0.2850467289719626,9.83411214953271,2016
2225,Tony Parker,SAS,527,0.019855956901457042,0.20683111954459202,11.28842504743833,2016
2403,Nene,HOU,363,0.024438662039569042,0.22865013774104684,12.201101928374655,2016
2440,Matt Barnes,SAC,344,0.017238674547492606,0.1511627906976744,10.779069767441861,2016
2544,LeBron James,CLE,1205,0.015914080965146474,0.16763485477178422,11.910373443983403,2016
2546,Carmelo Anthony,NYK,1248,0.008324072180743044,0.09935897435897435,10.874198717948717,2016
2548,Dwyane Wade,CHI,878,0.01568322750707829,0.22209567198177677,11.825740318906606,2016
2561,David West,GSW,225,0.03626353860500638,0.4444444444444444,10.813333333333333,2016
2564,Boris Diaw,UTA,285,0.012116246977141646,0.12631578947368421,9.414035087719299,2016
2571,Leandro Barbosa,PHX,371,0.012352685799973022,0.0673854447439353,12.320754716981131,2016
2585,Zaza Pachulia,GSW,287,0.05923157515030082,0.3623693379790941,13.278745644599303,2016
2594,Kyle Korver,ATL,227,2.289397664707632e-05,0.004405286343612335,13.268722466960352,2016
2594,Kyle Korver,CLE,243,0.010338586070538051,0.15637860082304528,11.588477366255145,2016
2730,Dwight Howard,ATL,563,0.005467903500783959,0.04440497335701599,12.770870337477797,2016
2733,Shaun Livingston,GSW,284,0.021288561706680125,0.24295774647887325,11.44718309859155,2016
2734,Devin Harris,DAL,297,0.006745398382813428,0.050505050505050504,11.494949494949495,2016
2736,Luol Deng,LAL,387,0.006939144850082872,0.10594315245478036,12.310077519379846,2016
2738,Andre Iguodala,GSW,369,0.016622348556069574,0.13550135501355012,11.495934959349594,2016
2743,Kris Humphries,ATL,191,0.006994309854379083,0.09947643979057591,10.837696335078535,2016
2744,Al Jefferson,IND,426,0.05200261651672408,0.40375586854460094,9.44131455399061,2016
2747,JR Smith,CLE,315,0.01180683230952554,0.13015873015873017,11.552380952380952,2016
2749,Jameer Nelson,DEN,548,0.03200301251751143,0.24635036496350365,11.835766423357665,2016
2754,Tony Allen,MEM,546,0.03379580664802769,0.2326007326007326,12.435897435897436,2016
2757,Beno Udrih,DET,170,0.02997492722680305,0.31176470588235294,11.91764705882353,2016
2772,Trevor Ariza,HOU,740,0.00784576485105865,0.07162162162162163,13.405405405405405,2016
101107,Marvin Williams,CHA,656,0.008608954858372491,0.11585365853658537,11.504573170731707,2016
101108,Chris Paul,LAC,683,0.006113768475601448,0.1376281112737921,11.695461200585651,2016
101109,Raymond Felton,LAC,442,0.019396365454133428,0.2149321266968326,10.44343891402715,2016
101112,Channing Frye,CLE,485,0.013421631891665202,0.14432989690721648,11.047422680412371,2016
101114,Deron Williams,DAL,409,0.006841916606119475,0.09046454767726161,10.36919315403423,2016
101123,Gerald Green,BOS,210,0.016996028137087928,0.2,11.357142857142858,2016
101135,David Lee,SAS,380,0.04248561262915202,0.2789473684210526,11.871052631578948,2016
101138,Brandon Bass,LAC,162,0.040536517386101326,0.3148148148148148,11.166666666666666,2016
101139,CJ Miles,IND,598,0.012620705768025618,0.12876254180602006,11.610367892976589,2016
101141,Ersan Ilyasova,ATL,202,0.00773877932638991,0.08415841584158416,12.277227722772277,2016
101141,Ersan Ilyasova,PHI,600,0.01070903792142445,0.09666666666666666,12.721666666666666,2016
101145,Monta Ellis,IND,501,0.013407121049372674,0.17964071856287425,11.357285429141717,2016
101150,Lou Williams,HOU,242,0.0201994352563706,0.18181818181818182,12.776859504132231,2016
101150,Lou Williams,LAL,682,0.010114443931442951,0.09090909090909091,12.794721407624634,2016
101161,Amir Johnson,BOS,348,0.010548178496216705,0.08333333333333333,11.675287356321839,2016
101162,Marcin Gortat,WAS,624,0.027025827144647643,0.2403846153846154,12.189102564102564,2016
200746,LaMarcus Aldridge,SAS,945,0.015963890881383284,0.364021164021164,10.282539682539683,2016
200751,Randy Foye,BKN,298,0.004959967593430817,0.06375838926174497,12.083892617449665,2016
200752,Rudy Gay,SAC,390,0.020454657883136215,0.1641025641025641,11.405128205128205,2016
200755,JJ Redick,LAC,826,0.0051715551341463,0.12227602905569007,11.887409200968523,2016
200757,Thabo Sefolosha,ATL,366,0.004834744374779415,0.04371584699453552,12.259562841530055,2016
200765,Rajon Rondo,CHI,487,0.0169872221699678,0.2299794661190965,12.075975359342916,2016
200768,Kyle Lowry,TOR,825,0.011283480111752345,0.11878787878787879,11.901818181818182,2016
200771,Sergio Rodriguez,PHI,476,0.016541525642757113,0.13445378151260504,11.800420168067227,2016
200782,P.J. Tucker,PHX,308,0.017799673880150125,0.1461038961038961,12.37987012987013,2016
200794,Paul Millsap,ATL,880,0.008848501938811098,0.08181818181818182,10.873863636363636,2016
200826,J.J. Barea,DAL,307,0.0051654128928591905,0.0749185667752443,10.762214983713354,2016
201142,Kevin Durant,GSW,955,0.01042204276741903,0.11727748691099477,12.602094240837696,2016
201143,Al Horford,BOS,740,0.012224209903061134,0.17162162162162162,10.191891891891892,2016
201144,Mike Conley,MEM,893,0.012611276370023366,0.1612541993281075,10.573348264277715,2016
201145,Jeff Green,ORL,493,0.010554869692682562,0.13184584178498987,10.823529411764707,2016
201147,Corey Brewer,HOU,201,0.02257522871859235,0.12935323383084577,11.91044776119403,2016
201149,Joakim Noah,NYK,168,0.01919655504146339,0.20833333333333334,13.261904761904763,2016
201150,Spencer Hawes,CHA,201,0.0194877905904827,0.1890547263681592,10.810945273631841,2016
201152,Thaddeus Young,IND,637,0.015578013270770416,0.1726844583987441,12.222919937205651,2016
201155,Rodney Stuckey,IND,216,0.026025112793025027,0.24074074074074073,11.476851851851851,2016
201156,Nick Young,LAL,585,0.004051773902155133,0.05299145299145299,12.811965811965813,2016
201158,Marco Belinelli,CHA,576,0.010548036846271763,0.16666666666666666,11.175347222222221,2016
201160,Jason Smith,WAS,303,0.01580565925284179,0.264026402640264,11.287128712871286,2016
201162,Jared Dudley,PHX,318,0.0031714493610749714,0.0220125786163522,12.471698113207546,2016
201163,Wilson Chandler,DEN,853,0.04356546568506365,0.26143024618991795,11.645955451348183,2016
201166,Aaron Brooks,IND,263,0.01570342743220754,0.1520912547528517,10.756653992395437,2016
201167,Arron Afflalo,SAC,361,0.01321883468715033,0.15789473684210525,9.930747922437673,2016
201188,Marc Gasol,MEM,1066,0.01000524919754302,0.19230769230769232,9.875234521575985,2016
201196,Ramon Sessions,CHA,235,0.02116361527920319,0.14893617021276595,12.136170212765958,2016
201228,C.J. Watson,ORL,230,0.0121674719409782,0.14782608695652175,12.565217391304348,2016
201229,Anthony Tolliver,SAC,329,0.01553198533520598,0.12462006079027356,10.699088145896656,2016
201563,Michael Beasley,MIL,373,0.027459908272988314,0.2949061662198391,11.546916890080428,2016
201565,Derrick Rose,NYK,909,0.025348463301096077,0.2552255225522552,12.22882288228823,2016
201566,Russell Westbrook,OKC,1817,0.009627500166599044,0.1298844248761695,13.084755090809026,2016
201567,Kevin Love,CLE,800,0.018437883435784265,0.195,11.69375,2016
201568,Danilo Gallinari,DEN,683,0.04229311050616316,0.3235724743777452,11.46705710102489,2016
201569,Eric Gordon,HOU,953,0.014613951588255264,0.0944386149003148,13.224554039874082,2016
201571,D.J. Augustin,ORL,447,0.010303712451470265,0.10514541387024609,11.313199105145413,2016
201572,Brook Lopez,BKN,1109,0.004011358585592581,0.04869251577998197,12.142470694319206,2016
201575,Brandon Rush,MIN,175,0.009486180138631577,0.12571428571428572,12.131428571428572,2016
201577,Robin Lopez,CHI,678,0.020123977558413896,0.33185840707964603,10.50589970501475,2016
201578,Marreese Speights,LAC,497,0.018213505115920726,0.15694164989939638,10.841046277665995,2016
201580,JaVale McGee,GSW,287,0.015456195644051532,0.11846689895470383,12.452961672473867,2016
201582,Alexis Ajinca,NOP,165,0.025146930393258285,0.2727272727272727,11.903030303030302,2016
201583,Ryan Anderson,HOU,723,0.014150892551315072,0.10511756569847856,12.352697095435685,2016
201584,Courtney Lee,NYK,639,0.012227241676519592,0.1752738654147105,12.004694835680752,2016
201585,Kosta Koufos,SAC,360,0.025619583274049174,0.17777777777777778,11.002777777777778,2016
201586,Serge Ibaka,ORL,661,0.004233786155458566,0.059001512859304085,11.711043872919818,2016
201586,Serge Ibaka,TOR,262,0.009257049466667501,0.1946564885496183,11.072519083969466,2016
201587,Nicolas Batum,CHA,916,0.011625197178933122,0.14519650655021835,11.31004366812227,2016
201588,George Hill,UTA,552,0.015338168478654329,0.13949275362318841,10.298913043478262,2016
201589,Darrell Arthur,DEN,201,0.028627150915932164,0.3034825870646766,11.477611940298507,2016
201599,DeAndre Jordan,LAC,515,0.004902425531497108,0.021359223300970873,12.63883495145631,2016
201601,Luc Mbah a Moute,LAC,339,0.02069825929503679,0.25073746312684364,12.00589970501475,2016
201609,Goran Dragic,MIA,1031,0.016225192072111233,0.1571290009699321,12.111542192046556,2016
201627,Anthony Morrow,OKC,211,0.02291773659577319,0.22274881516587677,13.199052132701421,2016
201933,Blake Griffin,LAC,860,0.024907278677225635,0.29186046511627906,11.18953488372093,2016
201935,James Harden,HOU,1366,0.011269686823630047,0.095900439238653,12.150073206442167,2016
201936,Tyreke Evans,NOP,197,0.0433901184489088,0.25888324873096447,12.269035532994923,2016
201937,Ricky Rubio,MIN,577,0.02078234077452188,0.2339688041594454,11.490467937608319,2016
201939,Stephen Curry,GSW,1316,0.011607013018323833,0.11854103343465046,13.155015197568389,2016
201942,DeMar DeRozan,TOR,1380,0.01632070716181209,0.24565217391304348,10.611594202898551,2016
201943,Brandon Jennings,NYK,382,0.02107480450463192,0.17015706806282724,12.900523560209423,2016
201945,Gerald Henderson,PHI,508,0.014590693487791517,0.09645669291338582,12.051181102362206,2016
201949,James Johnson,MIA,682,0.035158160170635645,0.21700879765395895,10.963343108504398,2016
201950,Jrue Holiday,NOP,832,0.01988340075019625,0.21634615384615385,12.383413461538462,2016
201951,Ty Lawson,SAC,465,0.0269605379080726,0.25806451612903225,12.419354838709678,2016
201952,Jeff Teague,IND,820,0.025534133278602083,0.2121951219512195,11.636585365853659,2016
201954,Darren Collison,SAC,622,0.012882097469830295,0.14469453376205788,11.369774919614148,2016
201959,Taj Gibson,CHI,482,0.029440237209109058,0.2821576763485477,10.995850622406639,2016
201959,Taj Gibson,OKC,171,0.025452104859768735,0.2982456140350877,11.707602339181287,2016
201960,DeMarre Carroll,TOR,496,0.01786704344546427,0.1592741935483871,12.272177419354838,2016
201961,Wayne Ellington,MIA,509,0.010615645334886775,0.14145383104125736,10.345776031434184,2016
201967,Dante Cunningham,NOP,333,0.01726994584175993,0.10510510510510511,12.063063063063064,2016
201973,Jonas Jerebko,BOS,240,0.022150111296236865,0.15416666666666667,11.3125,2016
201975,Jodie Meeks,ORL,240,0.013925716427490568,0.1125,12.391666666666667,2016
201976,Patrick Beverley,HOU,502,0.016524902658611736,0.11952191235059761,12.091633466135459,2016
201977,Marcus Thornton,WAS,189,0.027810359295726287,0.23809523809523808,12.074074074074074,2016
201980,Danny Green,SAS,405,0.01093812477131106,0.1037037037037037,11.777777777777779,2016
201988,Patty Mills,SAS,565,0.00827231592247096,0.12389380530973451,11.900884955752213,2016
202066,Garrett Temple,SAC,384,0.011882444487100382,0.14583333333333334,10.71875,2016
202083,Wesley Matthews,DAL,762,0.00479258504823147,0.047244094488188976,10.454068241469816,2016
202322,John Wall,WAS,1276,0.02701125764353424,0.26410658307210033,13.00705329153605,2016
202323,Evan Turner,POR,507,0.015191191890705965,0.1873767258382643,10.840236686390533,2016
202324,Derrick Favors,UTA,382,0.029312561314429417,0.31675392670157065,9.832460732984293,2016
202325,Wesley Johnson,LAC,177,0.01155823669317141,0.15819209039548024,11.288135593220339,2016
202326,DeMarcus Cousins,NOP,283,0.021169342957437574,0.1696113074204947,11.144876325088338,2016
202326,DeMarcus Cousins,SAC,987,0.025051326013619944,0.22087132725430597,10.22998986828774,2016
202328,Greg Monroe,MIL,659,0.017850171417724287,0.16084977238239756,10.927162367223065,2016
202329,Al-Farouq Aminu,POR,423,0.015008586482618338,0.08983451536643026,10.735224586288416,2016
202330,Gordon Hayward,UTA,1069,0.014390416888607501,0.17212347988774557,11.005612722170252,2016
202331,Paul George,IND,1239,0.0171454051498036,0.25585149313962874,11.670702179176756,2016
202335,Patrick Patterson,TOR,356,0.009147998104890604,0.11797752808988764,11.202247191011235,2016
202337,Luke Babbitt,MIA,261,0.007766691200683895,0.07279693486590039,10.651340996168582,2016
202338,Kevin Seraphin,IND,182,0.04800817870859476,0.43956043956043955,10.961538461538462,2016
202339,Eric Bledsoe,PHX,936,0.01128815462140383,0.08974358974358974,12.48611111111111,2016
202340,Avery Bradley,BOS,720,0.018532390906058373,0.2013888888888889,12.156944444444445,2016
202344,Trevor Booker,BKN,551,0.012758236840022748,0.12159709618874773,13.090744101633394,2016
202348,Jordan Crawford,NOP,197,0.034075195502145474,0.25380710659898476,12.289340101522843,2016
202355,Hassan Whiteside,MIA,897,0.025028810635298267,0.22853957636566333,11.798216276477145,2016
202357,Nemanja Bjelica,MIN,326,0.020419685304664932,0.1196319018404908,11.214723926380367,2016
202389,Timofey Mozgov,LAL,305,0.012284639895008994,0.13442622950819672,11.134426229508197,2016
202391,Jeremy Lin,BKN,375,0.012455250799369133,0.112,12.693333333333333,2016
202397,Ish Smith,DET,666,0.03226727961563168,0.27927927927927926,11.797297297297296,2016
202498,Lance Thomas,NYK,215,0.020769423332314206,0.24186046511627907,10.474418604651163,2016
202681,Kyrie Irving,CLE,1298,0.018246956255688215,0.187211093990755,11.818952234206472,2016
202683,Enes Freedom,OKC,674,0.0133818459357781,0.17655786350148367,11.896142433234422,2016
202684,Tristan Thompson,CLE,383,0.033300228570604024,0.17754569190600522,11.91644908616188,2016
202685,Jonas Valanciunas,TOR,638,0.016074028086248294,0.25705329153605017,11.716300940438872,2016
202687,Bismack Biyombo,ORL,298,0.025340075818054943,0.16778523489932887,11.74496644295302,2016
202688,Brandon Knight,PHX,480,0.009716415805195302,0.09375,12.21875,2016
202689,Kemba Walker,CHA,1302,0.009643232217095002,0.11290322580645161,12.061443932411674,2016
202691,Klay Thompson,GSW,1296,0.023591043189004814,0.22067901234567902,12.852623456790123,2016
202692,Alec Burks,UTA,220,0.03023355556696308,0.22272727272727272,11.209090909090909,2016
202693,Markieff Morris,WAS,838,0.03066427320984326,0.2863961813842482,10.630071599045346,2016
202694,Marcus Morris Sr.,DET,909,0.01825820791426449,0.22442244224422442,10.465346534653465,2016
202695,Kawhi Leonard,SAS,1182,0.011110056274108444,0.1988155668358714,11.070219966159053,2016
202696,Nikola Vucevic,ORL,963,0.0035709353012886276,0.04257528556593977,11.317757009345794,2016
202697,Iman Shumpert,CLE,437,0.020458524177801963,0.16933638443935928,11.334096109839816,2016
202699,Tobias Harris,DET,978,0.03199021695959082,0.2770961145194274,11.008179959100204,2016
202702,Kenneth Faried,DEN,366,0.029909515353665827,0.20218579234972678,12.87431693989071,2016
202703,Nikola Mirotic,CHI,580,0.012549434685200252,0.13620689655172413,11.770689655172413,2016
202704,Reggie Jackson,DET,617,0.023247006574516203,0.23014586709886548,11.612641815235008,2016
202709,Cory Joseph,TOR,591,0.011068662773752335,0.155668358714044,11.142131979695431,2016
202710,Jimmy Butler,CHI,1106,0.019729623092431245,0.2179023508137432,11.596745027124774,2016
202711,Bojan Bogdanovic,BKN,586,0.007812667154348434,0.06143344709897611,12.948805460750853,2016
202711,Bojan Bogdanovic,WAS,211,0.026658949947608174,0.1943127962085308,12.464454976303317,2016
202714,Shelvin Mack,UTA,327,0.010803079002936523,0.12844036697247707,10.385321100917432,2016
202718,Chandler Parsons,MEM,209,0.009822433438413693,0.12440191387559808,10.229665071770334,2016
202720,Jon Leuer,DET,609,0.03198359786307474,0.2939244663382594,12.151067323481117,2016
202722,Davis Bertans,SAS,210,0.005518962783624159,0.06666666666666667,11.338095238095239,2016
202734,E'Twaun Moore,NOP,557,0.019370145098181555,0.19569120287253142,11.998204667863554,2016
202738,Isaiah Thomas,BOS,1387,0.016440636047323706,0.13554434030281182,12.418889689978371,2016
203076,Anthony Davis,NOP,1434,0.023206588641594382,0.17642956764295675,11.849372384937238,2016
203077,Michael Kidd-Gilchrist,CHA,574,0.028175047536340123,0.2665505226480836,11.16376306620209,2016
203078,Bradley Beal,WAS,1225,0.017267981817675016,0.17959183673469387,12.68,2016
203079,Dion Waiters,MIA,605,0.023954430771710267,0.22644628099173553,11.018181818181818,2016
203080,Thomas Robinson,LAL,177,0.016719602938872122,0.1751412429378531,13.033898305084746,2016
203081,Damian Lillard,POR,1364,0.011268287634104692,0.12756598240469208,11.939149560117302,2016
203082,Terrence Ross,ORL,254,0.0030243854498541466,0.05905511811023622,12.031496062992126,2016
203082,Terrence Ross,TOR,442,0.006825934014921376,0.1085972850678733,11.588235294117647,2016
203083,Andre Drummond,DET,824,0.022088242880933716,0.17597087378640777,12.605582524271844,2016
203084,Harrison Barnes,DAL,1159,0.007073919482657961,0.08541846419327007,9.396893874029336,2016
203085,Austin Rivers,LAC,668,0.01307774031374033,0.09431137724550898,10.979041916167665,2016
203086,Meyers Leonard,POR,342,0.0065133140268861045,0.11695906432748537,9.929824561403509,2016
203087,Jeremy Lamb,CHA,423,0.015075737137623602,0.13947990543735225,11.286052009456265,2016
203089,John Henson,MIL,278,0.014713018346232338,0.14388489208633093,11.273381294964029,2016
203090,Maurice Harkless,POR,575,0.014033307633388115,0.0817391304347826,11.358260869565218,2016
203093,Terrence Jones,NOP,439,0.048963368550971116,0.2984054669703872,11.177676537585421,2016
203095,Evan Fournier,ORL,844,0.012494996602424589,0.11492890995260663,11.735781990521327,2016
203109,Jae Crowder,BOS,674,0.0137364775805893,0.13798219584569732,11.968842729970326,2016
203110,Draymond Green,GSW,590,0.028118551022109545,0.16779661016949152,12.61864406779661,2016
203114,Khris Middleton,MIL,288,0.010659949267364861,0.13541666666666666,10.48611111111111,2016
203115,Will Barton,DEN,613,0.03551403401480069,0.2463295269168026,12.730831973898859,2016
203120,Justin Hamilton,BKN,354,0.016927492863947857,0.0847457627118644,12.516949152542374,2016
203124,Kyle O'Quinn,NYK,363,0.028170727806182985,0.30303030303030304,11.685950413223141,2016
203141,Mirza Teletovic,MIL,386,0.008918099747907722,0.07512953367875648,11.66839378238342,2016
203145,Kent Bazemore,ATL,647,0.009965877798731166,0.08964451313755796,12.282843894899536,2016
203186,Willie Reed,MIA,250,0.030717734779624844,0.172,11.48,2016
203200,Justin Holiday,NYK,499,0.01731499272026288,0.19238476953907815,11.853707414829659,2016
203210,JaMychal Green,MEM,447,0.016093920283239922,0.19910514541387025,11.174496644295303,2016
203382,Aron Baynes,DET,247,0.031586925497213765,0.2874493927125506,12.263157894736842,2016
203457,Nerlens Noel,PHI,160,0.01119623666804188,0.15,12.66875,2016
203458,Alex Len,PHX,418,0.0194380859712052,0.20574162679425836,12.11244019138756,2016
203459,Allen Crabbe,POR,614,0.012748520266529806,0.17263843648208468,11.20684039087948,2016
203460,Andre Roberson,OKC,413,0.006523517869368152,0.03389830508474576,12.537530266343826,2016
203463,Ben McLemore,SAC,380,0.02060024910694304,0.18947368421052632,11.557894736842105,2016
203468,CJ McCollum,POR,1310,0.007305483455584215,0.09618320610687023,11.496946564885496,2016
203469,Cody Zeller,CHA,414,0.018492891618922855,0.16183574879227053,11.618357487922705,2016
203471,Dennis Schroder,ATL,1131,0.005386875607437468,0.05481874447391689,12.384615384615385,2016
203473,Dewayne Dedmon,SAS,231,0.03155773411989285,0.17316017316017315,11.952380952380953,2016
203476,Gorgui Dieng,MIN,588,0.026987886752451777,0.34523809523809523,11.195578231292517,2016
203477,Isaiah Canaan,CHI,156,0.01487312873279171,0.1346153846153846,11.506410256410257,2016
203482,Kelly Olynyk,BOS,462,0.021931559511422664,0.16883116883116883,10.822510822510823,2016
203484,Kentavious Caldwell-Pope,DET,862,0.017234430269240507,0.17981438515081208,12.352668213457077,2016
203486,Mason Plumlee,DEN,165,0.03403312743699642,0.28484848484848485,11.472727272727273,2016
203486,Mason Plumlee,POR,397,0.024418694986079247,0.20654911838790932,11.594458438287154,2016
203487,Michael Carter-Williams,CHI,277,0.02129304388852743,0.22021660649819494,11.429602888086643,2016
203488,Mike Muscala,ATL,307,0.007053567148035672,0.14006514657980457,12.348534201954397,2016
203490,Otto Porter Jr.,WAS,758,0.019194961239572435,0.17282321899736147,12.567282321899736,2016
203496,Robert Covington,PHI,685,0.013776252997942481,0.07883211678832117,12.79124087591241,2016
203497,Rudy Gobert,UTA,565,0.01618822573344615,0.09911504424778761,11.831858407079647,2016
203498,Shabazz Muhammad,MIN,553,0.03011241567349765,0.23688969258589512,12.792043399638336,2016
203500,Steven Adams,OKC,620,0.013209136251393404,0.12258064516129032,12.185483870967742,2016
203501,Tim Hardaway Jr.,ATL,844,0.003981477538080174,0.045023696682464455,13.071090047393366,2016
203503,Tony Snell,MIL,491,0.010069365781739755,0.12016293279022404,12.10590631364562,2016
203504,Trey Burke,WAS,230,0.02486248776364809,0.2782608695652174,11.604347826086956,2016
203506,Victor Oladipo,OKC,858,0.014479030113190045,0.14918414918414918,13.003496503496503,2016
203507,Giannis Antetokounmpo,MIL,1124,0.01615837665298343,0.16370106761565836,12.117437722419929,2016
203516,James Ennis III,MEM,274,0.014651304262429506,0.12408759124087591,10.94890510948905,2016
203518,Alex Abrines,OKC,311,0.006339904278573834,0.0707395498392283,11.684887459807074,2016
203521,Matthew Dellavedova,MIL,483,0.021222213585714,0.18012422360248448,10.850931677018634,2016
203524,Solomon Hill,NOP,439,0.013167592076398293,0.0888382687927107,12.300683371298405,2016
203530,Joffrey Lauvergne,OKC,224,0.019659072722789155,0.15625,11.263392857142858,2016
203546,Ian Clark,GSW,388,0.029036680840822535,0.2036082474226804,11.268041237113403,2016
203552,Seth Curry,DAL,640,0.007252564303624813,0.0859375,10.7796875,2016
203584,Troy Daniels,MEM,452,0.011142052312155344,0.1570796460176991,10.95796460176991,2016
203585,Rodney McGruder,MIA,410,0.02889040696629902,0.15853658536585366,10.646341463414634,2016
203613,Jonathon Simmons,SAS,375,0.025618637854001505,0.20266666666666666,10.312,2016
203894,Shabazz Napier,POR,165,0.012878245157660067,0.10909090909090909,11.048484848484849,2016
203897,Zach LaVine,MIN,641,0.012863136398910287,0.11856474258970359,12.102964118564742,2016
203901,Elfrid Payton,ORL,829,0.01437040544869762,0.1411338962605549,12.978287092882992,2016
203902,Semaj Christon,OKC,186,0.025091087380924974,0.13978494623655913,10.048387096774194,2016
203903,Jordan Clarkson,LAL,974,0.00642066946667857,0.07084188911704312,11.782340862422998,2016
203914,Gary Harris,DEN,590,0.020916810136864694,0.15254237288135594,12.308474576271186,2016
203915,Spencer Dinwiddie,BKN,277,0.017461271726535613,0.13357400722021662,12.747292418772563,2016
203917,Nik Stauskas,PHI,565,0.008617531331289025,0.07964601769911504,11.446017699115044,2016
203918,Rodney Hood,UTA,595,0.010905459237815617,0.1092436974789916,10.174789915966386,2016
203922,Glenn Robinson III,IND,298,0.02872948044577225,0.2516778523489933,11.946308724832214,2016
203924,Jerami Grant,OKC,295,0.02793304774576794,0.2033898305084746,11.579661016949153,2016
203925,Joe Harris,BKN,345,0.009264905702258434,0.07246376811594203,12.660869565217391,2016
203926,Doug McDermott,CHI,351,0.019799481505750897,0.2336182336182336,12.393162393162394,2016
203930,Sean Kilpatrick,BKN,674,0.014133197985559563,0.07566765578635015,12.311572700296736,2016
203932,Aaron Gordon,ORL,784,0.015671507317294393,0.1441326530612245,11.928571428571429,2016
203933,T.J. Warren,PHX,737,0.01372949396381594,0.10719131614654002,13.462686567164178,2016
203935,Marcus Smart,BOS,654,0.025190568789700996,0.20642201834862386,11.258409785932722,2016
203937,Kyle Anderson,SAS,183,0.03346914168409167,0.24043715846994534,10.726775956284152,2016
203939,Dwight Powell,DAL,340,0.025356547351767473,0.2088235294117647,11.273529411764706,2016
203943,Noah Vonleh,POR,241,0.026717245997247074,0.2157676348547718,11.08713692946058,2016
203944,Julius Randle,LAL,689,0.02294773999662755,0.2104499274310595,12.238026124818578,2016
203952,Andrew Wiggins,MIN,1440,0.01724958833334396,0.2423611111111111,10.676388888888889,2016
203953,Jabari Parker,MIL,741,0.0220070181270709,0.1970310391363023,12.35357624831309,2016
203954,Joel Embiid,PHI,389,0.035986856800504986,0.20565552699228792,11.727506426735218,2016
203957,Dante Exum,UTA,322,0.011511077725179935,0.09316770186335403,11.27639751552795,2016
203967,Dario Saric,PHI,862,0.01845057054757569,0.12993039443155452,11.752900232018561,2016
203991,Clint Capela,HOU,518,0.033061454917509996,0.15637065637065636,13.027027027027026,2016
203994,Jusuf Nurkic,DEN,277,0.0573032302676967,0.4548736462093863,11.722021660649819,2016
203994,Jusuf Nurkic,POR,225,0.01860011046826535,0.19555555555555557,10.964444444444444,2016
203999,Nikola Jokic,DEN,773,0.04564200277651841,0.3169469598965071,11.926261319534282,2016
204001,Kristaps Porzingis,NYK,900,0.017226333604802694,0.18333333333333332,11.566666666666666,2016
204020,Tyler Johnson,MIA,754,0.02461560854624312,0.21750663129973474,11.620689655172415,2016
204025,Tim Frazier,NOP,364,0.02777805935431604,0.20604395604395603,12.604395604395604,2016
204028,Tarik Black,LAL,265,0.019819632320626154,0.10566037735849057,12.143396226415094,2016
204038,Langston Galloway,NOP,408,0.018290602813015023,0.20833333333333334,12.313725490196079,2016
204060,Joe Ingles,UTA,408,0.008342944945719862,0.08088235294117647,10.75,2016
204456,T.J. McConnell,PHI,453,0.007057380303576558,0.07947019867549669,11.847682119205299,2016
1626143,Jahlil Okafor,PHI,444,0.012039331110768806,0.12837837837837837,10.768018018018019,2016
1626144,Emmanuel Mudiay,DEN,501,0.05332624205370578,0.36926147704590817,12.033932135728543,2016
1626145,Tyus Jones,MIN,167,0.028609364004165826,0.19760479041916168,10.952095808383234,2016
1626147,Justin Anderson,DAL,249,0.01279855878411819,0.0963855421686747,10.401606425702811,2016
1626149,Montrezl Harrell,HOU,304,0.03294359117118293,0.19078947368421054,12.779605263157896,2016
1626150,Andrew Harrison,MEM,302,0.010200140444845959,0.1291390728476821,10.04635761589404,2016
1626155,Sam Dekker,HOU,385,0.02008960314904733,0.10909090909090909,13.07012987012987,2016
1626156,D'Angelo Russell,LAL,797,0.006873544698694003,0.08030112923462986,12.362609786700126,2016
1626157,Karl-Anthony Towns,MIN,1385,0.010165279900173081,0.09747292418772563,11.379061371841155,2016
1626158,Richaun Holmes,PHI,390,0.025420367669085377,0.19487179487179487,12.638461538461538,2016
1626159,Justise Winslow,MIA,202,0.02928981156778043,0.24752475247524752,10.341584158415841,2016
1626161,Willie Cauley-Stein,SAC,432,0.02843900383538624,0.2361111111111111,11.164351851851851,2016
1626162,Kelly Oubre Jr.,WAS,398,0.03606710851894556,0.20854271356783918,12.751256281407036,2016
1626163,Frank Kaminsky,CHA,734,0.01858971208874903,0.17166212534059946,9.89509536784741,2016
1626164,Devin Booker,PHX,1310,0.010159695489688347,0.09923664122137404,12.576335877862595,2016
1626167,Myles Turner,IND,805,0.028585235493922046,0.39254658385093166,11.136645962732919,2016
1626168,Trey Lyles,UTA,395,0.015827376362220816,0.14936708860759493,10.288607594936709,2016
1626169,Stanley Johnson,DET,324,0.03816714349599902,0.32098765432098764,11.614197530864198,2016
1626170,Jerian Grant,CHI,261,0.01236099926755154,0.14942528735632185,11.42911877394636,2016
1626171,Bobby Portis,CHI,349,0.026972389232234585,0.2979942693409742,11.753581661891117,2016
1626178,Rondae Hollis-Jefferson,BKN,508,0.020780212593719396,0.13976377952755906,12.765748031496063,2016
1626179,Terry Rozier,BOS,359,0.028897167268194746,0.22841225626740946,11.841225626740947,2016
1626181,Norman Powell,TOR,456,0.016299394531645233,0.12719298245614036,11.956140350877194,2016
1626195,Willy Hernangomez,NYK,416,0.0361348368648886,0.2692307692307692,11.810096153846153,2016
1626196,Josh Richardson,MIA,459,0.019649985468127164,0.20043572984749455,11.226579520697168,2016
1626204,Larry Nance Jr.,LAL,333,0.015098360909554787,0.1891891891891892,12.207207207207206,2016
1626209,Mario Hezonja,ORL,298,0.010963834332019291,0.12416107382550336,11.654362416107382,2016
1626210,Alan Williams,PHX,246,0.03804650122896372,0.17479674796747968,13.05691056910569,2016
1626245,Cristiano Felicio,CHI,192,0.01143131947782993,0.171875,12.125,2016
1627098,Malcolm Delaney,ATL,341,0.008038073231411966,0.10850439882697947,11.12316715542522,2016
1627734,Domantas Sabonis,OKC,444,0.034281845925675396,0.240990990990991,11.07882882882883,2016
1627737,Marquese Chriss,PHX,601,0.01354351287059954,0.09484193011647254,11.998336106489184,2016
1627739,Kris Dunn,MIN,293,0.036578798611583606,0.23890784982935154,11.092150170648464,2016
1627741,Buddy Hield,NOP,432,0.017050483290918808,0.1574074074074074,12.905092592592593,2016
1627741,Buddy Hield,SAC,264,0.019506934542506803,0.17045454545454544,11.43939393939394,2016
1627742,Brandon Ingram,LAL,623,0.02572721846167541,0.17495987158908508,11.264847512038523,2016
1627746,Skal Labissiere,SAC,196,0.04475135943354577,0.37244897959183676,11.326530612244898,2016
1627747,Caris LeVert,BKN,363,0.01340978829586185,0.0881542699724518,12.347107438016529,2016
1627748,Thon Maker,MIL,167,0.018308225390239345,0.1377245508982036,11.778443113772456,2016
1627750,Jamal Murray,DEN,638,0.03487089347195335,0.20689655172413793,11.91692789968652,2016
1627752,Taurean Prince,ATL,265,0.016270511276164256,0.09811320754716982,12.237735849056603,2016
1627755,Tyler Ulis,PHX,394,0.01949836888677353,0.18274111675126903,12.439086294416244,2016
1627756,Denzel Valentine,CHI,263,0.010993151546620077,0.06463878326996197,11.965779467680608,2016
1627758,Ron Baker,NYK,201,0.02532634855674635,0.1691542288557214,11.810945273631841,2016
1627759,Jaylen Brown,BOS,383,0.025421969985382306,0.1514360313315927,11.718015665796345,2016
1627763,Malcolm Brogdon,MIL,566,0.018070183651277383,0.127208480565371,11.512367491166078,2016
1627775,Patrick McCaw,GSW,236,0.0329419001752205,0.18220338983050846,12.372881355932204,2016
1627783,Pascal Siakam,TOR,189,0.037582037884110006,0.30158730158730157,12.455026455026456,2016
1627785,Isaiah Whitehead,BKN,470,0.013313776852688801,0.09148936170212765,12.385106382978723,2016
1627789,Timothe Luwawu-Cabarrot,PHI,328,0.01984648106944972,0.09146341463414634,12.051829268292684,2016
1627812,Yogi Ferrell,DAL,311,0.013778165640197706,0.08681672025723473,11.655948553054662,2016
1627823,Juancho Hernangomez,DEN,205,0.0308703136170331,0.16585365853658537,12.439024390243903,2016
1627826,Ivica Zubac,LAL,218,0.037276768721686615,0.22477064220183487,11.98165137614679,2016
1627827,Dorian Finney-Smith,DAL,290,0.007806661441033128,0.041379310344827586,10.7,2016
1627835,Paul Zipser,CHI,200,0.022773814006197338,0.17,11.085,2016
1627851,Mindaugas Kuzminskas,NYK,336,0.02030173683753958,0.11904761904761904,12.883928571428571,2016
1713,Vince Carter,SAC,257,0.0023054123295220136,0.042801556420233464,11.120622568093385,2017
1717,Dirk Nowitzki,DAL,723,0.00072201176163205,0.011065006915629323,11.775933609958507,2017
1938,Manu Ginobili,SAS,410,0.0045442030611466165,0.05853658536585366,11.534146341463414,2017
2037,Jamal Crawford,MIN,668,0.005235095903134845,0.09281437125748503,11.80688622754491,2017
2200,Pau Gasol,SAS,548,0.004061060207771281,0.058394160583941604,11.324817518248175,2017
2207,Joe Johnson,UTA,210,0.001245733603886006,0.04285714285714286,10.452380952380953,2017
2216,Zach Randolph,SAC,686,0.002873542966886543,0.04081632653061224,10.36734693877551,2017
2225,Tony Parker,SAS,369,0.0015766204166326142,0.024390243902439025,12.100271002710027,2017
2403,Nene,HOU,218,0.007866185410811225,0.10091743119266056,12.288990825688073,2017
2544,LeBron James,CLE,1421,0.006511235997144754,0.07741027445460943,12.157635467980295,2017
2546,Carmelo Anthony,OKC,1081,0.0019294887477793563,0.02682701202590194,12.217391304347826,2017
2548,Dwyane Wade,CLE,405,0.012259814571141782,0.17777777777777778,13.118518518518519,2017
2548,Dwyane Wade,MIA,213,0.004934812638952668,0.08450704225352113,11.990610328638498,2017
2561,David West,GSW,342,0.009315297986820183,0.1783625730994152,11.941520467836257,2017
2585,Zaza Pachulia,GSW,229,0.01720272340283292,0.2314410480349345,13.7117903930131,2017
2594,Kyle Korver,CLE,463,0.0031297251987466067,0.06263498920086392,13.47084233261339,2017
2730,Dwight Howard,CHA,770,0.005363112118106515,0.07662337662337662,11.290909090909091,2017
2733,Shaun Livingston,GSW,314,0.007916443021872723,0.15286624203821655,13.184713375796179,2017
2734,Devin Harris,DAL,256,0.00783878723396959,0.0625,12.38671875,2017
2734,Devin Harris,DEN,151,0.003778143381755686,0.026490066225165563,12.43046357615894,2017
2738,Andre Iguodala,GSW,282,0.009788209412374288,0.07801418439716312,12.23758865248227,2017
2744,Al Jefferson,IND,183,0.007097172366681878,0.1092896174863388,9.40983606557377,2017
2747,JR Smith,CLE,552,0.00711283092945807,0.09601449275362318,12.773550724637682,2017
2749,Jameer Nelson,NOP,182,0.00671658230185851,0.07142857142857142,12.807692307692308,2017
2772,Trevor Ariza,HOU,619,0.0030024955096483227,0.03231017770597738,14.248788368336026,2017
101107,Marvin Williams,CHA,513,0.0021176165653802766,0.031189083820662766,12.896686159844055,2017
101108,Chris Paul,HOU,698,0.0011842563869351934,0.03008595988538682,11.845272206303726,2017
101109,Raymond Felton,OKC,490,0.002563964347321292,0.04285714285714286,11.587755102040816,2017
101112,Channing Frye,CLE,156,0.003839379643240827,0.07692307692307693,12.147435897435898,2017
101123,Gerald Green,HOU,383,0.0018548961140284713,0.03655352480417755,12.989556135770234,2017
101127,Jarrett Jack,NYK,418,0.0074626691137620604,0.10287081339712918,12.562200956937799,2017
101133,Ian Mahinmi,WAS,190,0.008489777038000832,0.09473684210526316,12.08421052631579,2017
101139,CJ Miles,TOR,551,0.004190183264917204,0.032667876588021776,12.92377495462795,2017
101141,Ersan Ilyasova,ATL,365,0.0029822690749009206,0.0410958904109589,12.35068493150685,2017
101141,Ersan Ilyasova,PHI,185,0.004738678390275967,0.08108108108108109,13.297297297297296,2017
101150,Lou Williams,LAC,1251,0.005230479473087175,0.07913669064748201,13.243804956035172,2017
101161,Amir Johnson,PHI,211,0.007672028083026969,0.09004739336492891,12.800947867298579,2017
101162,Marcin Gortat,WAS,487,0.0028378328081239187,0.045174537987679675,10.86652977412731,2017
101181,Jose Calderon,CLE,172,0.0035145913073484805,0.046511627906976744,11.075581395348838,2017
200746,LaMarcus Aldridge,SAS,1192,0.001934128848897333,0.024328859060402684,10.186241610738255,2017
200752,Rudy Gay,SAS,471,0.0033960193407678906,0.05307855626326964,11.256900212314225,2017
200755,JJ Redick,PHI,824,0.0018496323367215384,0.02669902912621359,13.660194174757281,2017
200757,Thabo Sefolosha,UTA,219,0.009088242152392846,0.0867579908675799,12.465753424657533,2017
200765,Rajon Rondo,NOP,463,0.009261586214995917,0.1101511879049676,13.222462203023758,2017
200768,Kyle Lowry,TOR,882,0.006357686363984719,0.05328798185941043,13.351473922902494,2017
200782,P.J. Tucker,HOU,406,0.0028662498832074047,0.04926108374384237,12.504926108374384,2017
200794,Paul Millsap,DEN,395,0.006673001518844597,0.08354430379746836,11.587341772151898,2017
200826,J.J. Barea,DAL,639,0.0031156078788355302,0.04225352112676056,12.097026604068857,2017
201142,Kevin Durant,GSW,1147,0.0023866513198121265,0.03312990409764603,13.21795989537925,2017
201143,Al Horford,BOS,688,0.00293796383834688,0.03197674418604651,10.779069767441861,2017
201144,Mike Conley,MEM,151,0.0037249259335939127,0.033112582781456956,11.847682119205299,2017
201145,Jeff Green,CLE,544,0.011280699571502404,0.13786764705882354,11.522058823529411,2017
201147,Corey Brewer,LAL,150,0.009394412690674436,0.06666666666666667,13.366666666666667,2017
201152,Thaddeus Young,IND,723,0.0034085930745037696,0.0677731673582296,11.948824343015215,2017
201156,Nick Young,GSW,453,0.006576074371763925,0.08167770419426049,13.02869757174393,2017
201158,Marco Belinelli,ATL,443,0.0016935954468719901,0.020316027088036117,12.505643340857787,2017
201158,Marco Belinelli,PHI,269,0.002018058410208638,0.026022304832713755,13.817843866171003,2017
201163,Wilson Chandler,DEN,576,0.0038374275611981357,0.050347222222222224,12.340277777777779,2017
201188,Marc Gasol,MEM,952,0.0002172926753290456,0.0063025210084033615,10.678571428571429,2017
201229,Anthony Tolliver,DET,433,0.001270341257418961,0.018475750577367205,12.683602771362587,2017
201563,Michael Beasley,NYK,718,0.007090520660414319,0.08495821727019498,11.1016713091922,2017
201566,Russell Westbrook,OKC,1573,0.0024598540379322836,0.05467260012714558,14.204068658614114,2017
201567,Kevin Love,CLE,673,0.006472083609942105,0.1025260029717682,12.035661218424963,2017
201568,Danilo Gallinari,LAC,240,0.0064358515626812,0.07916666666666666,12.325,2017
201569,Eric Gordon,HOU,907,0.0058451671196412475,0.05181918412348401,13.460859977949283,2017
201571,D.J. Augustin,ORL,497,0.005892739357149984,0.056338028169014086,12.561368209255534,2017
201572,Brook Lopez,LAL,740,0.0007162098476242882,0.014864864864864866,12.613513513513514,2017
201573,Jerryd Bayless,PHI,244,0.0062567603131554635,0.06967213114754098,13.831967213114755,2017
201577,Robin Lopez,CHI,558,0.0012230810501676816,0.025089605734767026,11.188172043010752,2017
201578,Marreese Speights,ORL,316,0.0008910988352153433,0.022151898734177215,11.487341772151899,2017
201580,JaVale McGee,GSW,185,0.011863554643120009,0.11351351351351352,12.886486486486486,2017
201583,Ryan Anderson,HOU,441,0.004072543970371057,0.04308390022675737,13.390022675736962,2017
201584,Courtney Lee,NYK,699,0.0015000856692390914,0.020028612303290415,12.351931330472103,2017
201585,Kosta Koufos,SAC,334,0.002627641545831658,0.04790419161676647,11.667664670658683,2017
201586,Serge Ibaka,TOR,723,0.002580636260366578,0.040110650069156296,12.520055325034578,2017
201587,Nicolas Batum,CHA,592,0.0009494790530974231,0.02533783783783784,12.24831081081081,2017
201588,George Hill,CLE,173,0.003948355322342349,0.10404624277456648,12.104046242774567,2017
201588,George Hill,SAC,284,0.00283345853200198,0.056338028169014086,11.609154929577464,2017
201596,Mario Chalmers,MEM,402,0.0016602442026183311,0.03482587064676617,12.044776119402986,2017
201599,DeAndre Jordan,LAC,416,0.003276517007264946,0.019230769230769232,13.959134615384615,2017
201601,Luc Mbah a Moute,HOU,327,0.00457226097937032,0.04892966360856269,13.02446483180428,2017
201609,Goran Dragic,MIA,1009,0.0029270406593823566,0.04757185332011893,12.489593657086225,2017
201933,Blake Griffin,DET,358,0.002976274066529967,0.036312849162011177,11.20949720670391,2017
201933,Blake Griffin,LAC,525,0.00452286619043327,0.05333333333333334,11.276190476190477,2017
201935,James Harden,HOU,1309,0.005212555155078665,0.04201680672268908,11.707410236822001,2017
201936,Tyreke Evans,MEM,737,0.006159586629110096,0.05834464043419267,11.993215739484397,2017
201937,Ricky Rubio,UTA,780,0.006428937451703618,0.06282051282051282,11.87051282051282,2017
201939,Stephen Curry,GSW,814,0.003283312986270186,0.045454545454545456,13.855036855036856,2017
201942,DeMar DeRozan,TOR,1288,0.004623413133195026,0.08695652173913043,12.09472049689441,2017
201949,James Johnson,MIA,540,0.0030671630519767024,0.046296296296296294,11.224074074074075,2017
201950,Jrue Holiday,NOP,1147,0.004931198118867953,0.06713164777680906,13.605056669572798,2017
201952,Jeff Teague,MIN,728,0.006911919164967979,0.09203296703296704,12.199175824175825,2017
201954,Darren Collison,IND,578,0.002504879619383661,0.031141868512110725,12.671280276816608,2017
201956,Omri Casspi,GSW,179,0.011855276954342223,0.12290502793296089,13.184357541899441,2017
201959,Taj Gibson,MIN,644,0.01199018653736777,0.17857142857142858,11.920807453416149,2017
201960,DeMarre Carroll,BKN,718,0.0063049173206656504,0.07381615598885793,13.044568245125348,2017
201961,Wayne Ellington,MIA,657,0.0017804027374006767,0.0121765601217656,12.21613394216134,2017
201967,Dante Cunningham,NOP,192,0.005538756985433448,0.041666666666666664,12.744791666666666,2017
201973,Jonas Jerebko,UTA,310,0.010612668850926458,0.08064516129032258,12.241935483870968,2017
201975,Jodie Meeks,WAS,379,0.008249923013719598,0.09234828496042216,13.406332453825858,2017
201980,Danny Green,SAS,513,0.0036317567827275745,0.056530214424951264,12.157894736842104,2017
201988,Patty Mills,SAS,642,0.0027750947707839654,0.0264797507788162,12.52803738317757,2017
202066,Garrett Temple,SAC,434,0.005088837387193415,0.08755760368663594,11.483870967741936,2017
202083,Wesley Matthews,DAL,651,0.001539668866728569,0.02457757296466974,11.711213517665131,2017
202322,John Wall,WAS,616,0.006770528805660621,0.0762987012987013,13.616883116883116,2017
202323,Evan Turner,POR,546,0.001430562363425603,0.04212454212454213,11.531135531135531,2017
202324,Derrick Favors,UTA,623,0.004667968092136895,0.08507223113964688,12.104333868378813,2017
202325,Wesley Johnson,LAC,349,0.004150626902143151,0.0830945558739255,12.808022922636104,2017
202326,DeMarcus Cousins,NOP,785,0.005212400885789049,0.07006369426751592,12.270063694267517,2017
202328,Greg Monroe,BOS,176,0.0041158508998957,0.056818181818181816,10.8125,2017
202329,Al-Farouq Aminu,POR,531,0.005333525019351605,0.060263653483992465,11.615819209039548,2017
202331,Paul George,OKC,1239,0.0020751806136862223,0.03066989507667474,12.963680387409202,2017
202334,Ed Davis,POR,218,0.009669112236060037,0.0871559633027523,12.13302752293578,2017
202335,Patrick Patterson,OKC,247,0.002060189812143545,0.044534412955465584,12.587044534412955,2017
202337,Luke Babbitt,ATL,157,0.003339621512071744,0.03821656050955414,12.796178343949045,2017
202339,Eric Bledsoe,MIL,869,0.004009842590618565,0.07940161104718067,12.973532796317606,2017
202340,Avery Bradley,DET,524,0.00304854474259411,0.04389312977099236,12.41793893129771,2017
202355,Hassan Whiteside,MIA,491,0.004738402991021132,0.10183299389002037,12.226069246435845,2017
202357,Nemanja Bjelica,MIN,331,0.010579850002571483,0.09969788519637462,12.38368580060423,2017
202362,Lance Stephenson,IND,652,0.003911325767094164,0.05828220858895705,12.156441717791411,2017
202397,Ish Smith,DET,715,0.006825593308725165,0.0937062937062937,12.951048951048952,2017
202498,Lance Thomas,NYK,241,0.01087827788883025,0.11203319502074689,11.705394190871369,2017
202681,Kyrie Irving,BOS,1000,0.0037590725032038788,0.034,12.646,2017
202683,Enes Freedom,NYK,598,0.0029085054006132262,0.05518394648829431,12.887959866220736,2017
202684,Tristan Thompson,CLE,193,0.015329831792432592,0.11398963730569948,13.50259067357513,2017
202685,Jonas Valanciunas,TOR,597,0.0048286172704406416,0.07035175879396985,12.306532663316583,2017
202687,Bismack Biyombo,ORL,314,0.005456392198761222,0.07006369426751592,12.200636942675159,2017
202689,Kemba Walker,CHA,1255,0.0037880020073924356,0.046215139442231074,13.597609561752988,2017
202691,Klay Thompson,GSW,1103,0.002688587860078642,0.05893019038984588,13.540344514959202,2017
202692,Alec Burks,UTA,374,0.006587653006822672,0.06684491978609626,11.467914438502675,2017
202693,Markieff Morris,WAS,623,0.004930760366664096,0.07062600321027288,10.93900481540931,2017
202694,Marcus Morris Sr.,BOS,544,0.0033534879482091657,0.03676470588235294,11.869485294117647,2017
202696,Nikola Vucevic,ORL,768,0.0006899936878655222,0.01171875,12.21484375,2017
202699,Tobias Harris,DET,663,0.002178254401265134,0.03167420814479638,11.907993966817497,2017
202699,Tobias Harris,LAC,477,0.0023311673161541258,0.03563941299790356,12.180293501048219,2017
202703,Nikola Mirotic,CHI,285,0.0037439303743077986,0.05263157894736842,12.926315789473684,2017
202703,Nikola Mirotic,NOP,347,0.009572615449568413,0.09798270893371758,14.446685878962535,2017
202704,Reggie Jackson,DET,515,0.0066514524563422535,0.05631067961165048,12.43495145631068,2017
202709,Cory Joseph,IND,546,0.0031574936221902463,0.06227106227106227,11.928571428571429,2017
202710,Jimmy Butler,MIN,831,0.00706020753099542,0.1095066185318893,11.202166064981949,2017
202711,Bojan Bogdanovic,IND,794,0.00505822814501599,0.06423173803526448,13.884130982367758,2017
202714,Shelvin Mack,ORL,368,0.002169660688085581,0.04619565217391304,12.144021739130435,2017
202718,Chandler Parsons,MEM,215,0.0012369219452805769,0.018604651162790697,11.632558139534884,2017
202722,Davis Bertans,SAS,339,0.004107845166431295,0.04424778761061947,11.902654867256636,2017
202734,E'Twaun Moore,NOP,763,0.005577448000189282,0.07863695937090433,13.72346002621232,2017
202738,Isaiah Thomas,CLE,185,0.00845606974011688,0.10810810810810811,12.994594594594595,2017
202738,Isaiah Thomas,LAL,217,0.005244578676494971,0.055299539170506916,13.658986175115208,2017
202779,Dwight Buycks,DET,180,0.010980466482327787,0.12777777777777777,11.866666666666667,2017
203076,Anthony Davis,NOP,1308,0.0019960631527267086,0.0382262996941896,13.23165137614679,2017
203077,Michael Kidd-Gilchrist,CHA,520,0.008993789192309056,0.11346153846153846,12.5,2017
203078,Bradley Beal,WAS,1368,0.0025271113636054815,0.033625730994152045,12.467836257309942,2017
203079,Dion Waiters,MIA,381,0.009236379579187137,0.11023622047244094,11.120734908136482,2017
203081,Damian Lillard,POR,1315,0.00310126741569827,0.0311787072243346,12.946007604562737,2017
203082,Terrence Ross,ORL,181,0.0014815814590421249,0.027624309392265192,12.828729281767956,2017
203083,Andre Drummond,DET,664,0.004103329396685712,0.058734939759036146,13.48644578313253,2017
203084,Harrison Barnes,DAL,1107,0.0012863822629877932,0.02168021680216802,10.57181571815718,2017
203085,Austin Rivers,LAC,765,0.003858743762274473,0.0457516339869281,11.687581699346405,2017
203087,Jeremy Lamb,CHA,738,0.0027083580543615696,0.044715447154471545,12.624661246612465,2017
203089,John Henson,MIL,419,0.0059130337913108014,0.08353221957040573,12.107398568019093,2017
203090,Maurice Harkless,POR,260,0.0029085821920309817,0.03076923076923077,12.323076923076924,2017
203092,Tyler Zeller,BKN,198,0.003314963645249695,0.06060606060606061,11.792929292929292,2017
203095,Evan Fournier,ORL,759,0.0032251186505937073,0.03557312252964427,12.391304347826088,2017
203107,Tomas Satoransky,WAS,340,0.006885344365806451,0.07941176470588235,12.376470588235295,2017
203109,Jae Crowder,CLE,347,0.008980449837826128,0.11527377521613832,12.780979827089338,2017
203109,Jae Crowder,UTA,270,0.005074701491396503,0.05185185185185185,12.118518518518519,2017
203110,Draymond Green,GSW,555,0.010432431889041428,0.10270270270270271,12.803603603603603,2017
203112,Quincy Acy,BKN,342,0.002638848149001055,0.023391812865497075,11.453216374269006,2017
203114,Khris Middleton,MIL,1146,0.004308636425420654,0.05410122164048865,12.337696335078535,2017
203115,Will Barton,DEN,943,0.009228414181736835,0.09862142099681867,13.629904559915165,2017
203118,Mike Scott,WAS,488,0.009441819747034516,0.11065573770491803,11.383196721311476,2017
203121,Darius Miller,NOP,457,0.002561029858596771,0.045951859956236324,12.76586433260394,2017
203124,Kyle O'Quinn,NYK,347,0.010352554715812467,0.12103746397694524,11.77521613832853,2017
203145,Kent Bazemore,ATL,635,0.009357217197840413,0.07716535433070866,13.09763779527559,2017
203200,Justin Holiday,CHI,715,0.00298995071932814,0.04195804195804196,12.945454545454545,2017
203210,JaMychal Green,MEM,410,0.0013331212691875807,0.03414634146341464,11.773170731707317,2017
203382,Aron Baynes,BOS,379,0.003189139656302688,0.09762532981530343,11.87335092348285,2017
203458,Alex Len,PHX,300,0.002948909416088803,0.06666666666666667,12.716666666666667,2017
203459,Allen Crabbe,BKN,783,0.0013030097455238353,0.019157088122605363,13.03831417624521,2017
203463,Ben McLemore,MEM,344,0.0024110817440520195,0.046511627906976744,12.962209302325581,2017
203468,CJ McCollum,POR,1413,0.0017906652885312554,0.03255484784147204,12.418966737438074,2017
203471,Dennis Schroder,ATL,1080,0.0024305435584012114,0.032407407407407406,12.667592592592593,2017
203473,Dewayne Dedmon,ATL,437,0.003005812206362854,0.06178489702517163,11.897025171624714,2017
203476,Gorgui Dieng,MIN,329,0.007784031007185112,0.11550151975683891,11.303951367781155,2017
203482,Kelly Olynyk,MIA,576,0.0068979413292233355,0.08333333333333333,12.04861111111111,2017
203484,Kentavious Caldwell-Pope,LAL,739,0.0018711417387641154,0.02165087956698241,14.147496617050068,2017
203486,Mason Plumlee,DEN,317,0.007135437503433109,0.05993690851735016,12.277602523659306,2017
203487,Michael Carter-Williams,CHA,208,0.008667628273558286,0.1346153846153846,11.788461538461538,2017
203488,Mike Muscala,ATL,268,0.001850278285556995,0.055970149253731345,12.936567164179104,2017
203490,Otto Porter Jr.,WAS,832,0.002429067237753631,0.028846153846153848,12.5625,2017
203493,Reggie Bullock,DET,512,0.004490767965084056,0.064453125,12.955078125,2017
203496,Robert Covington,PHI,785,0.005538935846814354,0.06624203821656051,14.527388535031847,2017
203497,Rudy Gobert,UTA,370,0.011489813732285725,0.0945945945945946,12.172972972972973,2017
203499,Shane Larkin,BOS,202,0.0031144258306832705,0.04950495049504951,12.504950495049505,2017
203500,Steven Adams,OKC,567,0.003605478600351951,0.04409171075837742,14.11816578483245,2017
203501,Tim Hardaway Jr.,NYK,806,0.0027718779731392544,0.05334987593052109,13.40818858560794,2017
203503,Tony Snell,MIL,394,0.00464068441295813,0.0532994923857868,12.99746192893401,2017
203504,Trey Burke,NYK,352,0.0017110244911963635,0.03125,12.426136363636363,2017
203506,Victor Oladipo,IND,1257,0.003913735873324003,0.045346062052505964,12.859984089101035,2017
203507,Giannis Antetokounmpo,MIL,1235,0.005904584202523751,0.08582995951417004,12.681781376518218,2017
203516,James Ennis III,MEM,196,0.003669586526590644,0.04591836734693878,13.510204081632653,2017
203518,Alex Abrines,OKC,259,0.0026797741580585127,0.05019305019305019,13.173745173745173,2017
203530,Joffrey Lauvergne,SAS,150,0.004548509250993095,0.07333333333333333,11.64,2017
203546,Ian Clark,NOP,461,0.005867812190569422,0.06941431670281996,13.136659436008676,2017
203584,Troy Daniels,PHX,540,0.0022085729549327256,0.016666666666666666,13.15925925925926,2017
203613,Jonathon Simmons,ORL,674,0.006479098674232178,0.08753709198813056,12.320474777448071,2017
203710,C.J. Williams,LAC,172,0.010623501769255639,0.0872093023255814,12.11046511627907,2017
203894,Shabazz Napier,POR,489,0.005055461733739091,0.06952965235173825,11.61963190184049,2017
203897,Zach LaVine,CHI,331,0.004843078413497513,0.04833836858006042,12.794561933534743,2017
203898,Tyler Ennis,LAL,206,0.0029291795349976274,0.043689320388349516,12.5,2017
203901,Elfrid Payton,ORL,424,0.005631383653334754,0.08490566037735849,14.507075471698114,2017
203901,Elfrid Payton,PHX,196,0.0031406371122333875,0.04081632653061224,12.51530612244898,2017
203903,Jordan Clarkson,CLE,264,0.004445638982004783,0.11363636363636363,12.534090909090908,2017
203903,Jordan Clarkson,LAL,601,0.002949804141559753,0.05324459234608985,12.773710482529118,2017
203914,Gary Harris,DEN,846,0.003500467421996169,0.04018912529550828,13.28368794326241,2017
203915,Spencer Dinwiddie,BKN,735,0.00676058442089357,0.061224489795918366,11.495238095238095,2017
203918,Rodney Hood,CLE,189,0.005691738765347855,0.08465608465608465,12.756613756613756,2017
203918,Rodney Hood,UTA,502,0.004927296514491968,0.05179282868525897,11.43227091633466,2017
203924,Jerami Grant,OKC,399,0.006792180571158984,0.05513784461152882,12.092731829573935,2017
203925,Joe Harris,BKN,567,0.005111205319347516,0.05114638447971781,12.666666666666666,2017
203926,Doug McDermott,DAL,171,0.0031294390682776534,0.03508771929824561,12.304093567251462,2017
203926,Doug McDermott,NYK,305,0.004046474787537589,0.05245901639344262,12.61311475409836,2017
203932,Aaron Gordon,ORL,798,0.0033503383979105053,0.043859649122807015,12.827067669172932,2017
203933,T.J. Warren,PHX,953,0.00187141519398986,0.03147953830010493,13.456453305351522,2017
203935,Marcus Smart,BOS,465,0.005022851219651315,0.06451612903225806,11.578494623655914,2017
203937,Kyle Anderson,SAS,368,0.010166731541850016,0.10326086956521739,11.91304347826087,2017
203939,Dwight Powell,DAL,381,0.006697384923991705,0.07086614173228346,11.931758530183727,2017
203944,Julius Randle,LAL,814,0.010183202785208338,0.12039312039312039,13.216216216216216,2017
203948,Johnny O'Bryant III,CHA,155,0.01004026493093515,0.16774193548387098,11.63225806451613,2017
203952,Andrew Wiggins,MIN,1181,0.00621536667047276,0.11854360711261643,11.531752751905165,2017
203953,Jabari Parker,MIL,297,0.0049601684259725646,0.09764309764309764,12.727272727272727,2017
203954,Joel Embiid,PHI,960,0.011084197282344983,0.11875,11.45,2017
203962,Josh Huestis,OKC,156,0.004377974473711597,0.038461538461538464,12.0,2017
203967,Dario Saric,PHI,822,0.008371301884627797,0.11800486618004866,13.441605839416058,2017
203991,Clint Capela,HOU,595,0.005091366978731088,0.040336134453781515,13.028571428571428,2017
203992,Bogdan Bogdanovic,SAC,710,0.0060777964143630655,0.08309859154929577,11.285915492957747,2017
203994,Jusuf Nurkic,POR,851,0.012546202169319808,0.1797884841363102,11.789659224441833,2017
203999,Nikola Jokic,DEN,901,0.0027305361112948566,0.06881243063263041,11.763596004439512,2017
204001,Kristaps Porzingis,NYK,813,0.004262800717132288,0.046740467404674045,11.982779827798279,2017
204020,Tyler Johnson,MIA,664,0.004218050057378085,0.06626506024096386,12.487951807228916,2017
204025,Tim Frazier,WAS,153,0.009581463050047999,0.10457516339869281,11.869281045751634,2017
204038,Langston Galloway,DET,313,0.003984269814024845,0.0670926517571885,12.712460063897764,2017
204060,Joe Ingles,UTA,678,0.006804701932689537,0.0471976401179941,12.361356932153392,2017
204456,T.J. McConnell,PHI,381,0.005439894998656812,0.06824146981627296,12.674540682414698,2017
1626144,Emmanuel Mudiay,DEN,293,0.020388608436565307,0.21843003412969283,12.761092150170649,2017
1626144,Emmanuel Mudiay,NYK,180,0.011499764445784932,0.1388888888888889,12.316666666666666,2017
1626145,Tyus Jones,MIN,301,0.010484837617313674,0.12956810631229235,12.767441860465116,2017
1626147,Justin Anderson,PHI,182,0.004063675643414977,0.04945054945054945,12.456043956043956,2017
1626149,Montrezl Harrell,LAC,475,0.005702225800848304,0.06315789473684211,13.471578947368421,2017
1626150,Andrew Harrison,MEM,389,0.008851485139405561,0.08226221079691516,12.05655526992288,2017
1626153,Delon Wright,TOR,378,0.013019728073210012,0.09788359788359788,12.645502645502646,2017
1626155,Sam Dekker,LAC,230,0.004673858205114257,0.06086956521739131,13.569565217391304,2017
1626156,D'Angelo Russell,BKN,622,0.004429816203021906,0.06109324758842444,12.996784565916398,2017
1626157,Karl-Anthony Towns,MIN,1057,0.0016051816548202295,0.0293282876064333,11.779564806054871,2017
1626158,Richaun Holmes,PHI,220,0.007877695857799908,0.10909090909090909,13.472727272727273,2017
1626159,Justise Winslow,MIA,442,0.014717644594895078,0.12895927601809956,11.959276018099548,2017
1626161,Willie Cauley-Stein,SAC,713,0.008360446199561116,0.11640953716690042,11.890603085553996,2017
1626162,Kelly Oubre Jr.,WAS,729,0.009232855179238561,0.08093278463648834,12.728395061728396,2017
1626163,Frank Kaminsky,CHA,651,0.00834598955253141,0.10752688172043011,11.152073732718893,2017
1626164,Devin Booker,PHX,1004,0.0015142999400894028,0.021912350597609563,12.887450199203187,2017
1626166,Cameron Payne,CHI,200,0.004677151976971446,0.065,13.73,2017
1626167,Myles Turner,IND,581,0.002198665595588412,0.03270223752151463,11.153184165232357,2017
1626168,Trey Lyles,DEN,483,0.008287503003045801,0.07867494824016563,11.89648033126294,2017
1626169,Stanley Johnson,DET,507,0.007098642584005351,0.07100591715976332,12.834319526627219,2017
1626170,Jerian Grant,CHI,456,0.004554392243238323,0.06359649122807018,12.350877192982455,2017
1626171,Bobby Portis,CHI,697,0.005430833128327709,0.07317073170731707,13.09325681492109,2017
1626172,Kevon Looney,GSW,160,0.024396142106899856,0.19375,12.675,2017
1626178,Rondae Hollis-Jefferson,BKN,656,0.012811687800717045,0.1402439024390244,12.71951219512195,2017
1626179,Terry Rozier,BOS,727,0.00898383199247105,0.07702888583218707,12.671251719394773,2017
1626181,Norman Powell,TOR,344,0.00829019232059351,0.08139534883720931,12.877906976744185,2017
1626185,Jarell Martin,MEM,423,0.0049499415736298374,0.061465721040189124,12.205673758865249,2017
1626188,Quinn Cook,GSW,233,0.010287398497122851,0.12017167381974249,13.394849785407725,2017
1626192,Pat Connaughton,POR,354,0.007654733942671315,0.07627118644067797,11.587570621468927,2017
1626196,Josh Richardson,MIA,818,0.008270771555630456,0.09657701711491443,11.921760391198044,2017
1626202,Joe Young,IND,168,0.005970563900823826,0.09523809523809523,12.946428571428571,2017
1626203,Treveon Graham,CHA,187,0.007223058354643315,0.12299465240641712,12.422459893048128,2017
1626204,Larry Nance Jr.,LAL,209,0.005239530977707412,0.09569377990430622,14.033492822966506,2017
1626209,Mario Hezonja,ORL,567,0.0057621820929065655,0.047619047619047616,12.250440917107584,2017
1626220,Royce O'Neale,UTA,250,0.006799530280892226,0.06,13.112,2017
1626224,Cedi Osman,CLE,170,0.01734756929743484,0.12941176470588237,12.394117647058824,2017
1626245,Cristiano Felicio,CHI,185,0.007260502533438611,0.08108108108108109,12.443243243243243,2017
1627098,Malcolm Delaney,ATL,257,0.007343197204138797,0.058365758754863814,11.95330739299611,2017
1627732,Ben Simmons,PHI,909,0.018503881254837307,0.12981298129812982,13.554455445544555,2017
1627733,Dragan Bender,PHX,448,0.0007884569870653416,0.013392857142857142,12.102678571428571,2017
1627734,Domantas Sabonis,IND,596,0.011669503443682417,0.16778523489932887,11.672818791946309,2017
1627736,Malik Beasley,DEN,159,0.015019912298217511,0.11949685534591195,13.383647798742139,2017
1627737,Marquese Chriss,PHX,430,0.002639321619036134,0.030232558139534883,12.306976744186047,2017
1627738,Deyonta Davis,MEM,221,0.006844519316006678,0.13122171945701358,12.298642533936652,2017
1627739,Kris Dunn,CHI,640,0.009486509232173104,0.1171875,13.53125,2017
1627741,Buddy Hield,SAC,839,0.004227977394140026,0.07270560190703218,12.532777115613825,2017
1627742,Brandon Ingram,LAL,701,0.008863402307443728,0.11269614835948645,13.075606276747504,2017
1627746,Skal Labissiere,SAC,401,0.007690114950433449,0.11221945137157108,11.72568578553616,2017
1627747,Caris LeVert,BKN,666,0.007365079516382602,0.057057057057057055,12.524024024024024,2017
1627748,Thon Maker,MIL,286,0.01256124468925976,0.16433566433566432,11.828671328671328,2017
1627749,Dejounte Murray,SAS,538,0.009586073037190205,0.10966542750929369,13.353159851301115,2017
1627750,Jamal Murray,DEN,971,0.008875731106975216,0.082389289392379,12.581874356333676,2017
1627751,Jakob Poeltl,TOR,293,0.0145051944317313,0.09556313993174062,12.969283276450511,2017
1627752,Taurean Prince,ATL,916,0.008486359041810571,0.07532751091703056,12.681222707423581,2017
1627755,Tyler Ulis,PHX,499,0.0012497873773624445,0.022044088176352707,12.124248496993989,2017
1627756,Denzel Valentine,CHI,674,0.006199959746070291,0.07418397626112759,13.612759643916913,2017
1627759,Jaylen Brown,BOS,758,0.0071354028982412885,0.06860158311345646,13.29815303430079,2017
1627763,Malcolm Brogdon,MIL,458,0.009138341884702953,0.08951965065502183,12.801310043668122,2017
1627767,Cheick Diallo,NOP,159,0.03448818217121991,0.27044025157232704,13.635220125786164,2017
1627775,Patrick McCaw,GSW,204,0.011021375851607736,0.1323529411764706,12.392156862745098,2017
1627782,Wayne Selden,MEM,238,0.0034807369102809933,0.04201680672268908,12.046218487394958,2017
1627783,Pascal Siakam,TOR,443,0.007093501443333767,0.06772009029345373,12.91647855530474,2017
1627789,Timothe Luwawu-Cabarrot,PHI,250,0.009293693146507475,0.088,13.304,2017
1627812,Yogi Ferrell,DAL,678,0.0038921974205808727,0.061946902654867256,12.64749262536873,2017
1627819,Isaiah Taylor,ATL,360,0.01042742792710332,0.07222222222222222,12.472222222222221,2017
1627820,Tyrone Wallace,LAC,237,0.01448707275476506,0.11392405063291139,13.810126582278482,2017
1627832,Fred VanVleet,TOR,503,0.012031314030035404,0.09940357852882704,12.552683896620279,2017
1627835,Paul Zipser,CHI,218,0.00859525416868617,0.09174311926605505,11.623853211009175,2017
1627854,Bryn Forbes,SAS,470,0.006137202999905266,0.06595744680851064,12.282978723404256,2017
1628021,David Nwaba,CHI,391,0.019693236967946302,0.12531969309462915,14.580562659846548,2017
1628366,Lonzo Ball,LAL,514,0.008073486696465142,0.07198443579766536,13.492217898832685,2017
1628367,Josh Jackson,PHX,847,0.005164378934624936,0.05076741440377804,13.198347107438016,2017
1628368,De'Aaron Fox,SAC,736,0.0161047905311897,0.14945652173913043,13.722826086956522,2017
1628369,Jayson Tatum,BOS,776,0.005728843224577741,0.061855670103092786,12.1340206185567,2017
1628370,Malik Monk,CHA,394,0.003021850868560674,0.06345177664974619,13.071065989847716,2017
1628372,Dennis Smith Jr.,DAL,936,0.006151404774025608,0.06944444444444445,12.737179487179487,2017
1628373,Frank Ntilikina,NYK,459,0.009960364822290171,0.15904139433551198,11.690631808278868,2017
1628374,Lauri Markkanen,CHI,799,0.010855593934594784,0.06508135168961202,12.399249061326659,2017
1628378,Donovan Mitchell,UTA,1250,0.006690544340901123,0.0632,12.0464,2017
1628379,Luke Kennard,DET,436,0.00654958384810324,0.08256880733944955,12.194954128440367,2017
1628380,Zach Collins,POR,248,0.009439557895390029,0.12096774193548387,10.451612903225806,2017
1628381,John Collins,ATL,443,0.01129461447163131,0.10158013544018059,12.760722347629796,2017
1628382,Justin Jackson,SAC,388,0.010305073769228562,0.09020618556701031,12.412371134020619,2017
1628384,OG Anunoby,TOR,316,0.007687511961748106,0.05379746835443038,12.791139240506329,2017
1628386,Jarrett Allen,BKN,340,0.012347630145623288,0.09117647058823529,12.25294117647059,2017
1628389,Bam Adebayo,MIA,269,0.021709121385578015,0.17100371747211895,11.118959107806692,2017
1628390,Terrance Ferguson,OKC,159,0.0029972428565147825,0.05660377358490566,13.446540880503145,2017
1628393,Jawun Evans,LAC,229,0.01083314075233371,0.11353711790393013,13.004366812227074,2017
1628395,Jordan Bell,GSW,154,0.02306802665444608,0.17532467532467533,13.844155844155845,2017
1628398,Kyle Kuzma,LAL,951,0.006884873617895961,0.07676130389064142,13.65825446898002,2017
1628400,Semi Ojeleye,BOS,178,0.005804142446668743,0.06741573033707865,12.123595505617978,2017
1628404,Josh Hart,LAL,340,0.002398972273099946,0.03823529411764706,13.741176470588234,2017
1628407,Dwayne Bacon,CHA,186,0.01296184308672824,0.15053763440860216,13.526881720430108,2017
1628411,Wes Iwundu,ORL,192,0.005824239352077507,0.07291666666666667,12.713541666666666,2017
1628412,Frank Mason III,SAC,345,0.015238681756566584,0.1855072463768116,12.884057971014492,2017
1628414,Sindarius Thornwell,LAC,220,0.013053390519525246,0.12727272727272726,12.904545454545454,2017
1628415,Dillon Brooks,MEM,715,0.002860563029919553,0.04055944055944056,11.984615384615385,2017
1628416,Tyler Dorsey,ATL,347,0.005393403924426517,0.05187319884726225,13.089337175792506,2017
1628422,Damyean Dotson,NYK,150,0.006926388861099492,0.13333333333333333,13.313333333333333,2017
1628424,Kobi Simmons,MEM,167,0.005914115698062266,0.09580838323353294,12.946107784431138,2017
1628425,Sterling Brown,MIL,188,0.00784902024838222,0.0797872340425532,13.648936170212766,2017
1628455,Mike James,PHX,286,0.006078604705243964,0.04895104895104895,12.5,2017
1628462,Milos Teodosic,LAC,351,0.0034008400120353085,0.04843304843304843,12.085470085470085,2017
1628464,Daniel Theis,BOS,201,0.007775491992129735,0.10945273631840796,12.64179104477612,2017
1628467,Maxi Kleber,DAL,275,0.008362665523984368,0.05454545454545454,11.563636363636364,2017
1713,Vince Carter,ATL,443,0.0020447959365627855,0.01580135440180587,12.198645598194132,2018
1717,Dirk Nowitzki,DAL,362,0.0,0.0,11.251381215469614,2018
2037,Jamal Crawford,PHX,403,0.00032455218849363165,0.0024813895781637717,10.79652605459057,2018
2225,Tony Parker,CHA,428,0.006522198402739043,0.06775700934579439,11.83411214953271,2018
2544,LeBron James,LAL,1011,0.0028689629515340894,0.03461918892185954,11.945598417408506,2018
2548,Dwyane Wade,MIA,879,0.0049231472551129404,0.09328782707622298,11.367463026166098,2018
2585,Zaza Pachulia,DET,172,0.014429732659282183,0.19186046511627908,11.418604651162791,2018
2594,Kyle Korver,UTA,388,0.00014098635268182836,0.010309278350515464,12.239690721649485,2018
2733,Shaun Livingston,GSW,197,0.0049102165494829516,0.09137055837563451,11.923857868020304,2018
2734,Devin Harris,DAL,324,0.0020290953038276244,0.030864197530864196,11.212962962962964,2018
2738,Andre Iguodala,GSW,277,0.004730718075464786,0.061371841155234655,11.429602888086643,2018
2772,Trevor Ariza,PHX,220,0.001464113324471743,0.00909090909090909,12.7,2018
2772,Trevor Ariza,WAS,479,0.0037602388115796415,0.05010438413361169,12.96659707724426,2018
101107,Marvin Williams,CHA,604,0.003994537001102785,0.04304635761589404,11.577814569536423,2018
101108,Chris Paul,HOU,626,0.0019321369912426863,0.02875399361022364,10.517571884984026,2018
101123,Gerald Green,HOU,535,0.0028155190306783087,0.041121495327102804,11.85981308411215,2018
101139,CJ Miles,TOR,191,0.002359976693104671,0.02617801047120419,13.225130890052355,2018
101141,Ersan Ilyasova,MIL,347,0.0056418330414004,0.04899135446685879,11.720461095100864,2018
101150,Lou Williams,LAC,1056,0.0011823263245919475,0.02462121212121212,12.732007575757576,2018
101162,Marcin Gortat,LAC,179,0.0,0.0,11.692737430167599,2018
200746,LaMarcus Aldridge,SAS,1262,0.0022733214710139644,0.05388272583201268,10.229793977812996,2018
200752,Rudy Gay,SAS,697,0.003519283862602257,0.05164992826398852,10.579626972740316,2018
200755,JJ Redick,PHI,983,0.00061037456397224,0.008138351983723296,12.65412004069176,2018
200765,Rajon Rondo,LAL,384,0.004703484477283017,0.06510416666666667,12.020833333333334,2018
200768,Kyle Lowry,TOR,674,0.0018325511333455043,0.02225519287833828,13.044510385756677,2018
200782,P.J. Tucker,HOU,491,0.0038917069576521,0.04480651731160896,11.54786150712831,2018
200794,Paul Millsap,DEN,625,0.005260781229256275,0.0864,11.2784,2018
200826,J.J. Barea,DAL,355,0.0008819783648118147,0.02535211267605634,11.692957746478873,2018
201142,Kevin Durant,GSW,1306,0.002228352836970292,0.036753445635528334,12.565849923430322,2018
201143,Al Horford,BOS,696,0.0010612444541611406,0.031609195402298854,10.85344827586207,2018
201144,Mike Conley,MEM,1018,0.0013012247061533692,0.01768172888015717,10.795677799607073,2018
201145,Jeff Green,WAS,623,0.0024213515534047807,0.02247191011235955,11.22792937399679,2018
201149,Joakim Noah,MEM,196,0.0064168023753276675,0.07653061224489796,11.260204081632653,2018
201152,Thaddeus Young,IND,787,0.0013692446344496189,0.026683608640406607,11.090216010165184,2018
201158,Marco Belinelli,SAS,646,0.0030617794433971685,0.04024767801857585,12.328173374613003,2018
201162,Jared Dudley,BKN,224,0.0011131529554710502,0.004464285714285714,11.584821428571429,2018
201163,Wilson Chandler,PHI,194,0.0002838501734406383,0.015463917525773196,12.463917525773196,2018
201188,Marc Gasol,MEM,630,0.00031887436201383056,0.004761904761904762,9.93015873015873,2018
201188,Marc Gasol,TOR,171,0.002299105279564844,0.029239766081871343,10.707602339181287,2018
201229,Anthony Tolliver,MIN,247,0.002551868632221717,0.016194331983805668,12.161943319838057,2018
201565,Derrick Rose,MIN,700,0.002740431306041535,0.03571428571428571,12.024285714285714,2018
201566,Russell Westbrook,OKC,1401,0.000925208835472214,0.021413276231263382,13.664525339043541,2018
201567,Kevin Love,CLE,270,0.0006263830738695433,0.014814814814814815,11.103703703703705,2018
201568,Danilo Gallinari,LAC,801,0.003462552341311351,0.03870162297128589,11.047440699126092,2018
201569,Eric Gordon,HOU,889,0.009793319520016847,0.06299212598425197,12.231721034870642,2018
201571,D.J. Augustin,ORL,616,0.0027130181704837085,0.03896103896103896,12.159090909090908,2018
201572,Brook Lopez,MIL,749,0.00018844245117812962,0.006675567423230975,11.998664886515353,2018
201573,Jerryd Bayless,MIN,210,0.0029759714121531545,0.05238095238095238,11.352380952380953,2018
201577,Robin Lopez,CHI,499,0.0005856081401826719,0.01002004008016032,9.59318637274549,2018
201580,JaVale McGee,LAL,607,0.002498499310422257,0.03789126853377265,12.42504118616145,2018
201586,Serge Ibaka,TOR,815,0.0013713319712358612,0.024539877300613498,11.392638036809815,2018
201587,Nicolas Batum,CHA,529,0.0019590809110144975,0.030245746691871456,11.7296786389414,2018
201588,George Hill,MIL,244,0.0012779554730451318,0.020491803278688523,11.368852459016393,2018
201599,DeAndre Jordan,DAL,304,0.0017672448328332683,0.023026315789473683,11.87828947368421,2018
201609,Goran Dragic,MIA,408,0.0032056005648142477,0.05392156862745098,12.362745098039216,2018
201933,Blake Griffin,DET,1189,0.005595675626582701,0.05550883095037847,10.30613961312027,2018
201935,James Harden,HOU,1734,0.004722374974530388,0.04325259515570934,10.695501730103807,2018
201936,Tyreke Evans,IND,600,0.008252813313634203,0.08333333333333333,12.208333333333334,2018
201937,Ricky Rubio,UTA,692,0.0035384129715798846,0.04046242774566474,11.77456647398844,2018
201939,Stephen Curry,GSW,1268,0.004325387194402429,0.0583596214511041,13.016561514195583,2018
201942,DeMar DeRozan,SAS,1241,0.0028700982832969616,0.0547945205479452,11.174053182917003,2018
201949,James Johnson,MIA,337,0.004140148860068116,0.04451038575667656,11.032640949554896,2018
201950,Jrue Holiday,NOP,1092,0.002276307514003819,0.03388278388278388,12.48076923076923,2018
201952,Jeff Teague,MIN,380,0.0026180473833321643,0.04736842105263158,12.192105263157895,2018
201954,Darren Collison,IND,606,0.0019014824137807385,0.026402640264026403,11.981848184818482,2018
201959,Taj Gibson,MIN,504,0.0019388455981380443,0.04563492063492063,11.285714285714286,2018
201960,DeMarre Carroll,BKN,533,0.005129041046776908,0.06191369606003752,12.818011257035648,2018
201961,Wayne Ellington,DET,256,0.004874644838145424,0.03515625,11.60546875,2018
201961,Wayne Ellington,MIA,179,0.001612747991976262,0.027932960893854747,11.30167597765363,2018
201973,Jonas Jerebko,GSW,328,0.012245848348031968,0.11890243902439024,11.987804878048781,2018
201976,Patrick Beverley,LAC,439,0.0013870193841803776,0.018223234624145785,11.943052391799544,2018
201980,Danny Green,TOR,583,0.0034724843848360823,0.04974271012006861,12.830188679245284,2018
201988,Patty Mills,SAS,630,0.0016134335865814922,0.01904761904761905,12.011111111111111,2018
202066,Garrett Temple,MEM,346,0.0007031489375054127,0.008670520231213872,11.372832369942197,2018
202083,Wesley Matthews,DAL,440,0.0013600080667470055,0.020454545454545454,10.597727272727273,2018
202083,Wesley Matthews,IND,200,0.0016034172589898148,0.045,11.37,2018
202322,John Wall,WAS,523,0.002200909996869417,0.03441682600382409,12.81453154875717,2018
202323,Evan Turner,POR,403,0.0008497128027433968,0.022332506203473945,10.665012406947891,2018
202324,Derrick Favors,UTA,586,0.0020878892096332074,0.04948805460750853,11.255972696245733,2018
202326,DeMarcus Cousins,GSW,353,0.01136753787965023,0.11614730878186968,11.19830028328612,2018
202328,Greg Monroe,TOR,150,0.003419836516070417,0.08,11.673333333333334,2018
202329,Al-Farouq Aminu,POR,552,0.00288413490000253,0.043478260869565216,10.817028985507246,2018
202330,Gordon Hayward,BOS,605,0.003582619071223837,0.05619834710743802,12.185123966942148,2018
202331,Paul George,OKC,1520,0.0012658530858095786,0.020394736842105264,13.51578947368421,2018
202334,Ed Davis,BKN,274,0.0017861362520747088,0.029197080291970802,12.328467153284672,2018
202335,Patrick Patterson,OKC,208,0.0033642432380990035,0.038461538461538464,12.9375,2018
202339,Eric Bledsoe,MIL,919,0.0027864175985460953,0.04352557127312296,13.081610446137105,2018
202340,Avery Bradley,LAC,401,0.0012403503388463187,0.014962593516209476,11.339152119700747,2018
202340,Avery Bradley,MEM,177,0.0017376913591310545,0.022598870056497175,11.564971751412429,2018
202355,Hassan Whiteside,MIA,627,0.0068225396151530785,0.0861244019138756,11.47846889952153,2018
202357,Nemanja Bjelica,SAC,554,0.004993492817025738,0.0631768953068592,13.014440433212997,2018
202362,Lance Stephenson,LAL,401,0.003305649265852074,0.0399002493765586,12.0,2018
202391,Jeremy Lin,ATL,360,0.0029147241828594763,0.030555555555555555,13.230555555555556,2018
202397,Ish Smith,DET,431,0.005477455435863985,0.06264501160092807,10.475638051044083,2018
202498,Lance Thomas,NYK,191,0.0010861517291973436,0.031413612565445025,10.539267015706807,2018
202681,Kyrie Irving,BOS,1167,0.0012150946784679805,0.02056555269922879,12.806341045415596,2018
202683,Enes Freedom,NYK,432,0.0006132261439422027,0.009259259259259259,11.00462962962963,2018
202683,Enes Freedom,POR,198,0.0011003127764404876,0.020202020202020204,11.0,2018
202684,Tristan Thompson,CLE,324,0.001330293863016809,0.033950617283950615,10.435185185185185,2018
202685,Jonas Valanciunas,MEM,254,0.000555566805425472,0.011811023622047244,10.283464566929133,2018
202685,Jonas Valanciunas,TOR,244,0.0016535820507643372,0.020491803278688523,11.168032786885245,2018
202688,Brandon Knight,CLE,200,0.005304186290722967,0.045,11.66,2018
202689,Kemba Walker,CHA,1551,0.0030539791838153705,0.037395228884590584,12.254029658284978,2018
202691,Klay Thompson,GSW,1340,0.003902427553859544,0.07537313432835821,12.371641791044777,2018
202692,Alec Burks,CLE,304,0.0034381050922451016,0.049342105263157895,10.12171052631579,2018
202693,Markieff Morris,WAS,308,0.0011793329428934878,0.016233766233766232,10.96103896103896,2018
202694,Marcus Morris Sr.,BOS,785,0.002591765435226231,0.02929936305732484,11.0828025477707,2018
202695,Kawhi Leonard,TOR,1059,0.0009258481283067085,0.014164305949008499,11.865911237016054,2018
202696,Nikola Vucevic,ORL,1283,0.0005060863105174126,0.010132501948558068,10.728760717069369,2018
202697,Iman Shumpert,SAC,337,0.001614892177788937,0.02373887240356083,12.90207715133531,2018
202699,Tobias Harris,LAC,807,0.0004364156389283605,0.009913258983890954,11.490706319702602,2018
202699,Tobias Harris,PHI,381,0.001315038417301298,0.015748031496062992,11.881889763779528,2018
202702,Kenneth Faried,HOU,205,0.008749199623755371,0.08292682926829269,12.160975609756097,2018
202703,Nikola Mirotic,NOP,394,0.002735487178886055,0.050761421319796954,13.47969543147208,2018
202704,Reggie Jackson,DET,960,0.002340730858234679,0.042708333333333334,10.96875,2018
202705,MarShon Brooks,MEM,156,0.0014611888030708498,0.038461538461538464,10.166666666666666,2018
202709,Cory Joseph,IND,491,0.0017633716542276752,0.032586558044806514,10.967413441955193,2018
202710,Jimmy Butler,PHI,688,0.002471106045525359,0.03197674418604651,11.829941860465116,2018
202711,Bojan Bogdanovic,IND,988,0.0036960200761360566,0.0354251012145749,12.326923076923077,2018
202714,Shelvin Mack,MEM,339,0.002835864952224402,0.02359882005899705,9.920353982300885,2018
202718,Chandler Parsons,MEM,169,0.0020951130720005345,0.03550295857988166,11.597633136094675,2018
202722,Davis Bertans,SAS,420,0.0037116055585556607,0.02857142857142857,11.733333333333333,2018
202734,E'Twaun Moore,NOP,504,0.002963493193041852,0.03571428571428571,13.011904761904763,2018
203076,Anthony Davis,NOP,964,0.001053836642481291,0.024896265560165973,12.197095435684647,2018
203077,Michael Kidd-Gilchrist,CHA,299,0.007785008619615141,0.0903010033444816,10.94314381270903,2018
203078,Bradley Beal,WAS,1526,0.0007309612176830017,0.011795543905635648,12.741153342070774,2018
203079,Dion Waiters,MIA,425,0.00418526424405634,0.05647058823529412,10.531764705882352,2018
203081,Damian Lillard,POR,1428,0.0018911506584964155,0.025210084033613446,12.085434173669467,2018
203082,Terrence Ross,ORL,970,0.0009679311562688409,0.027835051546391754,11.774226804123712,2018
203083,Andre Drummond,DET,938,0.0021631706338021564,0.03731343283582089,12.078891257995735,2018
203084,Harrison Barnes,DAL,693,0.0007703335569558845,0.012987012987012988,10.321789321789321,2018
203084,Harrison Barnes,SAC,288,0.001279757890408661,0.020833333333333332,11.79513888888889,2018
203085,Austin Rivers,HOU,352,0.0053765509690529125,0.05965909090909091,10.653409090909092,2018
203085,Austin Rivers,WAS,189,0.0023544608815291843,0.031746031746031744,11.343915343915343,2018
203086,Meyers Leonard,POR,227,0.0008502997472591218,0.039647577092511016,10.361233480176212,2018
203087,Jeremy Lamb,CHA,895,0.002732325453543462,0.041340782122905026,11.211173184357541,2018
203090,Maurice Harkless,POR,368,0.003230334547540397,0.03260869565217391,11.279891304347826,2018
203095,Evan Fournier,ORL,1015,0.0026852507065474023,0.030541871921182268,11.222660098522168,2018
203107,Tomas Satoransky,WAS,495,0.0011286042599533935,0.03232323232323232,11.547474747474748,2018
203109,Jae Crowder,UTA,755,0.002355767880558311,0.02913907284768212,11.940397350993377,2018
203110,Draymond Green,GSW,406,0.01316067652312658,0.11576354679802955,11.876847290640393,2018
203114,Khris Middleton,MIL,1070,0.002237118611943728,0.03457943925233645,12.34392523364486,2018
203115,Will Barton,DEN,432,0.006217722807545665,0.08333333333333333,12.844907407407407,2018
203118,Mike Scott,LAC,209,0.0016682927454035937,0.004784688995215311,11.62200956937799,2018
203118,Mike Scott,PHI,177,0.0011685810965879858,0.011299435028248588,11.779661016949152,2018
203121,Darius Miller,NOP,460,0.0015281141668920934,0.021739130434782608,12.891304347826088,2018
203145,Kent Bazemore,ATL,637,0.008807592530560637,0.061224489795918366,12.766091051805338,2018
203200,Justin Holiday,CHI,370,0.0021744722619864367,0.02702702702702703,12.421621621621622,2018
203200,Justin Holiday,MEM,356,0.0012407702779130211,0.016853932584269662,11.845505617977528,2018
203210,JaMychal Green,LAC,151,0.0015089009330999548,0.019867549668874173,12.3841059602649,2018
203210,JaMychal Green,MEM,280,0.00045732367663658957,0.014285714285714285,10.792857142857143,2018
203382,Aron Baynes,BOS,212,0.0010076555622733803,0.0330188679245283,11.919811320754716,2018
203457,Nerlens Noel,OKC,253,0.008472564873861384,0.11462450592885376,12.106719367588934,2018
203458,Alex Len,ATL,617,0.003004947921649838,0.03565640194489465,12.021069692058347,2018
203459,Allen Crabbe,BKN,351,0.002466276224185802,0.019943019943019943,12.37037037037037,2018
203468,CJ McCollum,POR,1187,0.0014309121650426812,0.020219039595619208,11.840775063184498,2018
203469,Cody Zeller,CHA,325,0.007262373613880198,0.08615384615384615,11.935384615384615,2018
203471,Dennis Schroder,OKC,1045,0.001711959933844127,0.01818181818181818,13.160765550239235,2018
203473,Dewayne Dedmon,ATL,495,0.0014759515083066935,0.020202020202020204,12.11919191919192,2018
203476,Gorgui Dieng,MIN,344,0.0031061200200145265,0.040697674418604654,11.002906976744185,2018
203482,Kelly Olynyk,MIA,531,0.004837020811208747,0.04519774011299435,11.009416195856874,2018
203484,Kentavious Caldwell-Pope,LAL,701,0.0006979769938445637,0.017118402282453638,13.365192582025678,2018
203486,Mason Plumlee,DEN,395,0.004555647023936852,0.04556962025316456,10.379746835443038,2018
203488,Mike Muscala,PHI,262,0.0011703499157067103,0.030534351145038167,12.370229007633588,2018
203490,Otto Porter Jr.,CHI,190,0.0008345126244748235,0.010526315789473684,12.51578947368421,2018
203490,Otto Porter Jr.,WAS,418,0.0003739907583908982,0.004784688995215311,12.023923444976077,2018
203493,Reggie Bullock,DET,400,0.0028741698171082216,0.035,11.035,2018
203496,Robert Covington,MIN,235,0.006158702965267579,0.06382978723404255,12.76595744680851,2018
203497,Rudy Gobert,UTA,679,0.00837702628103585,0.06480117820324006,11.966126656848306,2018
203500,Steven Adams,OKC,774,0.00041259215757354767,0.007751937984496124,12.543927648578812,2018
203501,Tim Hardaway Jr.,DAL,252,0.002106390619492371,0.027777777777777776,12.214285714285714,2018
203501,Tim Hardaway Jr.,NYK,694,0.0011435397472250137,0.018731988472622477,12.29971181556196,2018
203503,Tony Snell,MIL,336,0.00423992122909794,0.06845238095238096,12.854166666666666,2018
203504,Trey Burke,DAL,175,0.006344613311091547,0.07428571428571429,11.331428571428571,2018
203504,Trey Burke,NYK,328,0.0012761748701552408,0.018292682926829267,12.274390243902438,2018
203506,Victor Oladipo,IND,552,0.0023001403190699168,0.030797101449275364,12.21376811594203,2018
203507,Giannis Antetokounmpo,MIL,1160,0.005175292705765645,0.0603448275862069,12.815517241379311,2018
203516,James Ennis III,HOU,199,0.0046305291883009265,0.035175879396984924,12.49748743718593,2018
203521,Matthew Dellavedova,CLE,205,0.000403021666329889,0.00975609756097561,11.697560975609756,2018
203524,Solomon Hill,NOP,168,0.0031367373561311715,0.05357142857142857,12.029761904761905,2018
203546,Ian Clark,NOP,362,0.002237313039192465,0.024861878453038673,12.837016574585636,2018
203552,Seth Curry,POR,428,0.0010467690023839955,0.02570093457943925,11.537383177570094,2018
203584,Troy Daniels,PHX,263,0.0,0.0,11.756653992395437,2018
203585,Rodney McGruder,MIA,417,0.008718904114007796,0.09352517985611511,11.074340527577938,2018
203613,Jonathon Simmons,ORL,251,0.005519524913052453,0.06772908366533864,10.55378486055777,2018
203894,Shabazz Napier,BKN,393,0.0019154525742424936,0.030534351145038167,11.404580152671755,2018
203897,Zach LaVine,CHI,1050,0.0034392900733031593,0.04285714285714286,11.89047619047619,2018
203901,Elfrid Payton,NOP,392,0.005042146830064868,0.07142857142857142,12.775510204081632,2018
203903,Jordan Clarkson,CLE,1064,0.0010568660538041216,0.015977443609022556,10.993421052631579,2018
203914,Gary Harris,DEN,609,0.005915168830089639,0.05582922824302135,11.845648604269295,2018
203915,Spencer Dinwiddie,BKN,747,0.0027971884788748017,0.040160642570281124,11.24631860776439,2018
203917,Nik Stauskas,POR,215,0.0016499390604928143,0.03255813953488372,11.604651162790697,2018
203918,Rodney Hood,CLE,425,0.003240026824933611,0.03294117647058824,9.694117647058823,2018
203918,Rodney Hood,POR,194,0.001359603776331896,0.020618556701030927,10.56701030927835,2018
203922,Glenn Robinson III,DET,161,0.011961577901100803,0.12422360248447205,11.565217391304348,2018
203924,Jerami Grant,OKC,783,0.004045193988959354,0.04853128991060025,12.51213282247765,2018
203925,Joe Harris,BKN,710,0.0025517007881953597,0.028169014084507043,12.097183098591549,2018
203926,Doug McDermott,IND,403,0.002333504341301895,0.04962779156327544,12.233250620347395,2018
203932,Aaron Gordon,ORL,966,0.005137166165818609,0.052795031055900624,11.232919254658386,2018
203933,T.J. Warren,PHX,576,0.0016044859581297065,0.020833333333333332,12.041666666666666,2018
203935,Marcus Smart,BOS,529,0.0037722061033348955,0.04914933837429111,12.0586011342155,2018
203937,Kyle Anderson,MEM,253,0.001253466603384266,0.023715415019762844,11.818181818181818,2018
203939,Dwight Powell,DAL,463,0.003416992393062171,0.04535637149028078,11.576673866090713,2018
203943,Noah Vonleh,NYK,408,0.002161694711906298,0.031862745098039214,10.818627450980392,2018
203944,Julius Randle,NOP,1031,0.004915863445536926,0.06983511154219205,11.837051406401551,2018
203952,Andrew Wiggins,MIN,1116,0.0019865460504042537,0.04032258064516129,11.558243727598565,2018
203953,Jabari Parker,CHI,436,0.0039025181693339898,0.05733944954128441,12.080275229357799,2018
203953,Jabari Parker,WAS,271,0.0070703278829773305,0.06273062730627306,12.808118081180812,2018
203954,Joel Embiid,PHI,1106,0.0030230474245159346,0.028933092224231464,10.7875226039783,2018
203957,Dante Exum,UTA,224,0.009180761207493041,0.08482142857142858,11.544642857142858,2018
203967,Dario Saric,MIN,545,0.0027379605087160023,0.047706422018348627,11.511926605504588,2018
203991,Clint Capela,HOU,683,0.007700313067766998,0.05856515373352855,12.224011713030746,2018
203992,Bogdan Bogdanovic,SAC,781,0.002913569101017879,0.04481434058898848,11.939820742637645,2018
203994,Jusuf Nurkic,POR,779,0.0060548547801328595,0.08985879332477535,10.937098844672658,2018
203998,Bruno Caboclo,MEM,212,0.0022983646026004797,0.02358490566037736,11.382075471698114,2018
203999,Nikola Jokic,DEN,1126,0.0016899793532470682,0.035523978685612786,10.443161634103019,2018
204020,Tyler Johnson,MIA,374,0.005294126155485777,0.06417112299465241,11.419786096256685,2018
204025,Tim Frazier,NOP,176,0.008666595063228115,0.08522727272727272,11.232954545454545,2018
204038,Langston Galloway,DET,543,0.005391541613907077,0.06998158379373849,11.519337016574585,2018
204060,Joe Ingles,UTA,748,0.005042887823679847,0.05080213903743316,11.344919786096257,2018
204456,T.J. McConnell,PHI,392,0.0011135161021792236,0.012755102040816327,11.946428571428571,2018
1626143,Jahlil Okafor,NOP,334,0.00108290607512292,0.020958083832335328,10.75748502994012,2018
1626144,Emmanuel Mudiay,NYK,679,0.0007725260868320772,0.020618556701030927,11.625920471281296,2018
1626145,Tyus Jones,MIN,425,0.003261098498465513,0.04,12.037647058823529,2018
1626149,Montrezl Harrell,LAC,816,0.0017730425822086178,0.022058823529411766,12.02450980392157,2018
1626153,Delon Wright,MEM,238,0.0017193693335448505,0.01680672268907563,12.483193277310924,2018
1626153,Delon Wright,TOR,257,0.008786141590338565,0.07392996108949416,12.303501945525293,2018
1626155,Sam Dekker,WAS,192,0.007312594460945225,0.0625,12.260416666666666,2018
1626156,D'Angelo Russell,BKN,1450,0.0019205897103783693,0.022068965517241378,12.673793103448276,2018
1626157,Karl-Anthony Towns,MIN,1249,0.0009999305830955395,0.014411529223378704,11.23298638911129,2018
1626158,Richaun Holmes,PHX,341,0.0012921339182724093,0.03519061583577713,10.868035190615835,2018
1626159,Justise Winslow,MIA,700,0.011328050727760962,0.11285714285714285,11.292857142857143,2018
1626161,Willie Cauley-Stein,SAC,712,0.003602656882070471,0.05898876404494382,12.299157303370787,2018
1626162,Kelly Oubre Jr.,PHX,495,0.003088098886216941,0.030303030303030304,12.139393939393939,2018
1626162,Kelly Oubre Jr.,WAS,283,0.007935443181739592,0.07420494699646643,12.816254416961131,2018
1626163,Frank Kaminsky,CHA,277,0.0026068342754001607,0.04332129963898917,10.11913357400722,2018
1626164,Devin Booker,PHX,1159,0.0008276160094868249,0.013805004314063849,11.852459016393443,2018
1626166,Cameron Payne,CHI,155,0.006072843205820566,0.06451612903225806,11.477419354838709,2018
1626167,Myles Turner,IND,736,0.0027916429738115253,0.03125,10.934782608695652,2018
1626168,Trey Lyles,DEN,458,0.005582148664619074,0.06331877729257641,11.519650655021834,2018
1626169,Stanley Johnson,DET,308,0.008702615987736468,0.08116883116883117,11.535714285714286,2018
1626170,Jerian Grant,ORL,199,0.004484959991606755,0.04020100502512563,11.758793969849247,2018
1626171,Bobby Portis,CHI,254,0.001198992562121939,0.015748031496062992,12.161417322834646,2018
1626171,Bobby Portis,WAS,344,0.0029935962415725973,0.040697674418604654,12.116279069767442,2018
1626172,Kevon Looney,GSW,330,0.020028629083932898,0.15757575757575756,11.296969696969697,2018
1626178,Rondae Hollis-Jefferson,BKN,456,0.00529837694470864,0.07675438596491228,11.532894736842104,2018
1626179,Terry Rozier,BOS,610,0.00553854566763277,0.05245901639344262,11.924590163934425,2018
1626181,Norman Powell,TOR,367,0.0013099626229138494,0.027247956403269755,11.746594005449591,2018
1626184,Chasson Randle,WAS,209,0.005299354541636817,0.06698564593301436,12.617224880382775,2018
1626188,Quinn Cook,GSW,415,0.00921717677994096,0.10361445783132531,11.79277108433735,2018
1626192,Pat Connaughton,MIL,326,0.005040126353510991,0.027607361963190184,12.242331288343559,2018
1626195,Willy Hernangomez,CHA,278,0.00516120922090123,0.06115107913669065,11.496402877697841,2018
1626196,Josh Richardson,MIA,950,0.005180393917807574,0.06421052631578947,11.364210526315789,2018
1626203,Treveon Graham,BKN,177,0.006934559975440289,0.03954802259887006,11.751412429378531,2018
1626204,Larry Nance Jr.,CLE,422,0.0028248403178042013,0.03317535545023697,11.251184834123222,2018
1626209,Mario Hezonja,NYK,433,0.0011341877477578919,0.013856812933025405,11.625866050808314,2018
1626220,Royce O'Neale,UTA,311,0.0059576390169485465,0.06109324758842444,12.67524115755627,2018
1626224,Cedi Osman,CLE,775,0.002942638915165647,0.03483870967741935,11.04516129032258,2018
1626245,Cristiano Felicio,CHI,163,0.0044216000363327965,0.04294478527607362,11.822085889570552,2018
1627732,Ben Simmons,PHI,899,0.0031334726419344457,0.04338153503893215,13.166852057842046,2018
1627733,Dragan Bender,PHX,185,0.0013638773491146626,0.005405405405405406,12.178378378378378,2018
1627734,Domantas Sabonis,IND,649,0.007425017035848599,0.11556240369799692,10.956856702619415,2018
1627736,Malik Beasley,DEN,696,0.006796555024748239,0.06321839080459771,12.614942528735632,2018
1627739,Kris Dunn,CHI,489,0.005108741593363862,0.05930470347648262,12.25562372188139,2018
1627741,Buddy Hield,SAC,1273,0.002781913736566295,0.03456402199528672,13.428908091123331,2018
1627742,Brandon Ingram,LAL,666,0.00518360500063704,0.04504504504504504,11.728228228228229,2018
1627747,Caris LeVert,BKN,449,0.0049139379877749054,0.0467706013363029,11.54120267260579,2018
1627750,Jamal Murray,DEN,1072,0.0036567977094175167,0.0457089552238806,11.560634328358208,2018
1627751,Jakob Poeltl,SAS,258,0.011985118466934182,0.09302325581395349,11.678294573643411,2018
1627752,Taurean Prince,ATL,565,0.005900532588643709,0.04424778761061947,12.32212389380531,2018
1627759,Jaylen Brown,BOS,748,0.00559676496217652,0.058823529411764705,12.881016042780749,2018
1627761,DeAndre' Bembry,ATL,580,0.006528436909488839,0.05172413793103448,12.213793103448277,2018
1627763,Malcolm Brogdon,MIL,704,0.005881515532039799,0.056818181818181816,12.596590909090908,2018
1627767,Cheick Diallo,NOP,257,0.026493022023644765,0.22568093385214008,12.622568093385214,2018
1627774,Jake Layman,POR,395,0.003268990883995975,0.04556962025316456,11.470886075949368,2018
1627777,Georges Niang,UTA,173,0.0021741413471676393,0.03468208092485549,11.936416184971097,2018
1627782,Wayne Selden,CHI,305,0.008662171864906417,0.06557377049180328,11.459016393442623,2018
1627783,Pascal Siakam,TOR,885,0.004829774905186205,0.05084745762711865,12.542372881355933,2018
1627788,Furkan Korkmaz,PHI,220,0.004895991986760463,0.03636363636363636,12.209090909090909,2018
1627789,Timothe Luwawu-Cabarrot,CHI,168,0.004735053751157144,0.05357142857142857,11.833333333333334,2018
1627790,Ante Zizic,CLE,309,0.004777047162990559,0.0970873786407767,11.249190938511326,2018
1627812,Yogi Ferrell,SAC,322,0.0040463370862044105,0.043478260869565216,13.114906832298137,2018
1627820,Tyrone Wallace,LAC,211,0.003527023197072799,0.052132701421800945,12.872037914691942,2018
1627823,Juancho Hernangomez,DEN,299,0.007813382184712175,0.06354515050167224,11.82943143812709,2018
1627826,Ivica Zubac,LAC,166,0.0008947874568525972,0.024096385542168676,12.283132530120483,2018
1627826,Ivica Zubac,LAL,184,0.003002289458432064,0.06521739130434782,12.054347826086957,2018
1627827,Dorian Finney-Smith,DAL,482,0.005532995727385012,0.03734439834024896,12.45643153526971,2018
1627832,Fred VanVleet,TOR,533,0.009852549182189304,0.08067542213883677,11.52532833020638,2018
1627846,Abdel Nader,OKC,200,0.002442603051168195,0.03,12.705,2018
1627853,Ryan Arcidiacono,CHI,394,0.0036165010766740554,0.03299492385786802,11.060913705583756,2018
1627854,Bryn Forbes,SAS,753,0.002799334171475628,0.04648074369189907,12.173970783532537,2018
1627863,Danuel House Jr.,HOU,238,0.0035936347257114086,0.04201680672268908,11.869747899159664,2018
1627884,Derrick Jones Jr.,MIA,294,0.012912399415222656,0.0782312925170068,12.07482993197279,2018
1627885,Shaquille Harrison,CHI,385,0.010872406154824365,0.07792207792207792,12.361038961038961,2018
1627936,Alex Caruso,LAL,162,0.002401021969707821,0.043209876543209874,11.907407407407407,2018
1628021,David Nwaba,CLE,235,0.008000288124883815,0.07234042553191489,11.582978723404254,2018
1628035,Alfonzo McKinnie,GSW,265,0.012149402445510118,0.10566037735849057,11.992452830188679,2018
1628366,Lonzo Ball,LAL,439,0.0028480934647391403,0.03416856492027335,12.612756264236902,2018
1628367,Josh Jackson,PHX,794,0.0036881322019507823,0.037783375314861464,11.377833753148614,2018
1628368,De'Aaron Fox,SAC,1041,0.011222245326733389,0.10854947166186359,14.000960614793469,2018
1628369,Jayson Tatum,BOS,986,0.003961228544991219,0.05476673427991886,12.031440162271805,2018
1628370,Malik Monk,CHA,543,0.005736288546975851,0.07366482504604052,12.005524861878452,2018
1628371,Jonathan Isaac,ORL,579,0.007499242870503315,0.08981001727115717,11.823834196891191,2018
1628372,Dennis Smith Jr.,DAL,331,0.002246041679656138,0.03927492447129909,12.389728096676738,2018
1628372,Dennis Smith Jr.,NYK,267,0.001712753128176915,0.02247191011235955,12.05243445692884,2018
1628373,Frank Ntilikina,NYK,263,0.002560487618938629,0.026615969581749048,11.452471482889734,2018
1628374,Lauri Markkanen,CHI,720,0.00370421134245594,0.0375,11.202777777777778,2018
1628378,Donovan Mitchell,UTA,1446,0.006684262146927702,0.0698478561549101,11.572614107883817,2018
1628379,Luke Kennard,DET,479,0.002178034250749116,0.037578288100208766,11.44258872651357,2018
1628380,Zach Collins,POR,372,0.004294862190509351,0.053763440860215055,9.93010752688172,2018
1628381,John Collins,ATL,781,0.0063174435260878225,0.05121638924455826,12.011523687580025,2018
1628382,Justin Jackson,DAL,182,0.0015413131921541523,0.016483516483516484,11.62087912087912,2018
1628382,Justin Jackson,SAC,277,0.0031615337035514014,0.036101083032490974,12.711191335740072,2018
1628384,OG Anunoby,TOR,366,0.0029718808014670963,0.03551912568306011,11.975409836065573,2018
1628385,Harry Giles III,SAC,328,0.013992054149709044,0.1402439024390244,11.50609756097561,2018
1628386,Jarrett Allen,BKN,539,0.0018516657083984796,0.02040816326530612,11.63821892393321,2018
1628388,T.J. Leaf,IND,172,0.009920156437701177,0.09883720930232558,12.168604651162791,2018
1628389,Bam Adebayo,MIA,449,0.018853317774280634,0.1358574610244989,11.547884187082404,2018
1628390,Terrance Ferguson,OKC,422,0.0028165723446841543,0.023696682464454975,13.611374407582938,2018
1628391,D.J. Wilson,MIL,239,0.00492671870998273,0.06694560669456066,11.774058577405858,2018
1628395,Jordan Bell,GSW,181,0.018977910958797976,0.19889502762430938,11.408839779005525,2018
1628397,Ivan Rabb,MEM,197,0.0037276477372627645,0.04060913705583756,11.269035532994923,2018
1628398,Kyle Kuzma,LAL,1023,0.002377064694355758,0.03714565004887586,12.679374389051809,2018
1628400,Semi Ojeleye,BOS,153,0.005401748052416038,0.0457516339869281,12.071895424836601,2018
1628401,Derrick White,SAS,515,0.008364035175735309,0.0912621359223301,10.666019417475729,2018
1628402,Frank Jackson,NOP,423,0.009230346893301032,0.07801418439716312,13.09692671394799,2018
1628404,Josh Hart,LAL,429,0.0029949547949681948,0.02564102564102564,13.846153846153847,2018
1628407,Dwayne Bacon,CHA,244,0.010069748101448162,0.08196721311475409,11.918032786885245,2018
1628411,Wes Iwundu,ORL,252,0.00848384404106541,0.11507936507936507,12.488095238095237,2018
1628412,Frank Mason III,SAC,151,0.006617957013531145,0.09271523178807947,13.76158940397351,2018
1628413,Jonah Bolden,PHI,156,0.002323790352325641,0.019230769230769232,12.429487179487179,2018
1628416,Tyler Dorsey,MEM,165,0.0008146288971891735,0.012121212121212121,12.581818181818182,2018
1628418,Thomas Bryant,WAS,472,0.008527519238448418,0.1059322033898305,11.707627118644067,2018
1628420,Monte Morris,DEN,658,0.007296628147624533,0.05927051671732523,12.02127659574468,2018
1628422,Damyean Dotson,NYK,653,0.000873995312502793,0.009188361408882083,11.735068912710567,2018
1628425,Sterling Brown,MIL,290,0.006567071194220516,0.05862068965517241,12.827586206896552,2018
1628436,Luke Kornet,NYK,269,0.0011551831821389109,0.007434944237918215,10.810408921933085,2018
1628464,Daniel Theis,BOS,254,0.008290815499561937,0.07874015748031496,11.566929133858268,2018
1628467,Maxi Kleber,DAL,367,0.0005592705561342025,0.01907356948228883,10.831062670299728,2018
1628469,Antonio Blakeney,CHI,363,0.005981846069555231,0.06336088154269973,11.556473829201101,2018
1628470,Torrey Craig,DEN,336,0.006167769923799619,0.05952380952380952,11.764880952380953,2018
1628960,Grayson Allen,UTA,172,0.004036506449998434,0.06976744186046512,12.94186046511628,2018
1628963,Marvin Bagley III,SAC,665,0.012240712110943972,0.1368421052631579,12.16842105263158,2018
1628964,Mo Bamba,ORL,222,0.007751950707010452,0.13063063063063063,11.14864864864865,2018
1628969,Mikal Bridges,PHX,540,0.0018029195645892285,0.018518518518518517,12.457407407407407,2018
1628970,Miles Bridges,CHA,479,0.009350511899702369,0.07515657620041753,11.41544885177453,2018
1628971,Bruce Brown,DET,285,0.0116801093991593,0.11929824561403508,11.171929824561403,2018
1628972,Troy Brown Jr.,WAS,218,0.010480367426043701,0.08256880733944955,11.894495412844037,2018
1628973,Jalen Brunson,DAL,540,0.006534949157492526,0.053703703703703705,11.85925925925926,2018
1628975,Jevon Carter,MEM,161,0.0030389879905415944,0.043478260869565216,11.652173913043478,2018
1628976,Wendell Carter Jr.,CHI,347,0.011247343526311635,0.10951008645533142,11.020172910662824,2018
1628977,Hamidou Diallo,OKC,150,0.005738357049261082,0.06,13.56,2018
1628983,Shai Gilgeous-Alexander,LAC,684,0.005307100994322771,0.059941520467836254,12.695906432748538,2018
1628984,Devonte' Graham,CHA,189,0.005961052737668437,0.06878306878306878,12.328042328042327,2018
1628988,Aaron Holiday,IND,244,0.0007260690093517269,0.00819672131147541,12.475409836065573,2018
1628989,Kevin Huerter,ATL,628,0.005829368965317474,0.04617834394904458,12.498407643312103,2018
1628990,Chandler Hutchison,CHI,192,0.005009143604015677,0.036458333333333336,11.208333333333334,2018
1628991,Jaren Jackson Jr.,MEM,547,0.005883897222636726,0.056672760511883,10.648994515539306,2018
1628995,Kevin Knox II,NYK,872,0.0042284020222074295,0.03669724770642202,11.918577981651376,2018
1629001,De'Anthony Melton,PHX,236,0.0024134015720877543,0.03389830508474576,12.241525423728813,2018
1629006,Josh Okogie,MIN,484,0.0073121671967231955,0.0743801652892562,12.462809917355372,2018
1629011,Mitchell Robinson,NYK,276,0.0005615184517886877,0.014492753623188406,12.91304347826087,2018
1629012,Collin Sexton,CLE,1099,0.005831584566842241,0.06733393994540492,11.909918107370336,2018
1629013,Landry Shamet,LAC,206,0.0008113906524060329,0.019417475728155338,12.106796116504855,2018
1629013,Landry Shamet,PHI,337,0.0006201191149317174,0.005934718100890208,12.492581602373887,2018
1629016,Omari Spellman,ATL,226,0.006490813934173666,0.05309734513274336,12.442477876106194,2018
1629019,Allonzo Trier,NYK,457,0.002662045080784887,0.024070021881838075,11.87089715536105,2018
1629021,Moritz Wagner,LAL,163,0.00631055107951179,0.049079754601226995,11.963190184049079,2018
1629026,Kenrich Williams,NOP,265,0.007022451083517415,0.07547169811320754,13.215094339622642,2018
1629027,Trae Young,ATL,1196,0.006863736401288975,0.056020066889632104,13.373745819397993,2018
1629028,Deandre Ayton,PHX,810,0.004090446016313332,0.07160493827160494,10.392592592592592,2018
1629029,Luka Doncic,DAL,1081,0.005245588733063459,0.037927844588344126,11.50508788159112,2018
1629059,Elie Okobo,PHX,268,0.0036704622392666393,0.022388059701492536,11.220149253731343,2018
1629066,Rodions Kurucs,BKN,415,0.003436433357920967,0.033734939759036145,12.850602409638554,2018
1713,Vince Carter,ATL,289,0.0017910674893363615,0.01384083044982699,11.280276816608996,2019
2544,LeBron James,LAL,1222,0.00197787951298343,0.028641571194762683,11.737315875613747,2019
2546,Carmelo Anthony,POR,714,0.0013076978637639371,0.023809523809523808,10.281512605042018,2019
2594,Kyle Korver,MIL,282,0.0007159557960812869,0.0070921985815602835,12.804964539007091,2019
2730,Dwight Howard,LAL,265,0.0026358159973782214,0.03018867924528302,12.026415094339622,2019
2772,Trevor Ariza,POR,154,0.0005846141884221775,0.01948051948051948,13.285714285714286,2019
2772,Trevor Ariza,SAC,154,0.003844255315680926,0.01948051948051948,13.006493506493506,2019
101107,Marvin Williams,CHA,192,0.004657658600913398,0.046875,10.859375,2019
101108,Chris Paul,OKC,795,0.0007370657451725922,0.010062893081761006,11.778616352201258,2019
101133,Ian Mahinmi,WAS,192,0.0017342284126745176,0.026041666666666668,11.328125,2019
101141,Ersan Ilyasova,MIL,288,0.006187553940195477,0.06944444444444445,12.46875,2019
101150,Lou Williams,LAC,888,0.002726916308156728,0.07995495495495496,12.923423423423424,2019
200746,LaMarcus Aldridge,SAS,745,0.0006348665374979005,0.012080536912751677,10.210738255033558,2019
200752,Rudy Gay,SAS,556,0.0009642210797969308,0.019784172661870502,11.321942446043165,2019
200755,JJ Redick,NOP,602,0.00111285272752055,0.014950166112956811,13.390365448504983,2019
200765,Rajon Rondo,LAL,301,0.004049408502046454,0.06312292358803986,11.106312292358805,2019
200768,Kyle Lowry,TOR,734,0.0018232582261619391,0.021798365122615803,13.130790190735695,2019
200782,P.J. Tucker,HOU,396,0.0018432748271545452,0.03535353535353535,10.866161616161616,2019
200794,Paul Millsap,DEN,407,0.002763811701761861,0.04914004914004914,11.245700245700245,2019
200826,J.J. Barea,DAL,190,0.004091605550729443,0.042105263157894736,11.221052631578948,2019
201143,Al Horford,PHI,660,0.0012675882303284567,0.025757575757575757,11.184848484848485,2019
201144,Mike Conley,UTA,531,0.0031799529262512057,0.03954802259887006,10.973634651600753,2019
201145,Jeff Green,UTA,178,0.005658547122754851,0.06179775280898876,11.247191011235955,2019
201152,Thaddeus Young,CHI,561,0.0009671382672460601,0.016042780748663103,11.650623885918003,2019
201158,Marco Belinelli,SAS,299,0.001621540424741047,0.03678929765886288,12.040133779264215,2019
201163,Wilson Chandler,BKN,175,0.003998847241803847,0.03428571428571429,10.8,2019
201188,Marc Gasol,TOR,258,0.0,0.0,10.616279069767442,2019
201565,Derrick Rose,DET,699,0.0020244407699887075,0.04148783977110158,11.696709585121603,2019
201566,Russell Westbrook,HOU,1223,0.003611990913638723,0.0686835650040883,13.315617334423548,2019
201567,Kevin Love,CLE,676,0.0007769792328621879,0.022189349112426034,10.872781065088757,2019
201568,Danilo Gallinari,OKC,754,0.0033917850528736647,0.046419098143236075,10.53315649867374,2019
201569,Eric Gordon,HOU,441,0.0037272657501472967,0.03854875283446712,12.72562358276644,2019
201571,D.J. Augustin,ORL,412,0.0048215658303395375,0.050970873786407765,11.71116504854369,2019
201572,Brook Lopez,MIL,650,0.0009074873930295329,0.013846153846153847,11.806153846153846,2019
201577,Robin Lopez,MIL,276,0.0,0.0,10.340579710144928,2019
201580,JaVale McGee,LAL,288,0.00502088795757533,0.04861111111111111,11.993055555555555,2019
201586,Serge Ibaka,TOR,631,0.00031858125512876145,0.004754358161648178,11.643423137876386,2019
201588,George Hill,MIL,348,0.0003842605686089,0.014367816091954023,11.491379310344827,2019
201599,DeAndre Jordan,BKN,266,0.001959479071446337,0.022556390977443608,12.191729323308271,2019
201609,Goran Dragic,MIA,671,0.00328773307545014,0.043219076005961254,11.447093889716841,2019
201933,Blake Griffin,DET,228,0.0023713341761529565,0.03508771929824561,11.232456140350877,2019
201935,James Harden,HOU,1422,0.0023053490644725735,0.027426160337552744,12.272855133614627,2019
201937,Ricky Rubio,PHX,657,0.001902377695602295,0.0289193302891933,11.508371385083715,2019
201942,DeMar DeRozan,SAS,985,0.001312519622211053,0.02233502538071066,11.711675126903554,2019
201950,Jrue Holiday,NOP,945,0.001503357002143788,0.025396825396825397,12.468783068783068,2019
201952,Jeff Teague,MIN,295,0.0008246074493904181,0.023728813559322035,12.2,2019
201959,Taj Gibson,NYK,273,0.0010012659773246493,0.07692307692307693,11.633699633699633,2019
201961,Wayne Ellington,NYK,168,0.0010462220917011242,0.011904761904761904,12.095238095238095,2019
201976,Patrick Beverley,LAC,317,0.0023306041215205584,0.028391167192429023,11.659305993690852,2019
201980,Danny Green,LAL,440,0.0008966898259432299,0.020454545454545454,12.918181818181818,2019
201988,Patty Mills,SAS,560,0.0006665881987338069,0.010714285714285714,12.326785714285714,2019
202066,Garrett Temple,BKN,540,0.0006184078498913651,0.011111111111111112,11.505555555555556,2019
202083,Wesley Matthews,MIL,408,0.004390750749177372,0.029411764705882353,13.061274509803921,2019
202324,Derrick Favors,NOP,326,0.0009133262992369161,0.02147239263803681,12.128834355828221,2019
202330,Gordon Hayward,BOS,669,0.0031154318011028907,0.043348281016442454,11.666666666666666,2019
202331,Paul George,LAC,746,0.002506718249754341,0.04423592493297587,12.506702412868632,2019
202335,Patrick Patterson,LAC,208,0.00319825632665214,0.03365384615384615,11.836538461538462,2019
202339,Eric Bledsoe,MIL,674,0.005374319506431429,0.05637982195845697,13.681008902077151,2019
202340,Avery Bradley,LAL,364,0.0029229066677657835,0.04120879120879121,12.266483516483516,2019
202355,Hassan Whiteside,POR,651,0.0015558709266244222,0.03686635944700461,11.33794162826421,2019
202357,Nemanja Bjelica,SAC,606,0.002284765125110372,0.0297029702970297,11.958745874587459,2019
202397,Ish Smith,WAS,642,0.0018106743490136853,0.03426791277258567,11.515576323987538,2019
202681,Kyrie Irving,BKN,391,0.00272820654556971,0.030690537084398978,12.877237851662404,2019
202683,Enes Freedom,BOS,320,0.001884474084400238,0.025,11.125,2019
202684,Tristan Thompson,CLE,503,0.003763712573548344,0.04572564612326044,10.540755467196819,2019
202685,Jonas Valanciunas,MEM,704,0.0007311979468450302,0.007102272727272727,11.099431818181818,2019
202687,Bismack Biyombo,CHA,257,0.007322516314997065,0.0622568093385214,11.062256809338521,2019
202689,Kemba Walker,BOS,839,0.002690937769622627,0.026221692491060787,12.089392133492252,2019
202692,Alec Burks,GSW,547,0.003936064429146911,0.043875685557586835,11.343692870201098,2019
202692,Alec Burks,PHI,159,0.009658650908581787,0.0880503144654088,10.377358490566039,2019
202693,Markieff Morris,DET,343,0.0012305900330017933,0.01749271137026239,10.962099125364432,2019
202694,Marcus Morris Sr.,LAC,165,0.00040073620660229875,0.012121212121212121,11.327272727272728,2019
202694,Marcus Morris Sr.,NYK,582,0.0017615907613331067,0.024054982817869417,10.494845360824742,2019
202695,Kawhi Leonard,LAC,1075,0.00046588777917887806,0.009302325581395349,11.774883720930232,2019
202696,Nikola Vucevic,ORL,967,0.00022418497090932475,0.0031023784901758012,11.119958634953464,2019
202699,Tobias Harris,PHI,1103,0.0014359285165737013,0.030825022665457842,11.391659111514052,2019
202704,Reggie Jackson,DET,176,0.0010282031132762188,0.011363636363636364,10.511363636363637,2019
202709,Cory Joseph,SAC,375,0.0007791479187681514,0.018666666666666668,10.514666666666667,2019
202710,Jimmy Butler,MIA,680,0.0028484236221585284,0.047058823529411764,10.964705882352941,2019
202711,Bojan Bogdanovic,UTA,884,0.0033268681248369548,0.03733031674208145,11.27262443438914,2019
202722,Davis Bertans,WAS,574,0.0013064815819527902,0.012195121951219513,13.790940766550523,2019
202734,E'Twaun Moore,NOP,416,0.0006319078956619855,0.009615384615384616,12.377403846153847,2019
202738,Isaiah Thomas,WAS,399,0.0032940979796803613,0.03007518796992481,12.31077694235589,2019
202954,Brad Wanamaker,BOS,342,0.010404723341077355,0.09649122807017543,12.017543859649123,2019
203076,Anthony Davis,LAL,1015,0.0009764698701673497,0.027586206896551724,11.466995073891626,2019
203078,Bradley Beal,WAS,1236,0.0008573700770183511,0.013754045307443365,12.444983818770227,2019
203081,Damian Lillard,POR,1272,0.0017741127630154395,0.020440251572327043,12.125,2019
203082,Terrence Ross,ORL,794,0.0006871726726960507,0.008816120906801008,11.829974811083124,2019
203083,Andre Drummond,DET,617,0.0014450081744935722,0.022690437601296597,11.006482982171798,2019
203084,Harrison Barnes,SAC,730,0.0026308600625262564,0.03561643835616438,11.063013698630137,2019
203085,Austin Rivers,HOU,469,0.002881402769513801,0.0255863539445629,11.823027718550106,2019
203086,Meyers Leonard,MIA,212,0.0013880780578310388,0.018867924528301886,10.61320754716981,2019
203087,Jeremy Lamb,IND,447,0.0010337560764728207,0.011185682326621925,11.308724832214764,2019
203090,Maurice Harkless,LAC,197,0.0018633672868669754,0.02030456852791878,11.868020304568528,2019
203095,Evan Fournier,ORL,873,0.0010193724145366144,0.016036655211912942,11.54410080183276,2019
203107,Tomas Satoransky,CHI,514,0.0017323115100157454,0.0311284046692607,11.84046692607004,2019
203109,Jae Crowder,MEM,380,0.0015534456969203288,0.02894736842105263,12.83157894736842,2019
203109,Jae Crowder,MIA,150,0.0002678157378018449,0.013333333333333334,11.88,2019
203110,Draymond Green,GSW,301,0.0024709083393268734,0.036544850498338874,11.627906976744185,2019
203114,Khris Middleton,MIL,910,0.0014228427970040293,0.023076923076923078,12.44945054945055,2019
203115,Will Barton,DEN,681,0.0054098207387901125,0.06754772393538913,12.582966226138032,2019
203118,Mike Scott,PHI,331,0.001538044590336354,0.02416918429003021,11.791540785498489,2019
203145,Kent Bazemore,POR,301,0.004981378506951857,0.03322259136212625,12.06312292358804,2019
203145,Kent Bazemore,SAC,186,0.011517838392101618,0.08064516129032258,11.091397849462366,2019
203200,Justin Holiday,IND,443,0.002352246104086741,0.02708803611738149,12.404063205417607,2019
203210,JaMychal Green,LAC,323,0.0010173699686242994,0.021671826625386997,12.25077399380805,2019
203382,Aron Baynes,PHX,367,0.0008026141654854023,0.013623978201634877,11.098092643051771,2019
203457,Nerlens Noel,OKC,243,0.0037256929804005833,0.06172839506172839,11.62962962962963,2019
203458,Alex Len,ATL,242,0.00324763851010785,0.03305785123966942,11.727272727272727,2019
203463,Ben McLemore,HOU,507,0.0009818883859244315,0.011834319526627219,12.895463510848126,2019
203468,CJ McCollum,POR,1290,0.0009302654127176691,0.018604651162790697,12.029457364341086,2019
203469,Cody Zeller,CHA,447,0.0030616742944824834,0.035794183445190156,11.834451901565995,2019
203471,Dennis Schroder,OKC,887,0.0014608198717689553,0.03156708004509583,12.182638105975197,2019
203473,Dewayne Dedmon,SAC,160,0.0050190816355621835,0.05625,11.3875,2019
203476,Gorgui Dieng,MIN,255,0.00011570979316559356,0.00392156862745098,11.760784313725491,2019
203482,Kelly Olynyk,MIA,368,0.0035496528120687845,0.043478260869565216,11.690217391304348,2019
203484,Kentavious Caldwell-Pope,LAL,472,0.0015024597881054275,0.038135593220338986,13.103813559322035,2019
203486,Mason Plumlee,DEN,253,0.006485706062636229,0.05928853754940711,11.197628458498023,2019
203487,Michael Carter-Williams,ORL,233,0.005091807323775539,0.06866952789699571,11.626609442060087,2019
203488,Mike Muscala,OKC,175,0.0014311782635665108,0.022857142857142857,11.977142857142857,2019
203493,Reggie Bullock,NYK,214,0.003317452480084024,0.02336448598130841,12.621495327102803,2019
203496,Robert Covington,HOU,214,0.0010244371134621063,0.014018691588785047,12.476635514018692,2019
203496,Robert Covington,MIN,472,0.0016229476899404527,0.019067796610169493,12.608050847457626,2019
203497,Rudy Gobert,UTA,529,0.010646773573392485,0.07183364839319471,11.66351606805293,2019
203500,Steven Adams,OKC,439,0.0011651641865511842,0.018223234624145785,10.699316628701595,2019
203501,Tim Hardaway Jr.,DAL,833,0.0043488802778445974,0.04321728691476591,11.782713085234093,2019
203503,Tony Snell,DET,351,0.0018137017022694637,0.022792022792022793,11.37037037037037,2019
203506,Victor Oladipo,IND,234,0.0016930635582610655,0.021367521367521368,12.188034188034187,2019
203507,Giannis Antetokounmpo,MIL,1156,0.0034673482151525345,0.050173010380622836,13.36159169550173,2019
203516,James Ennis III,PHI,205,0.0027376252503506534,0.02926829268292683,12.658536585365853,2019
203521,Matthew Dellavedova,CLE,163,0.0020847170076895138,0.018404907975460124,11.116564417177914,2019
203524,Solomon Hill,MEM,222,0.0029797853266951904,0.03153153153153153,12.441441441441441,2019
203526,Raul Neto,PHI,207,0.0037114383921284487,0.043478260869565216,10.468599033816425,2019
203552,Seth Curry,DAL,536,0.002724450874830489,0.03917910447761194,11.434701492537313,2019
203584,Troy Daniels,LAL,154,0.001535523247163022,0.03896103896103896,12.584415584415584,2019
203585,Rodney McGruder,LAC,160,0.003696743514972375,0.0375,11.8125,2019
203894,Shabazz Napier,MIN,266,0.0008830816887108364,0.018796992481203006,11.906015037593985,2019
203894,Shabazz Napier,WAS,159,0.0010649201721646287,0.006289308176100629,12.0125786163522,2019
203895,Jordan McRae,WAS,301,0.005246145203121429,0.04983388704318937,12.086378737541528,2019
203897,Zach LaVine,CHI,1113,0.0020213184152862943,0.02336028751123091,12.234501347708894,2019
203901,Elfrid Payton,NYK,409,0.0023574923586865255,0.039119804400977995,11.581907090464547,2019
203903,Jordan Clarkson,CLE,295,0.0005220014107724437,0.010169491525423728,11.216949152542373,2019
203903,Jordan Clarkson,UTA,509,0.0015464512041460238,0.019646365422396856,10.962671905697446,2019
203914,Gary Harris,DEN,490,0.003029941841130728,0.05102040816326531,12.23265306122449,2019
203915,Spencer Dinwiddie,BKN,948,0.004608839988453139,0.046413502109704644,11.716244725738397,2019
203918,Rodney Hood,POR,160,0.0021433582162582294,0.01875,10.7375,2019
203922,Glenn Robinson III,GSW,490,0.0036542785930807333,0.03469387755102041,12.66530612244898,2019
203924,Jerami Grant,DEN,588,0.011078310169219417,0.11224489795918367,11.064625850340136,2019
203925,Joe Harris,BKN,755,0.0025306249139501655,0.026490066225165563,12.259602649006622,2019
203926,Doug McDermott,IND,513,0.0026508093013627772,0.04873294346978557,12.785575048732943,2019
203932,Aaron Gordon,ORL,712,0.0029503807215371936,0.02949438202247191,11.445224719101123,2019
203933,T.J. Warren,IND,955,0.0024080780473958487,0.04397905759162304,12.43979057591623,2019
203935,Marcus Smart,BOS,626,0.007422775712387356,0.07667731629392971,11.450479233226837,2019
203937,Kyle Anderson,MEM,311,0.0021545908866061956,0.028938906752411574,12.52733118971061,2019
203939,Dwight Powell,DAL,222,0.0045522354653913764,0.036036036036036036,11.252252252252251,2019
203944,Julius Randle,NYK,943,0.004506318728066455,0.05938494167550371,10.74019088016967,2019
203952,Andrew Wiggins,GSW,178,0.001384636127175487,0.028089887640449437,11.926966292134832,2019
203952,Andrew Wiggins,MIN,743,0.0009465434542144111,0.014804845222072678,11.69313593539704,2019
203953,Jabari Parker,ATL,359,0.003518155509490033,0.03899721448467967,12.105849582172702,2019
203954,Joel Embiid,PHI,723,0.0029191971588063757,0.04702627939142462,10.095435684647303,2019
203967,Dario Saric,PHX,514,0.0039344203454140594,0.054474708171206226,11.43579766536965,2019
203991,Clint Capela,HOU,359,0.002374017149788441,0.03064066852367688,12.969359331476323,2019
203992,Bogdan Bogdanovic,SAC,711,0.0019371957836141363,0.02390998593530239,11.319268635724331,2019
203999,Nikola Jokic,DEN,990,0.0010420151890011926,0.03434343434343434,10.036363636363637,2019
204001,Kristaps Porzingis,DAL,881,0.00289639658025805,0.046538024971623154,11.36322360953462,2019
204020,Tyler Johnson,PHX,164,0.00043180345083296403,0.024390243902439025,12.378048780487806,2019
204038,Langston Galloway,DET,501,0.0037036150916734704,0.03792415169660679,11.600798403193613,2019
204060,Joe Ingles,UTA,526,0.005687524616841372,0.043726235741444866,11.627376425855513,2019
204456,T.J. McConnell,IND,368,0.0008870195547331541,0.019021739130434784,12.054347826086957,2019
1626143,Jahlil Okafor,NOP,154,0.0003997037493370183,0.006493506493506494,11.175324675324676,2019
1626144,Emmanuel Mudiay,UTA,301,0.00615758573655365,0.08637873754152824,11.548172757475083,2019
1626145,Tyus Jones,MEM,399,0.0017712902113452124,0.03759398496240601,12.671679197994987,2019
1626149,Montrezl Harrell,LAC,741,0.003539778094478433,0.037786774628879895,12.049932523616734,2019
1626153,Delon Wright,DAL,376,0.011372648289233154,0.08776595744680851,12.058510638297872,2019
1626156,D'Angelo Russell,GSW,602,0.00010615264523980382,0.0033222591362126247,12.779069767441861,2019
1626156,D'Angelo Russell,MIN,205,0.00012607731000855276,0.004878048780487805,12.473170731707317,2019
1626157,Karl-Anthony Towns,MIN,591,8.901049837664903e-05,0.001692047377326565,11.996615905245347,2019
1626158,Richaun Holmes,SAC,324,0.005976965155533889,0.06790123456790123,11.959876543209877,2019
1626161,Willie Cauley-Stein,GSW,244,0.0020928944146501624,0.020491803278688523,10.987704918032787,2019
1626162,Kelly Oubre Jr.,PHX,786,0.0044390223347411,0.04580152671755725,12.408396946564885,2019
1626163,Frank Kaminsky,PHX,289,0.0028973688128470978,0.05190311418685121,11.0,2019
1626164,Devin Booker,PHX,1216,0.0005024856425751156,0.01069078947368421,12.209703947368421,2019
1626167,Myles Turner,IND,559,0.0013142246360317506,0.017889087656529516,10.923076923076923,2019
1626168,Trey Lyles,SAS,324,0.00168262330138551,0.021604938271604937,11.169753086419753,2019
1626171,Bobby Portis,NYK,549,0.002091899461307959,0.03460837887067395,11.367941712204008,2019
1626174,Christian Wood,DET,464,0.01093916897983169,0.08836206896551724,11.90948275862069,2019
1626178,Rondae Hollis-Jefferson,TOR,289,0.002791591011673073,0.05190311418685121,12.321799307958477,2019
1626179,Terry Rozier,CHA,888,0.005913211217218099,0.06756756756756757,11.39864864864865,2019
1626181,Norman Powell,TOR,541,0.0020484120228210323,0.025878003696857672,12.600739371534196,2019
1626188,Quinn Cook,LAL,199,0.005828430074458031,0.06532663316582915,12.618090452261306,2019
1626192,Pat Connaughton,MIL,280,0.0011538764280927256,0.014285714285714285,12.70357142857143,2019
1626196,Josh Richardson,PHI,599,0.0028347781168066586,0.03672787979966611,10.701168614357263,2019
1626203,Treveon Graham,MIN,167,0.004997356862897192,0.0718562874251497,11.640718562874252,2019
1626204,Larry Nance Jr.,CLE,387,0.0024585736604079153,0.028423772609819122,11.090439276485789,2019
1626209,Mario Hezonja,POR,205,0.004550244735046884,0.06341463414634146,12.278048780487804,2019
1626220,Royce O'Neale,UTA,329,0.004273179258829733,0.03343465045592705,12.100303951367781,2019
1626224,Cedi Osman,CLE,564,0.0015808539988809887,0.015957446808510637,11.044326241134751,2019
1626246,Boban Marjanovic,DAL,200,0.014513579255151789,0.135,11.18,2019
1627732,Ben Simmons,PHI,610,0.0040176702315426445,0.03770491803278689,12.968852459016393,2019
1627734,Domantas Sabonis,IND,805,0.004033983891047143,0.06832298136645963,10.505590062111802,2019
1627736,Malik Beasley,DEN,276,0.0037497111889120633,0.04710144927536232,11.590579710144928,2019
1627736,Malik Beasley,MIN,225,0.0024946569060955454,0.02666666666666667,13.32,2019
1627737,Marquese Chriss,GSW,355,0.002291797198263298,0.030985915492957747,12.090140845070422,2019
1627739,Kris Dunn,CHI,328,0.0021728672319821685,0.027439024390243903,12.640243902439025,2019
1627741,Buddy Hield,SAC,1086,0.002057773182974967,0.03038674033149171,12.58011049723757,2019
1627742,Brandon Ingram,NOP,1031,0.003172133177590389,0.05140640155189137,12.441319107662464,2019
1627745,Damian Jones,ATL,165,0.002791514221161426,0.030303030303030304,11.812121212121212,2019
1627747,Caris LeVert,BKN,684,0.005217288969313544,0.04532163742690058,11.717836257309942,2019
1627748,Thon Maker,DET,175,0.005273242629296976,0.06857142857142857,10.308571428571428,2019
1627749,Dejounte Murray,SAS,610,0.0037399822888270835,0.06557377049180328,12.336065573770492,2019
1627750,Jamal Murray,DEN,805,0.0030711205153563658,0.0422360248447205,11.058385093167702,2019
1627751,Jakob Poeltl,SAS,249,0.004834122745561624,0.05220883534136546,11.919678714859439,2019
1627752,Taurean Prince,BKN,711,0.002376624742156564,0.026722925457102673,11.852320675105485,2019
1627756,Denzel Valentine,CHI,220,0.0009630525094946763,0.00909090909090909,11.613636363636363,2019
1627759,Jaylen Brown,BOS,840,0.005270002453448971,0.06190476190476191,12.004761904761905,2019
1627761,DeAndre' Bembry,ATL,208,0.0029835956580777966,0.02403846153846154,12.024038461538462,2019
1627763,Malcolm Brogdon,IND,693,0.0031964363360434535,0.03318903318903319,11.256854256854258,2019
1627774,Jake Layman,MIN,165,0.004124148896719926,0.05454545454545454,12.866666666666667,2019
1627775,Patrick McCaw,TOR,152,0.0011255269553101638,0.013157894736842105,10.75,2019
1627777,Georges Niang,UTA,301,0.002991306212174539,0.03322259136212625,11.956810631229235,2019
1627783,Pascal Siakam,TOR,1027,0.0024991263704878474,0.022395326192794548,11.931840311587147,2019
1627788,Furkan Korkmaz,PHI,522,0.0037231427708700584,0.05172413793103448,11.46551724137931,2019
1627789,Timothe Luwawu-Cabarrot,BKN,257,0.003486253762478869,0.0311284046692607,11.933852140077821,2019
1627812,Yogi Ferrell,SAC,176,0.0002134269889096639,0.005681818181818182,12.829545454545455,2019
1627814,Damion Lee,GSW,471,0.0023932370549855026,0.025477707006369428,12.150743099787686,2019
1627826,Ivica Zubac,LAC,361,0.002724837959769161,0.04709141274238227,12.174515235457063,2019
1627827,Dorian Finney-Smith,DAL,491,0.003781173480687215,0.032586558044806514,11.940936863543788,2019
1627832,Fred VanVleet,TOR,708,0.003581764842361549,0.038135593220338986,11.98870056497175,2019
1627846,Abdel Nader,OKC,253,0.005747772334198078,0.06324110671936758,11.596837944664031,2019
1627853,Ryan Arcidiacono,CHI,199,0.000734256899515477,0.020100502512562814,12.226130653266331,2019
1627854,Bryn Forbes,SAS,552,0.000510924434931463,0.010869565217391304,12.317028985507246,2019
1627863,Danuel House Jr.,HOU,502,0.0032172429883927317,0.02390438247011952,12.320717131474103,2019
1627884,Derrick Jones Jr.,MIA,313,0.005281189966463971,0.025559105431309903,11.987220447284345,2019
1627936,Alex Caruso,LAL,267,0.005172076671879789,0.06741573033707865,12.217228464419476,2019
1628035,Alfonzo McKinnie,CLE,155,0.006128954478199445,0.05161290322580645,11.819354838709678,2019
1628365,Markelle Fultz,ORL,716,0.003266891062791218,0.03910614525139665,11.53072625698324,2019
1628366,Lonzo Ball,NOP,650,0.0044178855105262115,0.04923076923076923,12.732307692307693,2019
1628368,De'Aaron Fox,SAC,770,0.004132545909553557,0.05194805194805195,12.698701298701298,2019
1628369,Jayson Tatum,BOS,1132,0.004761331491826445,0.054770318021201414,11.23851590106007,2019
1628370,Malik Monk,CHA,439,0.003459399153944908,0.04328018223234624,11.712984054669704,2019
1628371,Jonathan Isaac,ORL,319,0.00407487479502485,0.047021943573667714,12.206896551724139,2019
1628372,Dennis Smith Jr.,NYK,183,0.004574539857018194,0.07103825136612021,10.540983606557377,2019
1628373,Frank Ntilikina,NYK,304,0.0031219985286689562,0.07894736842105263,11.81578947368421,2019
1628374,Lauri Markkanen,CHI,556,0.003301251229472228,0.030575539568345324,12.615107913669064,2019
1628378,Donovan Mitchell,UTA,1259,0.0046322520434693955,0.054011119936457505,11.05559968228753,2019
1628379,Luke Kennard,DET,323,0.002425998098210177,0.02476780185758514,11.06501547987616,2019
1628381,John Collins,ATL,576,0.003056337620087325,0.043402777777777776,12.274305555555555,2019
1628382,Justin Jackson,DAL,324,0.0021764739398200004,0.037037037037037035,11.277777777777779,2019
1628384,OG Anunoby,TOR,531,0.0019102062005793149,0.022598870056497175,12.286252354048964,2019
1628385,Harry Giles III,SAC,234,0.0054336890798874354,0.10683760683760683,10.923076923076923,2019
1628386,Jarrett Allen,BKN,439,0.001922325489272836,0.015945330296127564,11.765375854214122,2019
1628389,Bam Adebayo,MIA,730,0.011911323345355595,0.13013698630136986,10.819178082191781,2019
1628390,Terrance Ferguson,OKC,209,0.0047611909424534376,0.04784688995215311,12.033492822966506,2019
1628396,Tony Bradley,UTA,178,0.0033248390272973276,0.03932584269662921,12.0561797752809,2019
1628398,Kyle Kuzma,LAL,613,0.0032193142087757662,0.048939641109298535,11.796084828711257,2019
1628400,Semi Ojeleye,BOS,186,0.0060424648151761766,0.06989247311827956,11.150537634408602,2019
1628401,Derrick White,SAS,499,0.003200142469149018,0.03406813627254509,11.32865731462926,2019
1628402,Frank Jackson,NOP,313,0.008461027386254894,0.08306709265175719,12.297124600638977,2019
1628404,Josh Hart,NOP,505,0.0024434837457967614,0.027722772277227723,13.491089108910892,2019
1628407,Dwayne Bacon,CHA,228,0.010514620245539815,0.10087719298245613,11.93859649122807,2019
1628411,Wes Iwundu,ORL,209,0.0038796770855301426,0.04784688995215311,11.344497607655502,2019
1628415,Dillon Brooks,MEM,1037,0.004662059440874564,0.04243008678881389,12.426229508196721,2019
1628418,Thomas Bryant,WAS,399,0.0034812321449390546,0.040100250626566414,12.393483709273182,2019
1628420,Monte Morris,DEN,510,0.003032085723847047,0.045098039215686274,11.996078431372549,2019
1628422,Damyean Dotson,NYK,270,0.000818034073870809,0.02962962962962963,11.944444444444445,2019
1628425,Sterling Brown,MIL,242,0.007483662703754969,0.06611570247933884,12.756198347107437,2019
1628436,Luke Kornet,CHI,173,0.0022626209544141726,0.017341040462427744,11.676300578034683,2019
1628449,Chris Boucher,TOR,266,0.0015613534649935896,0.022556390977443608,12.563909774436091,2019
1628464,Daniel Theis,BOS,398,0.009330292984556274,0.07788944723618091,11.464824120603016,2019
1628467,Maxi Kleber,DAL,486,0.002226008767623101,0.01646090534979424,10.656378600823045,2019
1628470,Torrey Craig,DEN,245,0.00739908822430254,0.04897959183673469,11.56326530612245,2019
1628960,Grayson Allen,MEM,240,0.0016313667879395805,0.0125,12.65,2019
1628963,Marvin Bagley III,SAC,155,0.0026057320319800552,0.07741935483870968,12.393548387096773,2019
1628964,Mo Bamba,ORL,258,0.0059031290924681365,0.04263565891472868,11.39922480620155,2019
1628966,Keita Bates-Diop,MIN,188,0.00748702063156702,0.05851063829787234,12.186170212765957,2019
1628969,Mikal Bridges,PHX,453,0.0023550472044196876,0.019867549668874173,12.59823399558499,2019
1628970,Miles Bridges,CHA,706,0.009038797448562053,0.07507082152974505,10.787535410764873,2019
1628971,Bruce Brown,DET,404,0.009348321794224916,0.10148514851485149,10.76980198019802,2019
1628972,Troy Brown Jr.,WAS,576,0.007199170230184907,0.06944444444444445,12.39236111111111,2019
1628973,Jalen Brunson,DAL,347,0.0032584554408293977,0.05763688760806916,11.927953890489913,2019
1628975,Jevon Carter,PHX,226,0.005118716099734775,0.048672566371681415,10.827433628318584,2019
1628976,Wendell Carter Jr.,CHI,326,0.0030988172121489714,0.06441717791411043,11.733128834355828,2019
1628977,Hamidou Diallo,OKC,254,0.010598301462985177,0.09055118110236221,12.795275590551181,2019
1628978,Donte DiVincenzo,MIL,489,0.006509665710408828,0.04294478527607362,13.292433537832311,2019
1628981,Bruno Fernando,ATL,186,0.005146138964170272,0.053763440860215055,11.973118279569892,2019
1628983,Shai Gilgeous-Alexander,OKC,953,0.008635291489747624,0.07974816369359916,11.878279118572928,2019
1628984,Devonte' Graham,CHA,870,0.004405319277478385,0.04367816091954023,11.263218390804598,2019
1628988,Aaron Holiday,IND,524,0.0071991172186679254,0.07061068702290077,11.291984732824428,2019
1628989,Kevin Huerter,ATL,586,0.00320984804924358,0.025597269624573378,12.39419795221843,2019
1628990,Chandler Hutchison,CHI,164,0.0038841449079873567,0.03048780487804878,11.792682926829269,2019
1628991,Jaren Jackson Jr.,MEM,716,0.0037494782660662533,0.03910614525139665,11.67877094972067,2019
1628995,Kevin Knox II,NYK,377,0.004913413390866712,0.09018567639257294,11.978779840848807,2019
1628998,Cody Martin,CHA,193,0.004795492768651756,0.04145077720207254,11.217616580310882,2019
1629001,De'Anthony Melton,MEM,370,0.006951859308124108,0.07837837837837838,12.875675675675677,2019
1629003,Shake Milton,PHI,258,0.0036172030376296588,0.046511627906976744,11.709302325581396,2019
1629004,Svi Mykhailiuk,DET,377,0.007752684179027709,0.0636604774535809,12.47214854111406,2019
1629006,Josh Okogie,MIN,376,0.009990611710501912,0.05585106382978723,12.398936170212766,2019
1629008,Michael Porter Jr.,DEN,363,0.011947812597507646,0.1184573002754821,12.622589531680442,2019
1629010,Jerome Robinson,WAS,164,0.007300229564070135,0.04878048780487805,12.914634146341463,2019
1629011,Mitchell Robinson,NYK,325,0.003497026546426838,0.021538461538461538,12.71076923076923,2019
1629012,Collin Sexton,CLE,1010,0.005012910086786632,0.055445544554455446,12.055445544554455,2019
1629013,Landry Shamet,LAC,370,0.0019069034574909789,0.01891891891891892,12.52972972972973,2019
1629014,Anfernee Simons,POR,495,0.0027052623903019157,0.03434343434343434,11.357575757575757,2019
1629016,Omari Spellman,GSW,270,0.005197762363663229,0.07037037037037037,11.596296296296297,2019
1629018,Gary Trent Jr.,POR,403,0.004134651002983423,0.04466501240694789,11.803970223325061,2019
1629021,Moritz Wagner,WAS,251,0.003079996639356731,0.043824701195219126,12.278884462151394,2019
1629022,Lonnie Walker IV,SAS,338,0.007583493240116255,0.07692307692307693,13.23076923076923,2019
1629023,P.J. Washington,CHA,559,0.01039078409997328,0.09481216457960644,10.989266547406082,2019
1629027,Trae Young,ATL,1180,0.0019589083485396022,0.017796610169491526,13.383898305084745,2019
1629028,Deandre Ayton,PHX,538,0.004002643349397269,0.09107806691449814,11.45910780669145,2019
1629029,Luka Doncic,DAL,1181,0.005466747148029258,0.04995766299745978,11.605419136325148,2019
1629056,Terence Davis,TOR,395,0.002304897256051143,0.027848101265822784,12.49367088607595,2019
1629058,Dzanan Musa,BKN,163,0.0034548512103480178,0.05521472392638037,12.840490797546012,2019
1629059,Elie Okobo,PHX,164,0.006973984277899398,0.04878048780487805,11.323170731707316,2019
1629060,Rui Hachimura,WAS,519,0.006688496559867544,0.05973025048169557,12.123314065510597,2019
1629065,Ky Bowman,GSW,300,0.004074441879422835,0.043333333333333335,11.783333333333333,2019
1629066,Rodions Kurucs,BKN,173,0.0031455885971671846,0.04046242774566474,12.867052023121387,2019
1629067,Isaac Bonga,WAS,223,0.006712082058140682,0.06278026905829596,12.58744394618834,2019
1629103,Kelan Martin,MIN,166,0.0032938991515825415,0.024096385542168676,12.590361445783133,2019
1629130,Duncan Robinson,MIA,658,0.0009484662464709636,0.0121580547112462,11.314589665653495,2019
1629134,Kendrick Nunn,MIA,842,0.004068963537330451,0.057007125890736345,11.521377672209026,2019
1629162,Jordan McLaughlin,MIN,160,0.001479851894174996,0.025,12.2875,2019
1629164,Brandon Goodwin,ATL,174,0.004828494744995127,0.04597701149425287,12.275862068965518,2019
1629627,Zion Williamson,NOP,341,0.010637574403955283,0.08504398826979472,13.099706744868035,2019
1629628,RJ Barrett,NYK,691,0.011114363617055081,0.10130246020260492,12.123010130246021,2019
1629629,Cam Reddish,ATL,527,0.004959218393108633,0.051233396584440226,12.462998102466793,2019
1629630,Ja Morant,MEM,893,0.00608101224430627,0.05263157894736842,11.940649496080628,2019
1629631,De'Andre Hunter,ATL,645,0.0025739638183192182,0.03255813953488372,11.826356589147286,2019
1629632,Coby White,CHI,721,0.0036189306331711833,0.05131761442441054,12.327323162274618,2019
1629633,Jarrett Culver,MIN,537,0.004397506771641196,0.0521415270018622,12.204841713221601,2019
1629634,Brandon Clarke,MEM,450,0.00657106240403787,0.06444444444444444,12.573333333333334,2019
1629635,Sekou Doumbouya,DET,228,0.004552097300378491,0.05701754385964912,10.728070175438596,2019
1629636,Darius Garland,CLE,631,0.005104234987969014,0.04120443740095087,11.648177496038034,2019
1629637,Jaxson Hayes,NOP,242,0.004361290559739437,0.045454545454545456,12.99586776859504,2019
1629638,Nickeil Alexander-Walker,NOP,244,0.006846455392403394,0.05737704918032787,11.512295081967213,2019
1629639,Tyler Herro,MIA,570,0.004575184127329023,0.054385964912280704,11.324561403508772,2019
1629645,Kevin Porter Jr.,CLE,381,0.003338232274339674,0.05249343832020997,11.527559055118111,2019
1629647,Darius Bazley,OKC,290,0.009466590351837148,0.08620689655172414,11.710344827586207,2019
1629652,Luguentz Dort,OKC,206,0.003509744070782259,0.03398058252427184,11.805825242718447,2019
1629661,Cameron Johnson,PHX,380,0.0020536593864835784,0.02631578947368421,12.310526315789474,2019
1629672,Eric Paschall,GSW,600,0.006013639350055576,0.07,11.24,2019
1629673,Jordan Poole,GSW,463,0.0009793029100249647,0.03023758099352052,11.691144708423327,2019
1629675,Naz Reid,MIN,232,0.004632655459377466,0.04741379310344827,11.495689655172415,2019
1629680,Matisse Thybulle,PHI,255,0.0027698976868119553,0.03529411764705882,12.321568627450981,2019
1629684,Grant Williams,BOS,193,0.006851485481511241,0.04145077720207254,10.49740932642487,2019
1629740,Nicolo Melli,NOP,302,0.0020381832220019848,0.026490066225165563,11.652317880794701,2019
2544,LeBron James,LAL,736,0.0018818905049575747,0.025815217391304348,11.485054347826088,2020
2546,Carmelo Anthony,POR,714,0.003784910255701305,0.07983193277310924,10.441176470588236,2020
2730,Dwight Howard,PHI,272,0.0038935265513145145,0.051470588235294115,11.360294117647058,2020
2738,Andre Iguodala,MIA,225,0.0013769328038355983,0.017777777777777778,9.52,2020
2772,Trevor Ariza,MIA,221,0.0036014500599461665,0.027149321266968326,12.027149321266968,2020
101108,Chris Paul,PHX,815,0.000974641345287708,0.015950920245398775,11.804907975460123,2020
101150,Lou Williams,ATL,204,0.005733590501244052,0.17647058823529413,12.029411764705882,2020
101150,Lou Williams,LAC,405,0.01858434972246335,0.291358024691358,12.197530864197532,2020
200746,LaMarcus Aldridge,SAS,237,0.0013277699948651151,0.029535864978902954,10.092827004219409,2020
200752,Rudy Gay,SAS,590,0.001360037615191421,0.013559322033898305,11.327118644067797,2020
200755,JJ Redick,NOP,204,0.0,0.0,12.450980392156863,2020
200768,Kyle Lowry,TOR,558,0.006245950877733429,0.06630824372759857,13.03225806451613,2020
200794,Paul Millsap,DEN,377,0.008558664827842427,0.08488063660477453,11.082228116710874,2020
201142,Kevin Durant,BKN,577,0.0018649229695723753,0.02079722703639515,12.277296360485268,2020
201143,Al Horford,OKC,338,0.00011895272183306726,0.008875739644970414,11.127218934911243,2020
201144,Mike Conley,UTA,571,0.004248810807733647,0.05253940455341506,11.770577933450088,2020
201145,Jeff Green,BKN,493,0.003763714655807415,0.038539553752535496,11.71602434077079,2020
201152,Thaddeus Young,CHI,599,0.0019569535495840167,0.038397328881469114,10.499165275459099,2020
201188,Marc Gasol,LAL,181,4.076339703432912e-05,0.0055248618784530384,11.044198895027625,2020
201565,Derrick Rose,DET,173,0.0024680906596787487,0.03468208092485549,11.630057803468208,2020
201565,Derrick Rose,NYK,390,0.004259705100545213,0.041025641025641026,11.053846153846154,2020
201566,Russell Westbrook,WAS,1176,0.007329985613785866,0.1096938775510204,13.204081632653061,2020
201567,Kevin Love,CLE,235,0.0,0.0,11.727659574468085,2020
201568,Danilo Gallinari,ATL,419,0.005955446907321805,0.0954653937947494,9.971360381861576,2020
201569,Eric Gordon,HOU,335,0.004986535075453209,0.050746268656716415,12.056716417910447,2020
201571,D.J. Augustin,MIL,184,0.004752321449653333,0.05434782608695652,11.309782608695652,2020
201572,Brook Lopez,MIL,616,0.0022145439823540755,0.040584415584415584,12.051948051948052,2020
201577,Robin Lopez,WAS,396,0.00013204481382241581,0.007575757575757576,10.446969696969697,2020
201580,JaVale McGee,CLE,190,0.0016778680107899934,0.031578947368421054,10.463157894736842,2020
201586,Serge Ibaka,LAC,345,0.001617705095532277,0.06086956521739131,11.278260869565218,2020
201587,Nicolas Batum,LAC,393,0.004080106676829289,0.07888040712468193,10.923664122137405,2020
201599,DeAndre Jordan,BKN,228,0.0039040246835411155,0.02631578947368421,12.644736842105264,2020
201609,Goran Dragic,MIA,508,0.0015346425614057681,0.023622047244094488,11.797244094488189,2020
201933,Blake Griffin,BKN,178,0.0024407489208363503,0.02247191011235955,11.02247191011236,2020
201933,Blake Griffin,DET,192,0.0009125054926440879,0.015625,9.833333333333334,2020
201935,James Harden,BKN,543,0.004811355915857261,0.049723756906077346,11.211786372007367,2020
201937,Ricky Rubio,MIN,471,0.0013416531402498746,0.025477707006369428,11.78768577494692,2020
201939,Stephen Curry,GSW,1268,0.002603111984834679,0.026025236593059938,12.873817034700316,2020
201942,DeMar DeRozan,SAS,849,0.0013849537252967207,0.02120141342756184,11.037691401648999,2020
201949,James Johnson,NOP,169,0.006827246989522376,0.047337278106508875,11.905325443786982,2020
201950,Jrue Holiday,MIL,765,0.006520944321784128,0.06797385620915032,12.54640522875817,2020
201952,Jeff Teague,BOS,178,0.007690286541365137,0.06741573033707865,10.5,2020
201961,Wayne Ellington,DET,319,0.0002164837518794239,0.009404388714733543,11.438871473354231,2020
201976,Patrick Beverley,LAC,203,0.009807378409513559,0.09359605911330049,11.364532019704434,2020
201980,Danny Green,PHI,503,0.000650695408595248,0.015904572564612324,12.934393638170974,2020
201988,Patty Mills,SAS,561,0.000635708807253509,0.008912655971479501,11.975044563279857,2020
202066,Garrett Temple,CHI,359,0.0024516218168967054,0.04735376044568245,11.92200557103064,2020
202083,Wesley Matthews,LAL,241,0.0001076118269527438,0.004149377593360996,11.356846473029046,2020
202322,John Wall,HOU,672,0.00485493260001002,0.05357142857142857,11.819940476190476,2020
202324,Derrick Favors,UTA,232,0.00411958872759995,0.07758620689655173,11.60344827586207,2020
202326,DeMarcus Cousins,HOU,192,0.0034206243139667946,0.036458333333333336,11.28125,2020
202330,Gordon Hayward,CHA,627,0.002704254708817222,0.044657097288676235,11.955342902711324,2020
202331,Paul George,LAC,898,0.009126512341935431,0.16258351893095768,11.64587973273942,2020
202335,Patrick Patterson,LAC,153,0.008018481463892287,0.06535947712418301,11.398692810457517,2020
202339,Eric Bledsoe,NOP,676,0.0013419366857567135,0.03106508875739645,11.877218934911243,2020
202355,Hassan Whiteside,SAC,216,0.0030608495848560117,0.06944444444444445,11.606481481481481,2020
202397,Ish Smith,WAS,277,0.004612577097181028,0.05054151624548736,12.451263537906136,2020
202681,Kyrie Irving,BKN,1031,0.0029554343298901138,0.038797284190106696,12.492725509214354,2020
202683,Enes Freedom,POR,532,0.0037883980987400293,0.043233082706766915,11.300751879699249,2020
202684,Tristan Thompson,BOS,294,0.004776073079691124,0.061224489795918366,11.081632653061224,2020
202685,Jonas Valanciunas,MEM,705,0.0009472876061311303,0.03546099290780142,11.334751773049645,2020
202687,Bismack Biyombo,CHA,229,0.0026955657925648462,0.043668122270742356,11.77292576419214,2020
202689,Kemba Walker,BOS,631,0.007511298188822992,0.09033280507131537,12.19175911251981,2020
202692,Alec Burks,NYK,468,0.005523850689938566,0.06623931623931624,10.48076923076923,2020
202693,Markieff Morris,LAL,353,0.00042467248733297526,0.0226628895184136,11.186968838526912,2020
202694,Marcus Morris Sr.,LAC,533,0.006601114115669551,0.09193245778611632,10.424015009380863,2020
202695,Kawhi Leonard,LAC,847,0.0029102504591852238,0.0590318772136954,10.963400236127509,2020
202696,Nikola Vucevic,CHI,465,0.0012709839233888956,0.02795698924731183,10.90752688172043,2020
202696,Nikola Vucevic,ORL,876,0.00019313996766729023,0.00228310502283105,10.932648401826484,2020
202699,Tobias Harris,PHI,848,0.0011538735930884754,0.024764150943396228,11.33372641509434,2020
202704,Reggie Jackson,LAC,543,0.006413654396843583,0.09208103130755065,11.324125230202577,2020
202709,Cory Joseph,DET,153,0.009113797551809084,0.09803921568627451,11.758169934640524,2020
202709,Cory Joseph,SAC,230,0.004174345160280469,0.0391304347826087,11.265217391304347,2020
202710,Jimmy Butler,MIA,660,0.0022968155720320773,0.03484848484848485,11.251515151515152,2020
202711,Bojan Bogdanovic,UTA,899,0.004637956135430115,0.04671857619577308,12.307007786429367,2020
202722,Davis Bertans,WAS,453,0.0010022639962288557,0.01545253863134658,13.841059602649006,2020
202954,Brad Wanamaker,GSW,157,0.012361400115369988,0.10191082802547771,12.095541401273886,2020
203076,Anthony Davis,LAL,563,0.0016346694599557975,0.035523978685612786,10.879218472468917,2020
203078,Bradley Beal,WAS,1314,0.0025509087646335233,0.03576864535768645,12.605022831050228,2020
203081,Damian Lillard,POR,1261,0.004508552574295108,0.05075337034099921,12.023790642347343,2020
203082,Terrence Ross,ORL,568,0.00046166213183711696,0.008802816901408451,11.06161971830986,2020
203083,Andre Drummond,CLE,354,0.001960701234689523,0.03672316384180791,10.813559322033898,2020
203083,Andre Drummond,LAL,182,0.0029476925972080625,0.04395604395604396,10.637362637362637,2020
203084,Harrison Barnes,SAC,594,0.0024633236912473605,0.037037037037037035,11.292929292929292,2020
203087,Jeremy Lamb,IND,254,0.0009822969022931082,0.023622047244094488,12.137795275590552,2020
203095,Evan Fournier,BOS,164,0.004997942342031954,0.06097560975609756,11.878048780487806,2020
203095,Evan Fournier,ORL,344,0.0011630175168288392,0.00872093023255814,11.383720930232558,2020
203107,Tomas Satoransky,CHI,300,0.003517837591639081,0.04666666666666667,11.51,2020
203109,Jae Crowder,PHX,466,0.00842977834472911,0.07510729613733906,11.392703862660944,2020
203110,Draymond Green,GSW,347,0.005939865941272586,0.07492795389048991,12.152737752161384,2020
203114,Khris Middleton,MIL,1021,0.0031019251568614545,0.04995102840352596,12.050930460333007,2020
203115,Will Barton,DEN,570,0.013040731680858236,0.11929824561403508,12.480701754385965,2020
203118,Mike Scott,PHI,198,0.00020779282638209027,0.005050505050505051,11.6010101010101,2020
203145,Kent Bazemore,GSW,370,0.009333228189210816,0.07837837837837838,12.22972972972973,2020
203200,Justin Holiday,IND,588,0.0019522821582819271,0.01870748299319728,12.950680272108844,2020
203210,JaMychal Green,DEN,344,0.006755015003693013,0.06395348837209303,11.468023255813954,2020
203382,Aron Baynes,TOR,284,0.004004452555717025,0.0528169014084507,11.373239436619718,2020
203457,Nerlens Noel,NYK,203,0.00834371195243577,0.10344827586206896,11.438423645320198,2020
203458,Alex Len,WAS,251,0.01060017624864931,0.11155378486055777,12.593625498007968,2020
203463,Ben McLemore,HOU,207,0.0030397894506452123,0.043478260869565216,12.618357487922705,2020
203468,CJ McCollum,POR,831,0.0029635401014648337,0.03730445246690734,11.806257521058965,2020
203469,Cody Zeller,CHA,308,0.00788765522203565,0.07142857142857142,12.324675324675324,2020
203471,Dennis Schroder,LAL,717,0.0034958323345696254,0.03905160390516039,11.655509065550907,2020
203482,Kelly Olynyk,HOU,314,0.004024690229938916,0.03821656050955414,12.235668789808917,2020
203482,Kelly Olynyk,MIA,359,0.0022909580219310118,0.019498607242339833,12.161559888579387,2020
203484,Kentavious Caldwell-Pope,LAL,475,0.0007939638981921777,0.008421052631578947,12.72,2020
203486,Mason Plumlee,DET,338,0.004316772897346899,0.0621301775147929,10.502958579881657,2020
203487,Michael Carter-Williams,ORL,246,0.010765195147921076,0.10975609756097561,11.621951219512194,2020
203488,Mike Muscala,OKC,250,0.00026303163555216227,0.02,11.852,2020
203490,Otto Porter Jr.,CHI,190,0.002736351874577608,0.05263157894736842,11.615789473684211,2020
203493,Reggie Bullock,NYK,529,0.002005357622788711,0.024574669187145556,12.245746691871455,2020
203496,Robert Covington,POR,486,0.0035759086229363297,0.047325102880658436,10.864197530864198,2020
203497,Rudy Gobert,UTA,538,0.011993555636401821,0.08736059479553904,11.845724907063197,2020
203500,Steven Adams,NOP,289,0.0002512280677937494,0.006920415224913495,11.71280276816609,2020
203501,Tim Hardaway Jr.,DAL,868,0.0038301220206140314,0.03917050691244239,11.71774193548387,2020
203503,Tony Snell,ATL,158,0.007747779328853644,0.08860759493670886,11.537974683544304,2020
203504,Trey Burke,DAL,330,0.003242616909251682,0.05757575757575758,11.6,2020
203506,Victor Oladipo,HOU,359,0.0025383380597942618,0.03064066852367688,11.969359331476323,2020
203507,Giannis Antetokounmpo,MIL,1037,0.011094104640049137,0.12246865959498554,13.098360655737705,2020
203516,James Ennis III,ORL,226,0.002285606499722961,0.02654867256637168,11.508849557522124,2020
203524,Solomon Hill,ATL,268,0.0035600960826767444,0.033582089552238806,10.988805970149254,2020
203526,Raul Neto,WAS,434,0.00799568915123806,0.07834101382488479,12.11520737327189,2020
203552,Seth Curry,PHI,521,0.0002143060848396157,0.007677543186180422,11.821497120921306,2020
203897,Zach LaVine,CHI,1034,0.010018067320375742,0.11411992263056092,11.768858800773694,2020
203901,Elfrid Payton,NYK,578,0.006042125364760006,0.06920415224913495,11.250865051903114,2020
203903,Jordan Clarkson,UTA,1000,0.001225645913784813,0.022,11.983,2020
203914,Gary Harris,ORL,172,0.0011521639306234187,0.01744186046511628,11.319767441860465,2020
203918,Rodney Hood,POR,184,0.0029888548454355852,0.03804347826086957,9.625,2020
203920,Khem Birch,ORL,191,0.006886200566007483,0.08376963350785341,11.397905759162304,2020
203920,Khem Birch,TOR,157,0.011552562385448557,0.10828025477707007,11.694267515923567,2020
203924,Jerami Grant,DET,855,0.01037314160362319,0.09005847953216374,10.632748538011695,2020
203925,Joe Harris,BKN,674,0.0044300476821059545,0.04599406528189911,12.025222551928783,2020
203926,Doug McDermott,IND,636,0.0026607238364304395,0.029874213836477988,12.91194968553459,2020
203932,Aaron Gordon,DEN,187,0.00539141186087592,0.0962566844919786,11.422459893048128,2020
203932,Aaron Gordon,ORL,267,0.0018940200187031937,0.033707865168539325,11.513108614232209,2020
203935,Marcus Smart,BOS,470,0.007198429306172766,0.09148936170212765,11.306382978723404,2020
203937,Kyle Anderson,MEM,624,0.004010686346588794,0.046474358974358976,12.238782051282051,2020
203939,Dwight Powell,DAL,180,0.005767263193409549,0.03888888888888889,11.0,2020
203944,Julius Randle,NYK,1204,0.005788657880626886,0.10631229235880399,9.808970099667775,2020
203952,Andrew Wiggins,GSW,1009,0.0019523676834179106,0.035678889990089196,11.645193260654112,2020
203954,Joel Embiid,PHI,822,0.00317974978750708,0.05961070559610705,10.327250608272506,2020
203967,Dario Saric,PHX,321,0.006087784180893628,0.06542056074766354,10.32398753894081,2020
203991,Clint Capela,ATL,645,0.006026389203854614,0.06046511627906977,12.248062015503876,2020
203992,Bogdan Bogdanovic,ATL,524,0.0028576494293910074,0.03435114503816794,11.276717557251908,2020
203994,Jusuf Nurkic,POR,311,0.007372769422924886,0.08681672025723473,10.890675241157556,2020
203999,Nikola Jokic,DEN,1184,0.0023843750672698167,0.05405405405405406,9.9375,2020
204001,Kristaps Porzingis,DAL,644,0.003786179158446195,0.059006211180124224,10.878881987577639,2020
204020,Tyler Johnson,BKN,170,0.0025973597844114534,0.03529411764705882,12.241176470588234,2020
204060,Joe Ingles,UTA,536,0.005544016457804088,0.048507462686567165,12.421641791044776,2020
204456,T.J. McConnell,IND,451,0.0013061001121093178,0.013303769401330377,12.186252771618625,2020
1626145,Tyus Jones,MEM,389,0.0021627266941820792,0.04627249357326478,11.933161953727506,2020
1626149,Montrezl Harrell,LAL,560,0.0027770620411867093,0.05178571428571429,11.101785714285715,2020
1626153,Delon Wright,DET,262,0.004986682317845183,0.05725190839694656,11.183206106870228,2020
1626153,Delon Wright,SAC,207,0.010143142276196792,0.08695652173913043,12.043478260869565,2020
1626156,D'Angelo Russell,MIN,604,0.0009123020853385766,0.013245033112582781,12.172185430463577,2020
1626157,Karl-Anthony Towns,MIN,816,0.0005198566019627752,0.00857843137254902,11.452205882352942,2020
1626158,Richaun Holmes,SAC,547,0.005615271094549469,0.08043875685557587,11.70018281535649,2020
1626159,Justise Winslow,MEM,201,0.004768748844225089,0.06965174129353234,12.502487562189055,2020
1626161,Willie Cauley-Stein,DAL,173,0.0018582695518108308,0.03468208092485549,11.61271676300578,2020
1626162,Kelly Oubre Jr.,GSW,690,0.006151090978814155,0.06376811594202898,12.052173913043479,2020
1626163,Frank Kaminsky,PHX,241,0.010682603941494308,0.0954356846473029,10.560165975103734,2020
1626164,Devin Booker,PHX,1196,0.003813601932436909,0.061872909698996656,11.849498327759198,2020
1626166,Cameron Payne,PHX,368,0.008992187630567222,0.11141304347826086,11.679347826086957,2020
1626167,Myles Turner,IND,406,0.0009517994076683394,0.012315270935960592,11.566502463054187,2020
1626169,Stanley Johnson,TOR,215,0.00479998195310314,0.05116279069767442,11.790697674418604,2020
1626171,Bobby Portis,MIL,556,0.00781738817364635,0.1223021582733813,12.100719424460431,2020
1626172,Kevon Looney,GSW,179,0.00846015710493009,0.1005586592178771,10.078212290502794,2020
1626174,Christian Wood,HOU,597,0.006329084038679476,0.06700167504187604,11.139028475711893,2020
1626179,Terry Rozier,CHA,1056,0.004155324423010231,0.05965909090909091,12.036931818181818,2020
1626181,Norman Powell,POR,332,0.008514157556474982,0.1144578313253012,12.400602409638553,2020
1626181,Norman Powell,TOR,526,0.005214248378705502,0.051330798479087454,12.602661596958175,2020
1626184,Chasson Randle,ORL,217,0.0029966777193959427,0.03225806451612903,11.585253456221198,2020
1626192,Pat Connaughton,MIL,364,0.0027215464825996556,0.027472527472527472,12.958791208791208,2020
1626195,Willy Hernangomez,NOP,248,0.00284448334878259,0.03225806451612903,11.584677419354838,2020
1626196,Josh Richardson,DAL,576,0.003028373909075201,0.046875,11.333333333333334,2020
1626204,Larry Nance Jr.,CLE,237,0.0005421475589014379,0.004219409282700422,10.877637130801688,2020
1626220,Royce O'Neale,UTA,360,0.00192129187097845,0.022222222222222223,12.33611111111111,2020
1626224,Cedi Osman,CLE,544,0.0021528990418279046,0.016544117647058824,11.273897058823529,2020
1627732,Ben Simmons,PHI,544,0.0046641911175614986,0.05330882352941176,12.786764705882353,2020
1627734,Domantas Sabonis,IND,853,0.0013412624785960503,0.017584994138335287,11.354044548651817,2020
1627736,Malik Beasley,MIN,572,0.0024817056660194313,0.026223776223776224,12.564685314685315,2020
1627741,Buddy Hield,SAC,925,0.002030034649823371,0.01945945945945946,12.767567567567568,2020
1627742,Brandon Ingram,NOP,1024,0.0028050772887308626,0.0478515625,11.693359375,2020
1627747,Caris LeVert,BKN,190,0.010016870857660395,0.09473684210526316,12.594736842105263,2020
1627747,Caris LeVert,IND,582,0.0031639308234132726,0.048109965635738834,12.56872852233677,2020
1627749,Dejounte Murray,SAS,932,0.005284440710236659,0.06330472103004292,12.105150214592275,2020
1627750,Jamal Murray,DEN,708,0.003319146918906,0.05508474576271186,10.978813559322035,2020
1627751,Jakob Poeltl,SAS,406,0.0033601621497997506,0.04187192118226601,11.251231527093596,2020
1627752,Taurean Prince,CLE,231,0.001602882793735833,0.025974025974025976,11.688311688311689,2020
1627756,Denzel Valentine,CHI,398,0.0024476121622045433,0.03768844221105527,11.336683417085426,2020
1627759,Jaylen Brown,BOS,1042,0.007370520130802012,0.0873320537428023,12.455854126679462,2020
1627761,DeAndre' Bembry,TOR,212,0.014522084239851313,0.12735849056603774,12.523584905660377,2020
1627763,Malcolm Brogdon,IND,927,0.0031302851855874963,0.02912621359223301,12.512405609492989,2020
1627774,Jake Layman,MIN,176,0.0006805709378864279,0.017045454545454544,12.568181818181818,2020
1627777,Georges Niang,UTA,386,0.004157900738708208,0.03367875647668394,11.645077720207254,2020
1627783,Pascal Siakam,TOR,882,0.004664793741264481,0.060090702947845805,11.344671201814059,2020
1627788,Furkan Korkmaz,PHI,395,0.002889784838092623,0.0379746835443038,11.465822784810127,2020
1627789,Timothe Luwawu-Cabarrot,BKN,334,0.0068183209848272424,0.05089820359281437,12.251497005988025,2020
1627814,Damion Lee,GSW,253,0.001813265453244955,0.019762845849802372,11.624505928853756,2020
1627823,Juancho Hernangomez,MIN,283,0.004655923063745298,0.028268551236749116,12.57243816254417,2020
1627826,Ivica Zubac,LAC,372,0.006619204537277192,0.07258064516129033,12.129032258064516,2020
1627827,Dorian Finney-Smith,DAL,428,0.0031452252926857565,0.030373831775700934,11.289719626168225,2020
1627832,Fred VanVleet,TOR,783,0.011624855177837446,0.08301404853128991,11.980842911877394,2020
1627854,Bryn Forbes,MIL,509,0.003634173423095361,0.03732809430255403,13.011787819253438,2020
1627863,Danuel House Jr.,HOU,239,0.0029599697306149928,0.03347280334728033,12.07112970711297,2020
1627884,Derrick Jones Jr.,POR,277,0.0039345067876401275,0.036101083032490974,12.064981949458483,2020
1627936,Alex Caruso,LAL,273,0.007037326095176493,0.07326007326007326,11.50915750915751,2020
1628021,David Nwaba,HOU,196,0.0033202328076408494,0.05612244897959184,13.260204081632653,2020
1628366,Lonzo Ball,NOP,667,0.0025934324539656608,0.038980509745127435,12.37631184407796,2020
1628367,Josh Jackson,DET,627,0.009974184143172186,0.08771929824561403,11.819776714513557,2020
1628368,De'Aaron Fox,SAC,1032,0.0059864657674938235,0.06298449612403101,12.28875968992248,2020
1628369,Jayson Tatum,BOS,1228,0.008194138666086658,0.07573289902280131,10.943811074918568,2020
1628370,Malik Monk,CHA,367,0.00298713038056145,0.03814713896457766,11.771117166212534,2020
1628374,Lauri Markkanen,CHI,498,0.007646743034813356,0.06626506024096386,11.710843373493976,2020
1628378,Donovan Mitchell,UTA,1021,0.004001559497596218,0.06562193927522038,11.691478942213516,2020
1628379,Luke Kennard,LAC,386,0.00597251862540986,0.09326424870466321,11.347150259067357,2020
1628381,John Collins,ATL,741,0.011934846055575455,0.13225371120107962,11.064777327935223,2020
1628382,Justin Jackson,OKC,200,0.004162947259471846,0.025,12.21,2020
1628384,OG Anunoby,TOR,477,0.006543509882137883,0.05660377358490566,12.09853249475891,2020
1628386,Jarrett Allen,CLE,370,0.005404841671223114,0.062162162162162166,10.354054054054053,2020
1628389,Bam Adebayo,MIA,727,0.006827873195424559,0.10729023383768914,11.426409903713893,2020
1628398,Kyle Kuzma,LAL,689,0.002959861397296344,0.03918722786647315,12.145137880986937,2020
1628400,Semi Ojeleye,BOS,204,0.009526899558027825,0.08333333333333333,11.514705882352942,2020
1628401,Derrick White,SAS,430,0.002423772957823184,0.046511627906976744,11.446511627906977,2020
1628402,Frank Jackson,DET,258,0.008469551516358725,0.08527131782945736,11.534883720930232,2020
1628404,Josh Hart,NOP,313,0.001877435465354459,0.022364217252396165,12.907348242811501,2020
1628407,Dwayne Bacon,ORL,692,0.003185832730950296,0.04190751445086705,11.86849710982659,2020
1628408,P.J. Dozier,DEN,331,0.0167658607029725,0.12084592145015106,10.972809667673715,2020
1628410,Edmond Sumner,IND,262,0.007441022550933836,0.07251908396946564,14.538167938931299,2020
1628415,Dillon Brooks,MEM,991,0.005505013332285407,0.06760847628657922,12.479313824419778,2020
1628420,Monte Morris,DEN,354,0.007823941821128857,0.07344632768361582,12.206214689265536,2020
1628422,Damyean Dotson,CLE,263,0.00278313266916371,0.04182509505703422,11.334600760456274,2020
1628425,Sterling Brown,HOU,308,0.006499029688474022,0.045454545454545456,12.266233766233766,2020
1628449,Chris Boucher,TOR,524,0.007189191054174914,0.04770992366412214,11.874045801526718,2020
1628464,Daniel Theis,BOS,259,0.013949629485458753,0.15057915057915058,11.18918918918919,2020
1628464,Daniel Theis,CHI,160,0.011678906276194181,0.1375,11.2125,2020
1628467,Maxi Kleber,DAL,263,0.001627673320912713,0.026615969581749048,10.790874524714829,2020
1628470,Torrey Craig,PHX,167,0.008811529513256087,0.0718562874251497,11.538922155688622,2020
1628539,Mychal Mulder,GSW,254,0.0,0.0,12.10236220472441,2020
1628960,Grayson Allen,MEM,400,0.0044691032223438485,0.055,13.085,2020
1628963,Marvin Bagley III,SAC,476,0.009008497335948063,0.0861344537815126,12.327731092436975,2020
1628964,Mo Bamba,ORL,285,0.0022669432441144036,0.03859649122807018,11.547368421052632,2020
1628969,Mikal Bridges,PHX,624,0.006975074512410564,0.05929487179487179,12.407051282051283,2020
1628970,Miles Bridges,CHA,574,0.006912262683107406,0.0627177700348432,11.4198606271777,2020
1628971,Bruce Brown,BKN,389,0.011041438921063275,0.10025706940874037,12.115681233933161,2020
1628973,Jalen Brunson,DAL,583,0.003958411757739801,0.0634648370497427,11.391080617495712,2020
1628975,Jevon Carter,PHX,208,0.011145691888460882,0.09615384615384616,11.913461538461538,2020
1628976,Wendell Carter Jr.,CHI,246,0.016252679567273293,0.15447154471544716,11.268292682926829,2020
1628976,Wendell Carter Jr.,ORL,192,0.003172555868537811,0.0625,11.104166666666666,2020
1628977,Hamidou Diallo,DET,159,0.013428995280102666,0.14465408805031446,10.80503144654088,2020
1628977,Hamidou Diallo,OKC,268,0.008526735518249971,0.06343283582089553,12.652985074626866,2020
1628978,Donte DiVincenzo,MIL,578,0.0039672458657433315,0.031141868512110725,13.73356401384083,2020
1628983,Shai Gilgeous-Alexander,OKC,513,0.0028193461423946693,0.031189083820662766,11.500974658869396,2020
1628984,Devonte' Graham,CHA,605,0.0018981628342130544,0.023140495867768594,11.71404958677686,2020
1628988,Aaron Holiday,IND,412,0.0065587128592959594,0.06310679611650485,12.759708737864077,2020
1628989,Kevin Huerter,ATL,686,0.00859183783086169,0.08163265306122448,11.60204081632653,2020
1628997,Caleb Martin,CHA,230,0.0104046381559055,0.10869565217391304,11.791304347826086,2020
1628998,Cody Martin,CHA,173,0.0062529357505248725,0.07514450867052024,11.780346820809248,2020
1629001,De'Anthony Melton,MEM,377,0.00384716966422765,0.07161803713527852,13.045092838196286,2020
1629002,Chimezie Metu,SAC,169,0.009195155941498098,0.09467455621301775,11.591715976331361,2020
1629003,Shake Milton,PHI,596,0.010403335578098312,0.08221476510067115,11.436241610738255,2020
1629004,Svi Mykhailiuk,DET,203,0.00411502848077541,0.029556650246305417,12.029556650246306,2020
1629004,Svi Mykhailiuk,OKC,272,0.005565674722046188,0.04779411764705882,12.856617647058824,2020
1629006,Josh Okogie,MIN,239,0.006235220331316737,0.058577405857740586,11.686192468619247,2020
1629008,Michael Porter Jr.,DEN,759,0.007996748387154947,0.077733860342556,12.541501976284586,2020
1629011,Mitchell Robinson,NYK,164,0.004395747835483686,0.024390243902439025,12.036585365853659,2020
1629012,Collin Sexton,CLE,1012,0.001392629867970807,0.021739130434782608,11.608695652173912,2020
1629013,Landry Shamet,BKN,428,0.0025841298897681217,0.04439252336448598,11.792056074766355,2020
1629014,Anfernee Simons,POR,379,0.005602743725683942,0.055408970976253295,10.976253298153035,2020
1629018,Gary Trent Jr.,POR,498,0.005988158682983913,0.040160642570281124,11.393574297188755,2020
1629018,Gary Trent Jr.,TOR,238,0.006458751189463696,0.037815126050420166,12.159663865546218,2020
1629020,Jarred Vanderbilt,MIN,225,0.006838516488331952,0.05333333333333334,12.648888888888889,2020
1629022,Lonnie Walker IV,SAS,576,0.004499145664440761,0.041666666666666664,12.041666666666666,2020
1629023,P.J. Washington,CHA,638,0.007782572726438816,0.07523510971786834,11.426332288401253,2020
1629026,Kenrich Williams,OKC,388,0.003941624251363675,0.041237113402061855,11.95360824742268,2020
1629027,Trae Young,ATL,1041,0.004873144791743928,0.07108549471661864,12.593659942363113,2020
1629028,Deandre Ayton,PHX,656,0.008854008484381136,0.10060975609756098,11.621951219512194,2020
1629029,Luka Doncic,DAL,1244,0.004022676130296294,0.06430868167202572,11.131028938906752,2020
1629048,Goga Bitadze,IND,183,0.002919381355253247,0.03278688524590164,12.672131147540984,2020
1629056,Terence Davis,SAC,226,0.006419141907041551,0.061946902654867256,12.668141592920353,2020
1629056,Terence Davis,TOR,191,0.007065685342047376,0.06282722513089005,12.345549738219896,2020
1629057,Robert Williams III,BOS,239,0.01860899809505088,0.11715481171548117,11.866108786610878,2020
1629060,Rui Hachimura,WAS,626,0.008827166238045752,0.10223642172523961,12.436102236421725,2020
1629130,Duncan Robinson,MIA,666,0.0005837795727450564,0.006006006006006006,11.484984984984985,2020
1629134,Kendrick Nunn,MIA,616,0.0023986961645046548,0.032467532467532464,11.715909090909092,2020
1629139,Yuta Watanabe,TOR,166,0.008777235200534717,0.060240963855421686,11.80722891566265,2020
1629162,Jordan McLaughlin,MIN,221,0.003984118215880251,0.03167420814479638,12.203619909502262,2020
1629164,Brandon Goodwin,ATL,199,0.007435208063785099,0.07035175879396985,11.381909547738694,2020
1629216,Gabe Vincent,MIA,219,0.002762718740127226,0.0410958904109589,10.484018264840183,2020
1629234,Drew Eubanks,SAS,186,0.012338133193177062,0.10215053763440861,11.220430107526882,2020
1629308,Juan Toscano-Anderson,GSW,196,0.007074325017456581,0.08673469387755102,12.46938775510204,2020
1629611,Terance Mann,LAC,319,0.023328799572705484,0.16927899686520376,12.106583072100314,2020
1629622,Max Strus,MIA,179,0.0,0.0,10.871508379888269,2020
1629627,Zion Williamson,NOP,974,0.012891996594165738,0.09856262833675565,12.567761806981519,2020
1629628,RJ Barrett,NYK,962,0.013450443613003803,0.13305613305613306,11.359667359667359,2020
1629629,Cam Reddish,ATL,244,0.017265622018298926,0.10245901639344263,11.381147540983607,2020
1629630,Ja Morant,MEM,896,0.005915087261437837,0.06361607142857142,12.103794642857142,2020
1629631,De'Andre Hunter,ATL,224,0.008528470890234865,0.09375,11.348214285714286,2020
1629632,Coby White,CHI,835,0.0081945678126516,0.09580838323353294,12.421556886227545,2020
1629633,Jarrett Culver,MIN,159,0.009471316229087206,0.11320754716981132,11.981132075471699,2020
1629634,Brandon Clarke,MEM,468,0.004738277850230672,0.057692307692307696,12.177350427350428,2020
1629635,Sekou Doumbouya,DET,259,0.0067464910717945385,0.06177606177606178,11.583011583011583,2020
1629636,Darius Garland,CLE,718,0.002754097474170196,0.03064066852367688,11.394150417827298,2020
1629637,Jaxson Hayes,NOP,263,0.008770160992379747,0.06463878326996197,13.114068441064639,2020
1629638,Nickeil Alexander-Walker,NOP,429,0.00826186983369016,0.09324009324009325,11.216783216783217,2020
1629639,Tyler Herro,MIA,658,0.003845637839978712,0.044072948328267476,11.709726443768997,2020
1629640,Keldon Johnson,SAS,664,0.01094909988794456,0.09789156626506024,11.215361445783133,2020
1629642,Nassir Little,POR,156,0.008253172764314707,0.11538461538461539,11.35897435897436,2020
1629643,Chuma Okeke,ORL,306,0.003012829478175275,0.049019607843137254,11.03921568627451,2020
1629645,Kevin Porter Jr.,HOU,330,0.008507705610354795,0.0696969696969697,11.142424242424243,2020
1629647,Darius Bazley,OKC,655,0.008427372913371537,0.08091603053435115,11.738931297709923,2020
1629650,Moses Brown,OKC,244,0.0065415875027146275,0.05737704918032787,13.274590163934427,2020
1629652,Luguentz Dort,OKC,604,0.00919504712535004,0.0728476821192053,12.051324503311259,2020
1629659,Talen Horton-Tucker,LAL,446,0.009096036118517949,0.08071748878923767,11.827354260089686,2020
1629660,Ty Jerome,OKC,261,0.005577412652907439,0.06130268199233716,10.85823754789272,2020
1629661,Cameron Johnson,PHX,443,0.00518724080729293,0.05869074492099323,12.074492099322798,2020
1629667,Jalen McDaniels,CHA,270,0.011368221366197378,0.0962962962962963,11.75925925925926,2020
1629669,Jaylen Nowell,MIN,308,0.004956852493467063,0.048701298701298704,12.071428571428571,2020
1629672,Eric Paschall,GSW,288,0.0077357935643548635,0.1111111111111111,11.180555555555555,2020
1629673,Jordan Poole,GSW,446,0.005429764071017432,0.06502242152466367,12.354260089686099,2020
1629675,Naz Reid,MIN,544,0.008108149599195844,0.0625,11.198529411764707,2020
1629676,Isaiah Roby,OKC,390,0.006699677571854111,0.06153846153846154,12.076923076923077,2020
1629680,Matisse Thybulle,PHI,232,0.0048748463368371,0.04310344827586207,12.732758620689655,2020
1629684,Grant Williams,BOS,224,0.006205480656336635,0.0625,10.991071428571429,2020
1629717,Armoni Brooks,HOU,174,0.0014727768127655216,0.011494252873563218,12.482758620689655,2020
1629726,Garrison Mathews,WAS,223,0.003966447227106982,0.02242152466367713,12.434977578475337,2020
1629731,Dean Wade,CLE,298,0.0009044513358718278,0.010067114093959731,11.838926174496644,2020
1630162,Anthony Edwards,MIN,1151,0.005868840938123579,0.052128583840139006,12.271068635968723,2020
1630163,LaMelo Ball,CHA,627,0.009448698060384272,0.07814992025518341,12.668261562998405,2020
1630164,James Wiseman,GSW,348,0.017066776554141527,0.1724137931034483,12.46264367816092,2020
1630165,Killian Hayes,DET,183,0.00993323901592376,0.07650273224043716,11.601092896174864,2020
1630166,Deni Avdija,WAS,293,0.009865080166511555,0.10580204778156997,12.457337883959044,2020
1630167,Obi Toppin,NYK,194,0.002039687725380382,0.03608247422680412,11.530927835051546,2020
1630169,Tyrese Haliburton,SAC,563,0.005903436545682894,0.0586145648312611,12.444049733570159,2020
1630170,Devin Vassell,SAS,281,0.0031054604458769525,0.028469750889679714,11.249110320284698,2020
1630171,Isaac Okoro,CLE,501,0.0057974687788006,0.05189620758483034,10.916167664670658,2020
1630172,Patrick Williams,CHI,495,0.01443081954020651,0.13333333333333333,11.42020202020202,2020
1630173,Precious Achiuwa,MIA,210,0.007027875053843201,0.07142857142857142,11.757142857142858,2020
1630174,Aaron Nesmith,BOS,167,0.014966987719844824,0.07784431137724551,12.2874251497006,2020
1630175,Cole Anthony,ORL,506,0.007797561284545108,0.0691699604743083,11.871541501976285,2020
1630177,Theo Maledon,OKC,568,0.003993634189029668,0.04225352112676056,11.859154929577464,2020
1630178,Tyrese Maxey,PHI,394,0.007400319261690043,0.07614213197969544,11.408629441624365,2020
1630180,Saddiq Bey,DET,622,0.004287011932373942,0.03697749196141479,11.369774919614148,2020
1630181,R.J. Hampton,ORL,236,0.0026241773309251394,0.0423728813559322,12.470338983050848,2020
1630183,Jaden McDaniels,MIN,354,0.005150599712782537,0.0423728813559322,11.943502824858758,2020
1630184,Kira Lewis Jr.,NOP,312,0.014084037837099083,0.10897435897435898,12.086538461538462,2020
1630191,Isaiah Stewart,DET,370,0.016756747154125583,0.13243243243243244,11.613513513513514,2020
1630193,Immanuel Quickley,NYK,532,0.004386371227674849,0.041353383458646614,10.853383458646617,2020
1630197,Aleksej Pokusevski,OKC,386,0.006980536005187544,0.054404145077720206,11.800518134715025,2020
1630201,Malachi Flynn,TOR,316,0.004988762680328607,0.056962025316455694,11.386075949367088,2020
1630202,Payton Pritchard,BOS,382,0.007934921961920442,0.060209424083769635,10.950261780104713,2020
1630214,Xavier Tillman,MEM,285,0.008418521053476916,0.06666666666666667,12.017543859649123,2020
1630217,Desmond Bane,MEM,472,0.0031862772008414784,0.04025423728813559,12.21822033898305,2020
1630230,Naji Marshall,NOP,192,0.00994193638465846,0.06770833333333333,12.046875,2020
1630231,Kenyon Martin Jr.,HOU,298,0.004843118343148855,0.053691275167785234,12.473154362416107,2020
1630240,Saben Lee,DET,190,0.020058684708881357,0.14210526315789473,12.552631578947368,2020
1630256,Jae'Sean Tate,HOU,580,0.009478902625595064,0.0896551724137931,11.472413793103449,2020
1630267,Facundo Campazzo,DEN,277,0.0019419601928603088,0.02527075812274368,11.736462093862816,2020
2544,LeBron James,LAL,1112,0.0023039828442704816,0.023381294964028777,11.976618705035971,2021
2546,Carmelo Anthony,LAL,658,0.0013546576468596327,0.0182370820668693,11.934650455927052,2021
2730,Dwight Howard,LAL,211,0.0032154680726223304,0.02843601895734597,11.516587677725118,2021
101108,Chris Paul,PHX,682,0.00022385322452693303,0.007331378299120235,11.781524926686217,2021
101150,Lou Williams,ATL,294,0.004843779075747158,0.1054421768707483,12.268707482993197,2021
200746,LaMarcus Aldridge,BKN,431,0.0005599673893353869,0.02320185614849188,10.902552204176335,2021
200752,Rudy Gay,UTA,357,0.003449397230259952,0.0392156862745098,10.957983193277311,2021
200768,Kyle Lowry,MIA,586,0.0038081823925281513,0.04607508532423208,11.895904436860068,2021
200782,P.J. Tucker,MIA,401,0.0030216383664432495,0.05236907730673317,10.331670822942643,2021
201142,Kevin Durant,BKN,1048,3.234631663298139e-05,0.003816793893129771,11.990458015267176,2021
201143,Al Horford,BOS,537,0.0017091054353332844,0.0223463687150838,11.145251396648044,2021
201144,Mike Conley,UTA,721,0.005027649902732315,0.05825242718446602,10.510402219140083,2021
201145,Jeff Green,DEN,491,0.005417058053185452,0.04684317718940937,11.016293279022403,2021
201565,Derrick Rose,NYK,258,0.0006760300033682253,0.015503875968992248,11.883720930232558,2021
201566,Russell Westbrook,LAL,1145,0.004363213643162747,0.06375545851528384,12.487336244541485,2021
201567,Kevin Love,CLE,711,0.0010695562803560322,0.01828410689170183,11.642756680731365,2021
201568,Danilo Gallinari,ATL,539,0.0018153524848455705,0.03339517625231911,9.923933209647496,2021
201569,Eric Gordon,HOU,524,0.005717481896650104,0.05343511450381679,11.536259541984732,2021
201577,Robin Lopez,ORL,188,0.0,0.0,9.574468085106384,2021
201580,JaVale McGee,PHX,416,0.00985299701568194,0.07211538461538461,11.32451923076923,2021
201586,Serge Ibaka,LAC,185,0.0,0.0,11.52972972972973,2021
201587,Nicolas Batum,LAC,369,0.0007337890676175488,0.01084010840108401,11.739837398373984,2021
201588,George Hill,MIL,241,0.00276579337496079,0.03319502074688797,11.66804979253112,2021
201933,Blake Griffin,BKN,282,0.0015415349705121314,0.02127659574468085,11.897163120567376,2021
201935,James Harden,BKN,646,0.003265538108824572,0.04953560371517028,11.770897832817337,2021
201935,James Harden,PHI,260,0.005146576677139432,0.05,10.638461538461538,2021
201937,Ricky Rubio,CLE,376,0.0034854672086013522,0.04521276595744681,11.23936170212766,2021
201939,Stephen Curry,GSW,1161,0.0007185720062493449,0.01119724375538329,12.794142980189491,2021
201942,DeMar DeRozan,CHI,1434,0.0005705514817365399,0.019525801952580194,10.927475592747559,2021
201949,James Johnson,BKN,275,0.0041757518875547035,0.05818181818181818,11.341818181818182,2021
201950,Jrue Holiday,MIL,902,0.0018723600357892162,0.031042128603104215,12.087583148558759,2021
201959,Taj Gibson,NYK,152,0.0015551757614689625,0.03289473684210526,10.697368421052632,2021
201961,Wayne Ellington,LAL,219,0.00026905212439215384,0.0136986301369863,11.703196347031964,2021
201976,Patrick Beverley,MIN,405,0.004730490083289476,0.05925925925925926,11.318518518518518,2021
201980,Danny Green,PHI,295,0.0008310651865883361,0.013559322033898305,12.027118644067796,2021
201988,Patty Mills,BKN,754,0.0017993582953678866,0.017241379310344827,12.092838196286472,2021
202066,Garrett Temple,NOP,270,0.002322411434327554,0.022222222222222223,11.514814814814814,2021
202083,Wesley Matthews,MIL,209,0.0039972639728215915,0.0430622009569378,12.291866028708133,2021
202324,Derrick Favors,OKC,173,0.00025037900189973694,0.011560693641618497,10.421965317919074,2021
202326,DeMarcus Cousins,DEN,192,0.006022826958302395,0.07291666666666667,10.270833333333334,2021
202330,Gordon Hayward,CHA,584,0.0031912535133301594,0.0547945205479452,12.32876712328767,2021
202331,Paul George,LAC,597,0.0005596483399863809,0.01507537688442211,11.577889447236181,2021
202339,Eric Bledsoe,LAC,442,0.0019657196819867807,0.03167420814479638,11.289592760180996,2021
202340,Avery Bradley,LAL,336,0.001144205472467712,0.01488095238095238,11.824404761904763,2021
202355,Hassan Whiteside,UTA,306,0.0066574887544986845,0.08496732026143791,12.055555555555555,2021
202357,Nemanja Bjelica,GSW,316,0.006320947052330906,0.056962025316455694,11.746835443037975,2021
202362,Lance Stephenson,IND,287,0.0036332626270101287,0.04529616724738676,11.369337979094077,2021
202397,Ish Smith,CHA,167,0.006958795061694922,0.09580838323353294,10.796407185628743,2021
202397,Ish Smith,WAS,224,0.002296428654445117,0.022321428571428572,9.558035714285714,2021
202681,Kyrie Irving,BKN,579,0.0006098279793292117,0.008635578583765112,11.778929188255614,2021
202685,Jonas Valanciunas,NOP,872,0.00013582142971179027,0.005733944954128441,10.64334862385321,2021
202689,Kemba Walker,NYK,347,0.0004264049231757057,0.008645533141210375,11.331412103746398,2021
202691,Klay Thompson,GSW,550,0.0007515667068403713,0.02,12.078181818181818,2021
202692,Alec Burks,NYK,666,0.0016589592701470013,0.024024024024024024,10.36936936936937,2021
202694,Marcus Morris Sr.,LAC,627,0.0013347199308845106,0.01594896331738437,10.200956937799043,2021
202696,Nikola Vucevic,CHI,1088,0.000204776564480152,0.008272058823529412,11.113970588235293,2021
202699,Tobias Harris,PHI,941,0.0007693222261063032,0.01700318809776833,10.587672688629118,2021
202704,Reggie Jackson,LAC,1122,0.0011998375453122093,0.01693404634581105,11.266488413547236,2021
202709,Cory Joseph,DET,357,0.0004144302074275204,0.0056022408963585435,10.210084033613445,2021
202710,Jimmy Butler,MIA,748,0.00576044838425141,0.08021390374331551,11.164438502673796,2021
202711,Bojan Bogdanovic,UTA,881,0.00553388620150177,0.0681044267877412,11.996594778660613,2021
202722,Davis Bertans,WAS,165,0.002152707016120115,0.01818181818181818,11.557575757575757,2021
203076,Anthony Davis,LAL,645,0.0007781716360241431,0.023255813953488372,11.355038759689922,2021
203078,Bradley Beal,WAS,714,0.0011784612921560114,0.01680672268907563,11.27450980392157,2021
203081,Damian Lillard,POR,526,0.0010410675365512634,0.013307984790874524,11.67680608365019,2021
203082,Terrence Ross,ORL,513,0.00032176042080589353,0.007797270955165692,11.346978557504872,2021
203083,Andre Drummond,BKN,176,0.0011937501974895,0.03409090909090909,11.539772727272727,2021
203083,Andre Drummond,PHI,210,0.00378649275063509,0.04285714285714286,11.847619047619048,2021
203084,Harrison Barnes,SAC,795,0.0008404274227731135,0.01509433962264151,11.631446540880503,2021
203085,Austin Rivers,DEN,324,0.002882551527395193,0.033950617283950615,10.762345679012345,2021
203087,Jeremy Lamb,IND,207,0.0029813387209219958,0.01932367149758454,11.666666666666666,2021
203090,Maurice Harkless,SAC,167,0.000990108051857791,0.011976047904191617,11.676646706586826,2021
203095,Evan Fournier,NYK,893,0.0005981733685837841,0.013437849944008958,11.241881298992162,2021
203109,Jae Crowder,PHX,504,0.006940141152203098,0.08134920634920635,11.621031746031745,2021
203110,Draymond Green,GSW,242,0.009433180064417205,0.11983471074380166,11.491735537190083,2021
203114,Khris Middleton,MIL,964,0.001274622363539264,0.032157676348547715,12.426348547717842,2021
203115,Will Barton,DEN,827,0.0060975308445144075,0.07134220072551391,12.275695284159614,2021
203200,Justin Holiday,IND,443,0.0016011358270893613,0.020316027088036117,12.413092550790068,2021
203200,Justin Holiday,SAC,196,0.0006133897290889059,0.015306122448979591,12.704081632653061,2021
203210,JaMychal Green,DEN,303,0.005705180361587119,0.056105610561056105,11.075907590759076,2021
203458,Alex Len,SAC,164,2.239475414797385e-05,0.006097560975609756,11.75609756097561,2021
203463,Ben McLemore,POR,501,0.002337180674480276,0.03792415169660679,12.095808383233534,2021
203468,CJ McCollum,NOP,471,0.0012623475749517464,0.021231422505307854,12.167728237791932,2021
203468,CJ McCollum,POR,623,4.465837555315838e-05,0.0032102728731942215,11.648475120385232,2021
203471,Dennis Schroder,BOS,535,0.005858918886037408,0.07289719626168224,11.226168224299066,2021
203473,Dewayne Dedmon,MIA,263,0.0029518299919691223,0.04182509505703422,10.87832699619772,2021
203482,Kelly Olynyk,DET,255,0.0005836826092542176,0.023529411764705882,11.905882352941177,2021
203484,Kentavious Caldwell-Pope,WAS,783,0.0027765708317590136,0.034482758620689655,11.724137931034482,2021
203486,Mason Plumlee,CHA,294,0.0045776100845614995,0.06802721088435375,12.193877551020408,2021
203488,Mike Muscala,OKC,233,2.2690608439513824e-05,0.004291845493562232,12.085836909871245,2021
203490,Otto Porter Jr.,GSW,388,0.0005972021947504162,0.01288659793814433,11.646907216494846,2021
203493,Reggie Bullock,DAL,469,0.001176832494314432,0.014925373134328358,12.125799573560768,2021
203496,Robert Covington,LAC,157,0.0020781223942451057,0.012738853503184714,12.299363057324841,2021
203496,Robert Covington,POR,313,0.0020795379870961793,0.022364217252396165,11.517571884984026,2021
203497,Rudy Gobert,UTA,474,0.011137827886814129,0.07805907172995781,11.839662447257384,2021
203500,Steven Adams,MEM,359,0.0019830148346011395,0.036211699164345405,11.983286908077995,2021
203501,Tim Hardaway Jr.,DAL,496,0.0014794288403126832,0.020161290322580645,11.574596774193548,2021
203504,Trey Burke,DAL,194,0.004432299623708392,0.04639175257731959,10.72680412371134,2021
203507,Giannis Antetokounmpo,MIL,1170,0.005552475706125945,0.08461538461538462,13.02051282051282,2021
203526,Raul Neto,WAS,409,0.00531512075705972,0.06356968215158924,11.097799511002444,2021
203552,Seth Curry,BKN,196,0.00028067493225282937,0.00510204081632653,12.678571428571429,2021
203552,Seth Curry,PHI,496,0.0004732687701291267,0.010080645161290322,11.266129032258064,2021
203585,Rodney McGruder,DET,212,0.0013666159160911084,0.014150943396226415,11.556603773584905,2021
203897,Zach LaVine,CHI,1123,0.004383424474500469,0.05609973285841496,11.72840605520926,2021
203901,Elfrid Payton,PHX,164,0.01891515812332258,0.23170731707317074,11.652439024390244,2021
203903,Jordan Clarkson,UTA,1012,0.0030251532346280267,0.043478260869565216,10.898221343873518,2021
203914,Gary Harris,ORL,515,0.00021797592181285725,0.001941747572815534,12.384466019417475,2021
203915,Spencer Dinwiddie,DAL,222,0.003440190348716214,0.04954954954954955,10.64864864864865,2021
203915,Spencer Dinwiddie,WAS,449,0.009744526729580882,0.0801781737193764,10.99109131403118,2021
203920,Khem Birch,TOR,186,0.011551031109657132,0.10215053763440861,11.155913978494624,2021
203924,Jerami Grant,DET,639,0.0017393649848498264,0.026604068857589983,11.070422535211268,2021
203926,Doug McDermott,SAS,454,0.00467334207758888,0.05286343612334802,13.222466960352422,2021
203932,Aaron Gordon,DEN,771,0.0050786373701011845,0.08171206225680934,11.977950713359274,2021
203935,Marcus Smart,BOS,662,0.006461968197652626,0.0634441087613293,10.877643504531722,2021
203937,Kyle Anderson,MEM,431,0.00187279651297224,0.027842227378190254,11.948955916473318,2021
203939,Dwight Powell,DAL,376,0.002419004461997399,0.018617021276595744,10.643617021276595,2021
203944,Julius Randle,NYK,1135,0.0006727247737950879,0.02290748898678414,10.492511013215859,2021
203952,Andrew Wiggins,GSW,959,0.002674789434299528,0.051094890510948905,11.091762252346195,2021
203954,Joel Embiid,PHI,1221,0.0016592178724277086,0.029484029484029485,10.18918918918919,2021
203991,Clint Capela,ATL,553,0.001369017432020941,0.018083182640144666,12.412296564195298,2021
203992,Bogdan Bogdanovic,ATL,744,0.002321220830410448,0.03225806451612903,11.411290322580646,2021
203994,Jusuf Nurkic,POR,577,0.0018757993641928528,0.043327556325823226,10.797227036395148,2021
203999,Nikola Jokic,DEN,1192,0.0002462305279543313,0.006711409395973154,10.356543624161073,2021
204001,Kristaps Porzingis,DAL,472,0.0021578975647497155,0.029661016949152543,10.74364406779661,2021
204001,Kristaps Porzingis,WAS,243,0.0027197494768970943,0.02880658436213992,11.045267489711934,2021
204060,Joe Ingles,UTA,271,0.0065360022874437354,0.05166051660516605,11.719557195571955,2021
204456,T.J. McConnell,IND,192,0.0014055640837139633,0.020833333333333332,11.84375,2021
1626145,Tyus Jones,MEM,518,0.0018544771740971037,0.0444015444015444,11.656370656370656,2021
1626149,Montrezl Harrell,CHA,152,0.0026438273863938254,0.02631578947368421,12.546052631578947,2021
1626149,Montrezl Harrell,WAS,343,0.002919292008145735,0.043731778425655975,11.306122448979592,2021
1626153,Delon Wright,ATL,249,0.004851605667275513,0.04819277108433735,11.65863453815261,2021
1626156,D'Angelo Russell,MIN,923,0.0012648227822139168,0.02925243770314193,12.160346695557964,2021
1626157,Karl-Anthony Towns,MIN,1142,0.0008063821022965338,0.021891418563922942,11.762697022767075,2021
1626158,Richaun Holmes,SAC,273,6.177557591347094e-05,0.003663003663003663,12.406593406593407,2021
1626162,Kelly Oubre Jr.,CHA,870,0.003069801315107154,0.041379310344827586,12.175862068965516,2021
1626164,Devin Booker,PHX,1330,0.0025462608542004693,0.04360902255639098,12.312781954887217,2021
1626166,Cameron Payne,PHX,548,0.00822037342372706,0.0948905109489051,12.10948905109489,2021
1626167,Myles Turner,IND,382,0.0020681737887217407,0.02356020942408377,11.188481675392671,2021
1626168,Trey Lyles,DET,354,0.003338935707131365,0.03954802259887006,11.725988700564972,2021
1626168,Trey Lyles,SAC,164,0.0012986238603973673,0.03048780487804878,11.835365853658537,2021
1626169,Stanley Johnson,LAL,232,0.0030323497369263742,0.05603448275862069,10.818965517241379,2021
1626171,Bobby Portis,MIL,834,0.0023598689841197755,0.04196642685851319,12.26978417266187,2021
1626172,Kevon Looney,GSW,340,0.011192359327145143,0.09705882352941177,10.829411764705883,2021
1626174,Christian Wood,HOU,831,0.004857604354936175,0.04693140794223827,11.012033694344163,2021
1626179,Terry Rozier,CHA,1080,0.0054730652014471515,0.06388888888888888,12.212037037037037,2021
1626181,Norman Powell,POR,508,0.004237242697495028,0.03937007874015748,12.291338582677165,2021
1626192,Pat Connaughton,MIL,464,0.0023268013097036085,0.023706896551724137,11.84698275862069,2021
1626195,Willy Hernangomez,NOP,292,0.0034438234466040918,0.04452054794520548,11.35958904109589,2021
1626196,Josh Richardson,BOS,311,0.003758251574688979,0.05787781350482315,11.009646302250804,2021
1626196,Josh Richardson,SAS,180,0.005022306065757932,0.06666666666666667,12.194444444444445,2021
1626204,Larry Nance Jr.,POR,184,0.0013545136389356807,0.021739130434782608,11.13586956521739,2021
1626208,Keifer Sykes,IND,173,0.0009547006254713953,0.017341040462427744,11.404624277456648,2021
1626220,Royce O'Neale,UTA,404,0.004541905418514339,0.04950495049504951,12.804455445544555,2021
1626224,Cedi Osman,CLE,513,0.0008353291074502494,0.01364522417153996,11.758284600389864,2021
1627734,Domantas Sabonis,IND,538,0.0023159832725449,0.031598513011152414,11.184014869888475,2021
1627734,Domantas Sabonis,SAC,190,0.0008123272420092405,0.015789473684210527,11.83157894736842,2021
1627736,Malik Beasley,MIN,790,0.0029743728164818564,0.026582278481012658,12.608860759493671,2021
1627741,Buddy Hield,IND,385,0.0017345886162953722,0.02857142857142857,12.745454545454546,2021
1627741,Buddy Hield,SAC,646,0.002673892458814577,0.020123839009287926,12.873065015479876,2021
1627742,Brandon Ingram,NOP,910,0.0020537475866748726,0.031868131868131866,11.236263736263735,2021
1627745,Damian Jones,SAC,248,0.005148426415668609,0.06854838709677419,11.778225806451612,2021
1627747,Caris LeVert,CLE,209,0.0014585895008259117,0.009569377990430622,10.507177033492823,2021
1627747,Caris LeVert,IND,584,0.003137389429331302,0.05650684931506849,11.48458904109589,2021
1627749,Dejounte Murray,SAS,1175,0.0022191458404926924,0.02723404255319149,12.746382978723405,2021
1627751,Jakob Poeltl,SAS,629,0.002495195749988128,0.030206677265500796,11.465818759936408,2021
1627752,Taurean Prince,MIN,365,0.004908430104710128,0.057534246575342465,12.454794520547946,2021
1627759,Jaylen Brown,BOS,1137,0.005556591308777302,0.0712401055408971,11.948109058927,2021
1627761,DeAndre' Bembry,BKN,201,0.005868730232817757,0.06965174129353234,12.393034825870647,2021
1627763,Malcolm Brogdon,IND,521,0.006512324338129698,0.06333973128598848,12.040307101727446,2021
1627777,Georges Niang,PHI,521,0.0012055329949103232,0.02111324376199616,11.078694817658349,2021
1627780,Gary Payton II,GSW,322,0.00817181533668458,0.06521739130434782,12.571428571428571,2021
1627783,Pascal Siakam,TOR,1102,0.004808871526029676,0.05807622504537205,10.931941923774955,2021
1627788,Furkan Korkmaz,PHI,435,0.002506151183241387,0.022988505747126436,11.354022988505747,2021
1627789,Timothe Luwawu-Cabarrot,ATL,172,0.0025458224492036483,0.03488372093023256,12.203488372093023,2021
1627814,Damion Lee,GSW,349,0.003635180908562973,0.04011461318051576,11.246418338108883,2021
1627826,Ivica Zubac,LAC,463,0.0023333978806587006,0.023758099352051837,11.680345572354211,2021
1627827,Dorian Finney-Smith,DAL,637,0.0020120972481116536,0.01726844583987441,11.668759811616955,2021
1627832,Fred VanVleet,TOR,992,0.00711447168858498,0.07560483870967742,11.724798387096774,2021
1627854,Bryn Forbes,DEN,233,0.0020775953860649285,0.034334763948497854,11.36480686695279,2021
1627854,Bryn Forbes,SAS,281,0.0006673539309995869,0.014234875444839857,13.103202846975089,2021
1627884,Derrick Jones Jr.,CHI,179,0.0021030666588621656,0.0111731843575419,12.156424581005586,2021
1627936,Alex Caruso,CHI,229,0.0042885396221199416,0.03056768558951965,11.275109170305678,2021
1628021,David Nwaba,HOU,161,0.010002419303729745,0.062111801242236024,13.29192546583851,2021
1628365,Markelle Fultz,ORL,158,0.0052968664808879795,0.0379746835443038,12.449367088607595,2021
1628366,Lonzo Ball,CHI,356,0.003651724207228642,0.03932584269662921,12.337078651685394,2021
1628367,Josh Jackson,DET,230,0.002934856710497608,0.030434782608695653,11.891304347826088,2021
1628368,De'Aaron Fox,SAC,1029,0.002118603287824659,0.03012633624878523,12.293488824101068,2021
1628369,Jayson Tatum,BOS,1443,0.007785543772969986,0.088011088011088,11.63063063063063,2021
1628370,Malik Monk,LAL,763,0.006293559895863046,0.05242463958060288,12.47051114023591,2021
1628372,Dennis Smith Jr.,POR,175,0.01397595410760404,0.11428571428571428,10.937142857142858,2021
1628373,Frank Ntilikina,DAL,205,0.007756597038167688,0.1073170731707317,11.414634146341463,2021
1628374,Lauri Markkanen,CLE,639,0.0014409614408030192,0.023474178403755867,11.701095461658841,2021
1628378,Donovan Mitchell,UTA,1279,0.006416215309458375,0.07349491790461297,11.70054730258014,2021
1628379,Luke Kennard,LAC,604,0.000452788739555492,0.004966887417218543,12.086092715231787,2021
1628381,John Collins,ATL,611,0.0036095263079285738,0.054009819967266774,11.653027823240588,2021
1628384,OG Anunoby,TOR,632,0.006869639710136323,0.061708860759493674,11.115506329113924,2021
1628386,Jarrett Allen,CLE,493,0.003711101589989046,0.04056795131845842,11.093306288032455,2021
1628389,Bam Adebayo,MIA,679,0.006403848906450694,0.09720176730486009,11.726067746686303,2021
1628392,Isaiah Hartenstein,LAC,347,0.0036826840525327077,0.037463976945244955,11.518731988472622,2021
1628398,Kyle Kuzma,WAS,861,0.0012400528823016178,0.024390243902439025,11.339140534262485,2021
1628401,Derrick White,BOS,215,0.0028545452441941493,0.05116279069767442,10.451162790697675,2021
1628401,Derrick White,SAS,535,0.0020118153875835817,0.03177570093457944,12.104672897196261,2021
1628402,Frank Jackson,DET,459,0.002206307830311547,0.030501089324618737,11.47930283224401,2021
1628404,Josh Hart,NOP,357,0.005861466134139293,0.058823529411764705,13.204481792717086,2021
1628404,Josh Hart,POR,175,0.001313976644798025,0.02857142857142857,11.977142857142857,2021
1628415,Dillon Brooks,MEM,493,0.005396321168847715,0.06896551724137931,11.858012170385395,2021
1628420,Monte Morris,DEN,724,0.0005539422780797243,0.017955801104972375,11.624309392265193,2021
1628432,Davon Reed,DEN,152,0.006097328791705057,0.10526315789473684,11.282894736842104,2021
1628449,Chris Boucher,TOR,534,0.004089293714372717,0.03745318352059925,12.108614232209737,2021
1628464,Daniel Theis,HOU,163,0.0007446719398482365,0.04294478527607362,10.85276073619632,2021
1628467,Maxi Kleber,DAL,325,0.0008145918454017329,0.006153846153846154,10.569230769230769,2021
1628470,Torrey Craig,IND,267,0.0020049081204840434,0.02247191011235955,11.51685393258427,2021
1628960,Grayson Allen,MIL,541,0.0019535304041621163,0.018484288354898338,11.853974121996304,2021
1628963,Marvin Bagley III,DET,187,0.0005559096401773642,0.0106951871657754,11.502673796791443,2021
1628963,Marvin Bagley III,SAC,230,0.003211476336461696,0.034782608695652174,12.256521739130434,2021
1628964,Mo Bamba,ORL,574,0.0005158004661132853,0.005226480836236934,12.001742160278745,2021
1628966,Keita Bates-Diop,SAS,244,0.006406494158553918,0.06557377049180328,12.290983606557377,2021
1628969,Mikal Bridges,PHX,819,0.005728069220896463,0.06105006105006105,12.505494505494505,2021
1628970,Miles Bridges,CHA,1129,0.009024251623126813,0.08503100088573959,11.381753764393268,2021
1628971,Bruce Brown,BKN,471,0.003834804643588845,0.059447983014861996,11.530785562632696,2021
1628972,Troy Brown Jr.,CHI,237,0.003189598283337497,0.03375527426160337,11.80168776371308,2021
1628973,Jalen Brunson,DAL,916,0.0019053049184872795,0.034934497816593885,10.174672489082969,2021
1628975,Jevon Carter,BKN,161,0.0015891063033437562,0.031055900621118012,12.881987577639752,2021
1628976,Wendell Carter Jr.,ORL,641,0.0014819476913842662,0.0187207488299532,11.698907956318253,2021
1628977,Hamidou Diallo,DET,482,0.003992968077729134,0.05186721991701245,12.504149377593361,2021
1628978,Donte DiVincenzo,SAC,207,0.0004471155797348638,0.00966183574879227,12.72463768115942,2021
1628983,Shai Gilgeous-Alexander,OKC,964,0.0008151746478616002,0.012448132780082987,12.03941908713693,2021
1628984,Devonte' Graham,NOP,739,0.0016421744545325378,0.02165087956698241,11.427604871447903,2021
1628988,Aaron Holiday,WAS,199,0.005677049537644209,0.08542713567839195,10.869346733668342,2021
1628989,Kevin Huerter,ATL,716,0.0026640007069175264,0.036312849162011177,11.490223463687151,2021
1628991,Jaren Jackson Jr.,MEM,980,0.00832848217457859,0.07448979591836735,11.558163265306122,2021
1628997,Caleb Martin,MIA,371,0.008086471864995858,0.07277628032345014,11.830188679245284,2021
1628998,Cody Martin,CHA,389,0.007823605589487435,0.08740359897172237,11.840616966580978,2021
1629001,De'Anthony Melton,MEM,647,0.007743413589096104,0.08964451313755796,13.052550231839259,2021
1629002,Chimezie Metu,SAC,419,0.0028238284103131854,0.03818615751789976,11.732696897374701,2021
1629003,Shake Milton,PHI,354,0.0064564005275310485,0.059322033898305086,11.361581920903955,2021
1629004,Svi Mykhailiuk,TOR,221,0.004306008032567946,0.04524886877828054,13.02262443438914,2021
1629011,Mitchell Robinson,NYK,317,0.001061554770741625,0.00946372239747634,11.996845425867507,2021
1629013,Landry Shamet,PHX,456,0.006098716634497858,0.05921052631578947,12.052631578947368,2021
1629014,Anfernee Simons,POR,739,0.001246372511960661,0.016238159675236806,11.163734776725304,2021
1629018,Gary Trent Jr.,TOR,1007,0.004254576867633553,0.039721946375372394,11.503475670307845,2021
1629020,Jarred Vanderbilt,MIN,336,0.012241352506452252,0.09523809523809523,13.413690476190476,2021
1629021,Moritz Wagner,ORL,370,0.0012561170197741558,0.013513513513513514,11.943243243243243,2021
1629022,Lonnie Walker IV,SAS,711,0.0021906226775120913,0.02531645569620253,12.278481012658228,2021
1629023,P.J. Washington,CHA,501,0.006662486573765229,0.0499001996007984,12.161676646706587,2021
1629026,Kenrich Williams,OKC,288,0.00326982292602768,0.041666666666666664,12.479166666666666,2021
1629027,Trae Young,ATL,1456,0.0011629752526456558,0.026785714285714284,12.51923076923077,2021
1629028,Deandre Ayton,PHX,665,0.006760777074303275,0.09473684210526316,11.497744360902256,2021
1629029,Luka Doncic,DAL,1297,0.001606552480664298,0.02158828064764842,10.522744795682344,2021
1629048,Goga Bitadze,IND,241,0.007038392272610786,0.08713692946058091,11.784232365145229,2021
1629052,Oshae Brissett,IND,468,0.007598850260119283,0.049145299145299144,12.777777777777779,2021
1629056,Terence Davis,SAC,250,0.006323633138061737,0.072,13.064,2021
1629057,Robert Williams III,BOS,342,0.004348884615729168,0.043859649122807015,12.298245614035087,2021
1629060,Rui Hachimura,WAS,366,0.0031859541044180176,0.05737704918032787,10.978142076502733,2021
1629103,Kelan Martin,IND,153,0.0009301202556746131,0.026143790849673203,12.019607843137255,2021
1629111,Jock Landale,SAS,193,0.004166852729351883,0.04145077720207254,12.347150259067357,2021
1629130,Duncan Robinson,MIA,689,0.0014005738869977216,0.013062409288824383,11.499274310595066,2021
1629162,Jordan McLaughlin,MIN,175,0.007010402643008979,0.06285714285714286,13.06857142857143,2021
1629216,Gabe Vincent,MIA,473,0.0054631710813181815,0.06976744186046512,10.79492600422833,2021
1629234,Drew Eubanks,POR,203,0.0011833764339787903,0.014778325123152709,10.266009852216749,2021
1629234,Drew Eubanks,SAS,151,0.007087882310991111,0.08609271523178808,11.80794701986755,2021
1629308,Juan Toscano-Anderson,GSW,209,0.011005841691866414,0.09090909090909091,11.17224880382775,2021
1629599,Amir Coffey,LAC,442,0.005504819791429094,0.049773755656108594,11.927601809954751,2021
1629604,CJ Elleby,POR,289,0.0057992552788263315,0.05536332179930796,11.73356401384083,2021
1629611,Terance Mann,LAC,636,0.0047945030628745375,0.05817610062893082,12.88679245283019,2021
1629622,Max Strus,MIA,530,0.0013147788706459244,0.01509433962264151,11.645283018867925,2021
1629628,RJ Barrett,NYK,1124,0.006657002801268225,0.0711743772241993,11.97153024911032,2021
1629629,Cam Reddish,ATL,332,0.0029875242905850067,0.06325301204819277,11.891566265060241,2021
1629630,Ja Morant,MEM,1095,0.004691143013193082,0.0593607305936073,11.894063926940639,2021
1629631,De'Andre Hunter,ATL,537,0.005064251105252159,0.054003724394785846,11.513966480446927,2021
1629632,Coby White,CHI,592,0.00388982284251619,0.03547297297297297,11.56418918918919,2021
1629634,Brandon Clarke,MEM,413,0.0015420478268444765,0.026634382566585957,12.329297820823244,2021
1629636,Darius Garland,CLE,1070,0.001768218201972454,0.025233644859813085,11.206542056074767,2021
1629637,Jaxson Hayes,NOP,373,0.007126549691864302,0.07238605898123325,12.41823056300268,2021
1629638,Nickeil Alexander-Walker,NOP,592,0.005743246783806331,0.07601351351351351,11.552364864864865,2021
1629639,Tyler Herro,MIA,1018,0.003283527328006123,0.043222003929273084,11.609037328094303,2021
1629640,Keldon Johnson,SAS,956,0.008846131728938859,0.08368200836820083,12.400627615062762,2021
1629641,Romeo Langford,BOS,172,0.017359830736986992,0.11627906976744186,11.343023255813954,2021
1629642,Nassir Little,POR,294,0.0027640718696675245,0.030612244897959183,11.928571428571429,2021
1629643,Chuma Okeke,ORL,537,0.0015301179189435529,0.0223463687150838,11.54003724394786,2021
1629645,Kevin Porter Jr.,HOU,751,0.006199279773560558,0.0492676431424767,11.747003994673769,2021
1629647,Darius Bazley,OKC,598,0.006232882421394235,0.06020066889632107,11.632107023411372,2021
1629649,Ignas Brazdeikis,ORL,181,0.006111025114105468,0.055248618784530384,11.762430939226519,2021
1629651,Nic Claxton,BKN,248,0.006670803950653507,0.04838709677419355,12.0,2021
1629652,Luguentz Dort,OKC,683,0.0035376868394792786,0.0424597364568082,12.51537335285505,2021
1629655,Daniel Gafford,WAS,394,0.0043536488691354605,0.06091370558375635,11.779187817258883,2021
1629656,Quentin Grimes,NYK,222,0.0016436013840125075,0.018018018018018018,12.004504504504505,2021
1629659,Talen Horton-Tucker,LAL,490,0.0067320401163840525,0.061224489795918366,11.077551020408164,2021
1629660,Ty Jerome,OKC,300,0.0004694186139019459,0.01,11.436666666666667,2021
1629661,Cameron Johnson,PHX,565,0.010724173108216712,0.08141592920353982,12.357522123893805,2021
1629667,Jalen McDaniels,CHA,238,0.0037722968051765067,0.04201680672268908,11.739495798319327,2021
1629669,Jaylen Nowell,MIN,385,0.0075911163679967635,0.07792207792207792,12.34025974025974,2021
1629670,Jordan Nwora,MIL,437,0.004402168034964363,0.04576659038901602,12.25858123569794,2021
1629672,Eric Paschall,UTA,217,0.007804218507002015,0.055299539170506916,11.235023041474655,2021
1629673,Jordan Poole,GSW,986,0.0039192352276629944,0.05172413793103448,12.475659229208924,2021
1629675,Naz Reid,MIN,443,0.00609333077370469,0.056433408577878104,11.566591422121896,2021
1629676,Isaiah Roby,OKC,302,0.004237421296873079,0.046357615894039736,11.95364238410596,2021
1629680,Matisse Thybulle,PHI,273,0.0025103868105178988,0.02564102564102564,12.06959706959707,2021
1629684,Grant Williams,BOS,392,0.006556211825493316,0.06377551020408163,11.24234693877551,2021
1629717,Armoni Brooks,HOU,231,0.0021271459290452648,0.017316017316017316,11.80952380952381,2021
1629723,John Konchar,MEM,241,0.0013258684840212933,0.02074688796680498,13.265560165975105,2021
1629726,Garrison Mathews,HOU,439,0.0012894280130098434,0.011389521640091117,12.20501138952164,2021
1629731,Dean Wade,CLE,189,0.001520969622091607,0.021164021164021163,10.465608465608465,2021
1629750,Javonte Green,CHI,299,0.0019295266017426195,0.016722408026755852,12.521739130434783,2021
1630162,Anthony Edwards,MIN,1170,0.007125693452954198,0.07692307692307693,12.364957264957265,2021
1630163,LaMelo Ball,CHA,1167,0.008664301178744147,0.09682947729220223,12.782347900599829,2021
1630165,Killian Hayes,DET,419,0.004381986513725887,0.057279236276849645,11.41527446300716,2021
1630166,Deni Avdija,WAS,531,0.008865274525093144,0.0847457627118644,11.139359698681732,2021
1630167,Obi Toppin,NYK,445,0.002497982741649769,0.02696629213483146,12.07865168539326,2021
1630168,Onyeka Okongwu,ATL,207,0.002655257930296248,0.028985507246376812,11.135265700483092,2021
1630169,Tyrese Haliburton,IND,297,0.0014876292026729133,0.02356902356902357,12.27946127946128,2021
1630169,Tyrese Haliburton,SAC,545,0.0019510605220735327,0.029357798165137616,12.2,2021
1630170,Devin Vassell,SAS,714,0.00415364515501733,0.046218487394957986,12.086834733893557,2021
1630171,Isaac Okoro,CLE,394,0.0022955371251842777,0.03553299492385787,12.16751269035533,2021
1630173,Precious Achiuwa,TOR,557,0.013763966021926994,0.11131059245960502,11.628366247755835,2021
1630174,Aaron Nesmith,BOS,169,0.00939324235835279,0.09467455621301775,11.692307692307692,2021
1630175,Cole Anthony,ORL,837,0.00409781028596488,0.043010752688172046,12.54121863799283,2021
1630177,Theo Maledon,OKC,296,0.004067329310406977,0.04054054054054054,11.52364864864865,2021
1630178,Tyrese Maxey,PHI,899,0.002102333704734872,0.026696329254727477,11.575083426028922,2021
1630180,Saddiq Bey,DET,1050,0.003205302992988019,0.03619047619047619,11.364761904761904,2021
1630181,R.J. Hampton,ORL,418,0.0038791119840884698,0.050239234449760764,12.148325358851675,2021
1630182,Josh Green,DAL,231,0.0035771535237582126,0.05627705627705628,11.87012987012987,2021
1630183,Jaden McDaniels,MIN,523,0.007497637719875919,0.06883365200764818,12.367112810707457,2021
1630188,Jalen Smith,IND,201,0.005806087329160329,0.0845771144278607,11.701492537313433,2021
1630191,Isaiah Stewart,DET,459,0.001772965600793586,0.026143790849673203,12.40958605664488,2021
1630192,Zeke Nnaji,DEN,169,0.01442953720588262,0.10650887573964497,11.8698224852071,2021
1630193,Immanuel Quickley,NYK,659,0.0013190811496207534,0.01669195751138088,11.247344461305008,2021
1630197,Aleksej Pokusevski,OKC,425,0.005230477480727644,0.0611764705882353,12.094117647058823,2021
1630198,Isaiah Joe,PHI,165,0.0007892622127527343,0.012121212121212121,10.957575757575757,2021
1630200,Tre Jones,SAS,309,0.012571356974683359,0.09385113268608414,12.042071197411003,2021
1630201,Malachi Flynn,TOR,169,0.004627076937945779,0.08875739644970414,11.7396449704142,2021
1630202,Payton Pritchard,BOS,343,0.0034863531775105867,0.05539358600583091,11.212827988338192,2021
1630205,Lamar Stevens,CLE,286,0.0052523956309194885,0.045454545454545456,11.283216783216783,2021
1630209,Omer Yurtseven,MIA,233,0.018056560603042903,0.15021459227467812,11.459227467811159,2021
1630214,Xavier Tillman,MEM,200,0.0038838900326943855,0.05,12.02,2021
1630217,Desmond Bane,MEM,1046,0.004779938638199811,0.05736137667304015,12.310707456978967,2021
1630224,Jalen Green,HOU,884,0.005998183894273597,0.057692307692307696,11.960407239819004,2021
1630228,Jonathan Kuminga,GSW,434,0.01283859449106192,0.11059907834101383,11.14516129032258,2021
1630230,Naji Marshall,NOP,244,0.008769249631520063,0.09016393442622951,12.46311475409836,2021
1630231,Kenyon Martin Jr.,HOU,483,0.00582576729043048,0.045548654244306416,11.703933747412009,2021
1630240,Saben Lee,DET,159,0.004367036060683077,0.05660377358490566,12.377358490566039,2021
1630245,Ayo Dosunmu,CHI,493,0.004744510469757493,0.04056795131845842,12.973630831643002,2021
1630249,Vit Krejci,OKC,158,0.002845978201720164,0.03164556962025317,11.449367088607595,2021
1630256,Jae'Sean Tate,HOU,679,0.0065311707258655085,0.05743740795287187,11.11340206185567,2021
1630267,Facundo Campazzo,DEN,254,0.0035482131763845525,0.03937007874015748,11.65748031496063,2021
1630314,Brandon Williams,POR,260,0.004889694706012979,0.04230769230769231,10.884615384615385,2021
1630322,Lindy Waters III,OKC,157,0.0009926151024126618,0.012738853503184714,13.031847133757962,2021
1630526,Jeremiah Robinson-Earl,OKC,309,0.0031543432585975782,0.04854368932038835,11.783171521035598,2021
1630527,Brandon Boston Jr.,LAC,302,0.005809877892267986,0.04966887417218543,12.721854304635762,2021
1630528,Josh Christopher,HOU,442,0.008326878405508777,0.06108597285067873,12.052036199095022,2021
1630529,Herbert Jones,NOP,541,0.009127413492490924,0.09981515711645102,12.364140480591498,2021
1630530,Trey Murphy III,NOP,252,0.00581465992075905,0.06746031746031746,12.313492063492063,2021
1630532,Franz Wagner,ORL,904,0.005080620819028042,0.059734513274336286,11.810840707964601,2021
1630533,Ziaire Williams,MEM,396,0.003930100760490675,0.03535353535353535,12.964646464646465,2021
1630535,Greg Brown III,POR,181,0.005718948067063977,0.08287292817679558,13.32596685082873,2021
1630537,Chris Duarte,IND,580,0.003912718512317505,0.05344827586206897,11.775862068965518,2021
1630538,Bones Hyland,DEN,520,0.005061041269604654,0.051923076923076926,11.63076923076923,2021
1630541,Moses Moody,GSW,176,0.007526520331267603,0.06818181818181818,11.857954545454545,2021
1630543,Isaiah Jackson,IND,194,0.013927358639916305,0.10824742268041238,12.061855670103093,2021
1630544,Tre Mann,OKC,547,0.004156353541544175,0.054844606946983544,11.016453382084094,2021
1630553,Keon Johnson,POR,198,0.004323677765690967,0.04040404040404041,11.277777777777779,2021
1630556,Kessler Edwards,BKN,252,0.0035962828133209125,0.04365079365079365,12.738095238095237,2021
1630557,Corey Kispert,WAS,494,0.004717608052373601,0.048582995951417005,12.161943319838057,2021
1630558,Davion Mitchell,SAC,768,0.0031996755572383027,0.040364583333333336,11.66796875,2021
1630559,Austin Reaves,LAL,279,0.005672330121193185,0.06093189964157706,11.623655913978494,2021
1630560,Cam Thomas,BKN,462,0.0038636820625490027,0.04112554112554113,12.058441558441558,2021
1630563,Joshua Primo,SAS,254,0.004267806666249431,0.03543307086614173,12.12992125984252,2021
1630567,Scottie Barnes,TOR,856,0.012261775293182944,0.11098130841121495,11.899532710280374,2021
1630570,Trendon Watford,POR,252,0.0072616746184088286,0.05555555555555555,12.218253968253968,2021
1630578,Alperen Sengun,HOU,471,0.007808921890371882,0.08280254777070063,9.910828025477707,2021
1630581,Josh Giddey,OKC,633,0.004950013664327362,0.0679304897314376,12.150078988941548,2021
1630591,Jalen Suggs,ORL,513,0.004590917114489373,0.042884990253411304,12.458089668615985,2021
1630595,Cade Cunningham,DET,962,0.003690814805244389,0.0446985446985447,11.555093555093555,2021
1630596,Evan Mobley,CLE,751,0.006749761585407494,0.05992010652463382,10.382157123834887,2021
1630598,Aaron Wiggins,OKC,315,0.008375186440489605,0.08571428571428572,12.228571428571428,2021
1630613,Duane Washington Jr.,IND,397,0.005314801637965998,0.04785894206549118,12.858942065491183,2021
1630625,Dalano Banton,TOR,187,0.007998065038256055,0.08021390374331551,12.53475935828877,2021
1630631,Jose Alvarado,NOP,275,0.004037865782097211,0.05454545454545454,11.454545454545455,2021
1630678,Terry Taylor,IND,206,0.012120444795133354,0.11650485436893204,12.388349514563107,2021
2544,LeBron James,LAL,1144,0.0025517126928582307,0.044580419580419584,12.332167832167832,2022
101108,Chris Paul,PHX,608,0.00014621687354877442,0.004934210526315789,11.333881578947368,2022
200752,Rudy Gay,UTA,273,0.0012731466708975614,0.03296703296703297,11.54945054945055,2022
200768,Kyle Lowry,MIA,427,0.0015282552050336993,0.01873536299765808,11.62295081967213,2022
200782,P.J. Tucker,PHI,202,0.0018758657923624833,0.024752475247524754,9.881188118811881,2022
201142,Kevin Durant,BKN,691,0.0,0.0,11.324167872648335,2022
201143,Al Horford,BOS,448,0.0012232819425546302,0.015625,11.323660714285714,2022
201144,Mike Conley,MIN,218,0.0002772186492759684,0.009174311926605505,11.495412844036696,2022
201144,Mike Conley,UTA,356,0.0036486880009929147,0.042134831460674156,10.814606741573034,2022
201145,Jeff Green,DEN,302,0.007002712339836264,0.059602649006622516,10.301324503311259,2022
201152,Thaddeus Young,TOR,187,0.00014013601156056253,0.0053475935828877,10.95187165775401,2022
201566,Russell Westbrook,LAC,250,0.004185876896045985,0.08,12.428,2022
201566,Russell Westbrook,LAL,679,0.003688604882265002,0.07216494845360824,12.544918998527246,2022
201567,Kevin Love,CLE,270,0.0009229875585143473,0.02962962962962963,11.322222222222223,2022
201569,Eric Gordon,HOU,444,0.005238792724810282,0.08108108108108109,11.52027027027027,2022
201569,Eric Gordon,LAC,158,0.0038433257241941646,0.02531645569620253,12.531645569620252,2022
201572,Brook Lopez,MIL,848,0.0011091016289069338,0.0294811320754717,11.357311320754716,2022
201587,Nicolas Batum,LAC,347,0.000631769021725826,0.008645533141210375,10.890489913544668,2022
201609,Goran Dragic,CHI,272,0.0017642101624216811,0.03676470588235294,12.25,2022
201935,James Harden,PHI,746,0.003976265496393082,0.04423592493297587,10.642091152815013,2022
201937,Ricky Rubio,CLE,163,0.0014281705266260861,0.03067484662576687,10.674846625766872,2022
201939,Stephen Curry,GSW,1070,0.0025199811414647285,0.04299065420560748,12.64859813084112,2022
201942,DeMar DeRozan,CHI,1213,0.0009444009995222895,0.021434460016488046,10.953009068425391,2022
201950,Jrue Holiday,MIL,958,0.003146922288716557,0.05010438413361169,11.991649269311065,2022
201976,Patrick Beverley,LAL,229,0.002074796465026255,0.034934497816593885,11.541484716157205,2022
201988,Patty Mills,BKN,195,0.0019835897682119797,0.020512820512820513,11.753846153846155,2022
202322,John Wall,LAC,312,0.011138561480448287,0.14743589743589744,12.506410256410257,2022
202330,Gordon Hayward,CHA,559,0.0005654667503901539,0.01073345259391771,11.64221824686941,2022
202331,Paul George,LAC,934,0.0015232672793117831,0.028907922912205567,11.37473233404711,2022
202681,Kyrie Irving,BKN,758,0.000370183978934231,0.006596306068601583,12.220316622691293,2022
202681,Kyrie Irving,DAL,363,0.0003341662331483878,0.01652892561983471,11.71900826446281,2022
202685,Jonas Valanciunas,NOP,772,0.0003861076570834583,0.01683937823834197,10.871761658031089,2022
202687,Bismack Biyombo,PHX,191,0.002668883060089134,0.05759162303664921,10.701570680628272,2022
202691,Klay Thompson,GSW,1187,0.001914234984234016,0.041280539174389216,12.418702611625948,2022
202692,Alec Burks,DET,430,0.001479198059300477,0.01627906976744186,11.255813953488373,2022
202694,Marcus Morris Sr.,LAC,590,0.00046633488583049625,0.006779661016949152,10.18135593220339,2022
202695,Kawhi Leonard,LAC,795,0.00038894085614424437,0.00880503144654088,11.0,2022
202696,Nikola Vucevic,CHI,1087,8.871245006314799e-05,0.004599816007359705,10.997240110395584,2022
202699,Tobias Harris,PHI,783,0.0011568597993770445,0.016602809706257982,11.300127713920817,2022
202704,Reggie Jackson,LAC,476,0.0025101854753823032,0.03991596638655462,11.573529411764707,2022
202709,Cory Joseph,DET,318,0.00041927048755626117,0.012578616352201259,10.216981132075471,2022
202710,Jimmy Butler,MIA,820,0.0021554237754340504,0.042682926829268296,10.979268292682926,2022
202711,Bojan Bogdanovic,DET,836,0.0018924650310826808,0.02033492822966507,11.641148325358852,2022
202722,Davis Bertans,DAL,156,0.000294097557100322,0.00641025641025641,12.121794871794872,2022
203076,Anthony Davis,LAL,901,0.000999186457095282,0.03218645948945616,11.251942286348502,2022
203078,Bradley Beal,WAS,800,0.0023365337654338405,0.0375,10.49125,2022
203081,Damian Lillard,POR,1132,0.002443228030391437,0.02561837455830389,12.120141342756185,2022
203082,Terrence Ross,ORL,280,0.00070746214204504,0.010714285714285714,10.871428571428572,2022
203082,Terrence Ross,PHX,161,0.0007288235975332443,0.031055900621118012,11.813664596273291,2022
203083,Andre Drummond,CHI,256,0.0018461405779963487,0.01953125,12.48828125,2022
203084,Harrison Barnes,SAC,756,0.004684377700983321,0.06084656084656084,12.235449735449736,2022
203085,Austin Rivers,MIN,191,0.006218275529350138,0.05235602094240838,11.094240837696335,2022
203095,Evan Fournier,NYK,153,0.0011253612355020504,0.026143790849673203,11.052287581699346,2022
203110,Draymond Green,GSW,449,0.009761818792900586,0.10022271714922049,12.048997772828507,2022
203114,Khris Middleton,MIL,375,0.002572275846505862,0.056,12.122666666666667,2022
203115,Will Barton,WAS,256,0.01312132368769273,0.1171875,12.875,2022
203210,JaMychal Green,GSW,238,0.005545409360846894,0.06302521008403361,11.714285714285714,2022
203468,CJ McCollum,NOP,1283,0.0009674067772148068,0.02494154325798909,12.161340607950116,2022
203471,Dennis Schroder,LAL,621,0.002796814046773849,0.040257648953301126,11.210950080515298,2022
203482,Kelly Olynyk,UTA,525,0.01055288548516727,0.08,12.00952380952381,2022
203484,Kentavious Caldwell-Pope,DEN,594,0.0036496506866437765,0.06902356902356903,12.597643097643097,2022
203486,Mason Plumlee,CHA,370,0.0031043765739369473,0.03513513513513514,11.943243243243243,2022
203488,Mike Muscala,OKC,190,0.000915516288836177,0.015789473684210527,12.878947368421052,2022
203493,Reggie Bullock,DAL,441,0.0002748312826635783,0.0045351473922902496,10.848072562358277,2022
203496,Robert Covington,LAC,210,0.005130566676045514,0.0380952380952381,12.166666666666666,2022
203497,Rudy Gobert,MIN,508,0.009138452040780882,0.06496062992125984,11.437007874015748,2022
203500,Steven Adams,MEM,243,6.588384425015516e-05,0.00411522633744856,12.283950617283951,2022
203501,Tim Hardaway Jr.,DAL,796,0.00194347435921494,0.02763819095477387,11.420854271356784,2022
203506,Victor Oladipo,MIA,362,0.0019517818756237513,0.027624309392265192,11.32596685082873,2022
203507,Giannis Antetokounmpo,MIL,1199,0.009583896230820314,0.12427022518765637,13.015846538782318,2022
203552,Seth Curry,BKN,420,0.0001337061952250098,0.004761904761904762,11.704761904761904,2022
203897,Zach LaVine,CHI,1298,0.004127591147011881,0.05778120184899846,12.319722650231125,2022
203903,Jordan Clarkson,UTA,942,0.001653694443212195,0.03184713375796178,11.503184713375797,2022
203914,Gary Harris,ORL,296,0.001474475830178671,0.02027027027027027,12.672297297297296,2022
203915,Spencer Dinwiddie,BKN,327,0.0034158801121503325,0.04281345565749235,11.17125382262997,2022
203915,Spencer Dinwiddie,DAL,648,0.0033306986162914016,0.043209876543209874,10.683641975308642,2022
203924,Jerami Grant,POR,864,0.003931478162415799,0.04513888888888889,10.887731481481481,2022
203925,Joe Harris,BKN,421,0.0009942370187316428,0.011876484560570071,12.346793349168646,2022
203926,Doug McDermott,SAS,502,0.001360563722690808,0.017928286852589643,13.197211155378486,2022
203932,Aaron Gordon,DEN,714,0.006109394714445177,0.08123249299719888,12.53501400560224,2022
203933,T.J. Warren,BKN,185,0.0014288256161833655,0.016216216216216217,11.102702702702702,2022
203935,Marcus Smart,BOS,552,0.005690034422428255,0.06521739130434782,11.418478260869565,2022
203937,Kyle Anderson,MIN,444,0.001729593653401004,0.02927927927927928,11.033783783783784,2022
203939,Dwight Powell,DAL,247,0.0014241098498544158,0.012145748987854251,11.024291497975709,2022
203944,Julius Randle,NYK,1310,0.003783690297410469,0.07022900763358779,10.768702290076336,2022
203952,Andrew Wiggins,GSW,506,0.0063220068318963025,0.10276679841897234,11.733201581027668,2022
203954,Joel Embiid,PHI,1201,0.0032365158854256153,0.05412156536219817,9.905079100749376,2022
203967,Dario Saric,PHX,165,0.005845698577637614,0.08484848484848485,10.527272727272727,2022
203991,Clint Capela,ATL,503,0.0016813019943902263,0.027833001988071572,12.578528827037774,2022
203992,Bogdan Bogdanovic,ATL,579,0.0010403270511041489,0.015544041450777202,11.664939550949914,2022
203994,Jusuf Nurkic,POR,479,0.0023094571929321572,0.03549060542797495,10.154488517745303,2022
203999,Nikola Jokic,DEN,953,0.0005903990951866135,0.011542497376705142,11.022035676810074,2022
204001,Kristaps Porzingis,WAS,950,0.0036113411312289766,0.05052631578947368,10.691578947368422,2022
204060,Joe Ingles,MIL,230,0.0021540614106033947,0.02608695652173913,12.039130434782608,2022
204456,T.J. McConnell,IND,484,0.0003557482038417048,0.01652892561983471,12.148760330578513,2022
1626145,Tyus Jones,MEM,657,0.0006140770295891485,0.0182648401826484,12.502283105022832,2022
1626149,Montrezl Harrell,PHI,187,0.002438323604290906,0.0374331550802139,11.903743315508022,2022
1626153,Delon Wright,WAS,262,0.008988061646871248,0.08015267175572519,11.187022900763358,2022
1626156,D'Angelo Russell,LAL,210,0.0009588577494677241,0.01904761904761905,12.542857142857143,2022
1626156,D'Angelo Russell,MIN,686,0.00034322304042194685,0.011661807580174927,11.892128279883382,2022
1626157,Karl-Anthony Towns,MIN,408,0.00200886160684286,0.0196078431372549,11.843137254901961,2022
1626159,Justise Winslow,POR,169,0.0024522432607586497,0.05325443786982249,10.840236686390533,2022
1626162,Kelly Oubre Jr.,CHA,776,0.002784262194888519,0.03865979381443299,11.797680412371134,2022
1626164,Devin Booker,PHX,975,0.002252516720270679,0.04,12.327179487179487,2022
1626166,Cameron Payne,PHX,422,0.0056340226893037484,0.07582938388625593,11.66824644549763,2022
1626167,Myles Turner,IND,688,0.0009531616931508314,0.015988372093023256,11.789244186046512,2022
1626168,Trey Lyles,SAC,378,0.003585277648999683,0.03439153439153439,12.206349206349206,2022
1626171,Bobby Portis,MIL,744,0.0027859733686134594,0.06182795698924731,11.603494623655914,2022
1626172,Kevon Looney,GSW,354,0.013799427602709632,0.12146892655367232,11.491525423728813,2022
1626174,Christian Wood,DAL,711,0.004841241875119132,0.053445850914205346,10.81575246132208,2022
1626179,Terry Rozier,CHA,1122,0.0020227478981267406,0.0285204991087344,12.067736185383245,2022
1626181,Norman Powell,LAC,658,0.00689212975132479,0.0547112462006079,12.097264437689969,2022
1626192,Pat Connaughton,MIL,391,0.003311534737602572,0.023017902813299233,11.521739130434783,2022
1626195,Willy Hernangomez,NOP,156,0.005421091558074915,0.08974358974358974,11.442307692307692,2022
1626196,Josh Richardson,SAS,377,0.0003990033003041042,0.005305039787798408,12.440318302387269,2022
1626204,Larry Nance Jr.,NOP,287,0.0026238975308225244,0.041811846689895474,10.72822299651568,2022
1626220,Royce O'Neale,BKN,518,0.00271241983796059,0.02702702702702703,11.916988416988417,2022
1626224,Cedi Osman,CLE,492,0.0020419675087331147,0.018292682926829267,11.321138211382113,2022
1627732,Ben Simmons,BKN,218,0.00549465735770691,0.06422018348623854,12.114678899082568,2022
1627734,Domantas Sabonis,SAC,888,0.0058148083451185,0.08445945945945946,11.4009009009009,2022
1627736,Malik Beasley,LAL,251,0.0012415188519161882,0.01195219123505976,12.167330677290837,2022
1627736,Malik Beasley,UTA,614,0.0035134006674004043,0.03908794788273615,12.0814332247557,2022
1627739,Kris Dunn,UTA,207,0.013766868004889335,0.14492753623188406,12.280193236714975,2022
1627741,Buddy Hield,IND,974,0.0009749795898609546,0.012320328542094456,13.169404517453799,2022
1627742,Brandon Ingram,NOP,780,0.0027394081140230545,0.02564102564102564,11.055128205128206,2022
1627747,Caris LeVert,CLE,673,0.0008265894731545064,0.022288261515601784,11.043090638930163,2022
1627749,Dejounte Murray,ATL,1249,0.0018637783007511232,0.02241793434747798,12.095276220976782,2022
1627750,Jamal Murray,DEN,937,0.0019336341843297264,0.0288153681963714,10.926360725720384,2022
1627751,Jakob Poeltl,SAS,361,0.0017518513820405578,0.019390581717451522,11.282548476454293,2022
1627751,Jakob Poeltl,TOR,213,0.0019326894215070556,0.03755868544600939,11.126760563380282,2022
1627752,Taurean Prince,MIN,356,0.0039650768579470395,0.05056179775280899,12.292134831460674,2022
1627759,Jaylen Brown,BOS,1303,0.008548646777308736,0.09056024558710668,12.39140445126631,2022
1627763,Malcolm Brogdon,BOS,681,0.016031333064961434,0.13215859030837004,11.832599118942731,2022
1627777,Georges Niang,PHI,471,0.002849008155184282,0.03397027600849257,11.371549893842888,2022
1627783,Pascal Siakam,TOR,1217,0.0015290233543220632,0.036154478225143796,11.069022185702547,2022
1627814,Damion Lee,PHX,424,0.0025732525894193756,0.03537735849056604,11.132075471698114,2022
1627826,Ivica Zubac,LAC,478,0.002685879037124867,0.01882845188284519,11.0,2022
1627827,Dorian Finney-Smith,BKN,176,0.0013812892685377825,0.022727272727272728,12.448863636363637,2022
1627827,Dorian Finney-Smith,DAL,288,0.0013310470587428102,0.017361111111111112,11.23263888888889,2022
1627832,Fred VanVleet,TOR,1012,0.005449567601157392,0.05533596837944664,11.548418972332016,2022
1627863,Danuel House Jr.,PHI,180,0.0027280127316671324,0.027777777777777776,12.016666666666667,2022
1627884,Derrick Jones Jr.,CHI,214,0.002705967015813955,0.04205607476635514,12.07943925233645,2022
1627936,Alex Caruso,CHI,258,0.002205325656128419,0.027131782945736434,11.751937984496124,2022
1628365,Markelle Fultz,ORL,627,0.0055736083893392465,0.05741626794258373,11.929824561403509,2022
1628368,De'Aaron Fox,SAC,1223,0.0035179284127149573,0.07113654946852004,12.906786590351594,2022
1628369,Jayson Tatum,BOS,1458,0.00784474380812851,0.09122085048010974,11.430727023319616,2022
1628370,Malik Monk,SAC,743,0.0075565540097170154,0.0901749663526245,13.204576043068641,2022
1628372,Dennis Smith Jr.,CHA,410,0.005969432639026089,0.07073170731707316,10.960975609756098,2022
1628374,Lauri Markkanen,UTA,1087,0.00596612060316338,0.06623735050597976,11.958601655933762,2022
1628378,Donovan Mitchell,CLE,1258,0.001929324774796597,0.031001589825119236,11.605723370429253,2022
1628379,Luke Kennard,LAC,191,0.0013080351202354094,0.020942408376963352,11.465968586387435,2022
1628379,Luke Kennard,MEM,157,0.0005753054519090641,0.006369426751592357,11.687898089171975,2022
1628380,Zach Collins,SAS,506,0.0056752137361451085,0.09288537549407115,11.065217391304348,2022
1628381,John Collins,ATL,668,0.0025666332318813882,0.041916167664670656,11.991017964071856,2022
1628384,O.G. Anunoby,TOR,829,0.005372800763985908,0.05186972255729795,12.057901085645355,2022
1628386,Jarrett Allen,CLE,577,0.0034034025433379283,0.053726169844020795,11.303292894280762,2022
1628389,Bam Adebayo,MIA,1041,0.0023391502609924858,0.043227665706051875,11.290105667627282,2022
1628392,Isaiah Hartenstein,NYK,296,0.003954987887252435,0.033783783783783786,11.138513513513514,2022
1628398,Kyle Kuzma,WAS,1071,0.0041526926730359685,0.059757236227824466,11.408963585434174,2022
1628401,Derrick White,BOS,710,0.006871806803436078,0.07464788732394366,11.261971830985916,2022
1628404,Josh Hart,POR,327,0.004274693254862915,0.039755351681957186,12.715596330275229,2022
1628410,Edmond Sumner,BKN,246,0.0102095075658238,0.11788617886178862,13.390243902439025,2022
1628415,Dillon Brooks,MEM,928,0.003211138764793957,0.04418103448275862,12.00323275862069,2022
1628418,Thomas Bryant,LAL,288,0.0038143077523650096,0.05555555555555555,11.881944444444445,2022
1628420,Monte Morris,WAS,475,0.0018704527308198552,0.02526315789473684,11.981052631578947,2022
1628427,Vlatko Cancar,DEN,202,0.017286724487612475,0.09405940594059406,11.410891089108912,2022
1628436,Luke Kornet,BOS,155,0.004339104863918945,0.03225806451612903,11.393548387096773,2022
1628449,Chris Boucher,TOR,497,0.002265855800563113,0.03219315895372234,12.305835010060362,2022
1628467,Maxi Kleber,DAL,150,0.0003527698342102381,0.006666666666666667,9.846666666666666,2022
1628470,Torrey Craig,PHX,463,0.004680734086458677,0.0367170626349892,11.414686825053996,2022
1628960,Grayson Allen,MIL,525,0.003118969647103353,0.03428571428571429,11.775238095238095,2022
1628963,Marvin Bagley III,DET,353,0.0017221149408922964,0.036827195467422094,10.654390934844193,2022
1628964,Mo Bamba,ORL,201,0.0012706308910742116,0.014925373134328358,11.497512437810945,2022
1628966,Keita Bates-Diop,SAS,442,0.00834980545936049,0.07692307692307693,12.635746606334841,2022
1628969,Mikal Bridges,BKN,471,0.0019005718728656589,0.03397027600849257,11.307855626326964,2022
1628969,Mikal Bridges,PHX,725,0.0029625265031610675,0.05103448275862069,11.942068965517242,2022
1628971,Bruce Brown,DEN,685,0.007017070490958963,0.07591240875912408,11.782481751824818,2022
1628972,Troy Brown Jr.,LAL,421,0.0017401260498340152,0.021377672209026127,11.593824228028504,2022
1628973,Jalen Brunson,NYK,1105,0.0023810781373643126,0.03619909502262444,10.808144796380091,2022
1628975,Jevon Carter,MIL,521,0.004187593971345838,0.05566218809980806,12.495201535508638,2022
1628976,Wendell Carter Jr.,ORL,584,0.0015022813441058365,0.030821917808219176,11.143835616438356,2022
1628977,Hamidou Diallo,DET,345,0.0034161881876666363,0.043478260869565216,13.020289855072464,2022
1628978,Donte DiVincenzo,GSW,506,0.003138451620369091,0.03162055335968379,12.162055335968379,2022
1628983,Shai Gilgeous-Alexander,OKC,1286,0.0017588937978666329,0.030326594090202177,12.856143079315707,2022
1628984,Devonte' Graham,NOP,209,0.003006408167261529,0.028708133971291867,11.401913875598087,2022
1628984,Devonte' Graham,SAS,185,0.002948056614831134,0.02702702702702703,12.567567567567568,2022
1628988,Aaron Holiday,ATL,207,0.006393268745935077,0.06280193236714976,11.666666666666666,2022
1628989,Kevin Huerter,SAC,839,0.0020597912118864277,0.03575685339690107,12.410011918951133,2022
1628991,Jaren Jackson Jr.,MEM,776,0.00269988018475375,0.03865979381443299,11.42396907216495,2022
1628995,Kevin Knox II,DET,170,0.0014325727929847699,0.03529411764705882,12.205882352941176,2022
1628997,Caleb Martin,MIA,505,0.005229429929903861,0.06336633663366337,11.285148514851485,2022
1629001,De'Anthony Melton,PHI,608,0.005035057574200654,0.05756578947368421,12.03125,2022
1629002,Chimezie Metu,SAC,206,0.0024402745645184017,0.02912621359223301,12.305825242718447,2022
1629003,Shake Milton,PHI,473,0.0070382014996939754,0.06765327695560254,11.695560253699789,2022
1629004,Svi Mykhailiuk,CHA,155,0.007457592342567492,0.05161290322580645,12.316129032258065,2022
1629006,Josh Okogie,PHX,383,0.012639209078504826,0.10443864229765012,12.41514360313316,2022
1629008,Michael Porter Jr.,DEN,785,0.0034023167439428646,0.03821656050955414,12.15031847133758,2022
1629011,Mitchell Robinson,NYK,251,0.0025054066965519116,0.027888446215139442,11.864541832669323,2022
1629012,Collin Sexton,UTA,431,0.005008679520941205,0.08584686774941995,12.013921113689095,2022
1629013,Landry Shamet,PHX,270,0.0019026611591019926,0.037037037037037035,11.366666666666667,2022
1629014,Anfernee Simons,POR,969,0.0015663534985327445,0.018575851393188854,11.29514963880289,2022
1629018,Gary Trent Jr.,TOR,873,0.003006727079173497,0.032073310423825885,12.383734249713632,2022
1629020,Jarred Vanderbilt,UTA,294,0.010099668445528209,0.08163265306122448,11.761904761904763,2022
1629021,Moritz Wagner,ORL,366,0.0024349248823436194,0.03278688524590164,11.478142076502733,2022
1629022,Lonnie Walker IV,LAL,496,0.0034488097331438886,0.046370967741935484,12.564516129032258,2022
1629023,P.J. Washington,CHA,933,0.004839371384620344,0.05466237942122187,11.664523043944266,2022
1629026,Kenrich Williams,OKC,326,0.002329171438813016,0.03067484662576687,11.674846625766872,2022
1629027,Trae Young,ATL,1308,0.002285383733397446,0.034403669724770644,12.923547400611621,2022
1629028,Deandre Ayton,PHX,845,0.002859509287321422,0.0757396449704142,10.983431952662722,2022
1629029,Luka Doncic,DAL,1329,0.0011896812648354278,0.01655379984951091,10.439428141459745,2022
1629052,Oshae Brissett,IND,299,0.00860820513413283,0.07023411371237458,12.26086956521739,2022
1629056,Terence Davis,SAC,344,0.0036591509366113942,0.055232558139534885,13.23546511627907,2022
1629057,Robert Williams III,BOS,158,0.00891333434556299,0.06962025316455696,11.841772151898734,2022
1629060,Rui Hachimura,LAL,249,0.0029537425725479124,0.040160642570281124,11.831325301204819,2022
1629060,Rui Hachimura,WAS,302,0.0065224969650377225,0.056291390728476824,11.175496688741722,2022
1629111,Jock Landale,PHX,313,0.005120332461916012,0.05750798722044728,11.73482428115016,2022
1629117,Wenyen Gabriel,LAL,239,0.0031854088177902477,0.0502092050209205,11.581589958158995,2022
1629130,Duncan Robinson,MIA,223,0.0010062108427834513,0.008968609865470852,11.887892376681615,2022
1629134,Kendrick Nunn,LAL,238,0.002234907395592359,0.05042016806722689,12.668067226890756,2022
1629134,Kendrick Nunn,WAS,179,0.004941925408533896,0.055865921787709494,11.480446927374302,2022
1629139,Yuta Watanabe,BKN,215,0.004523140861137122,0.037209302325581395,12.046511627906977,2022
1629216,Gabe Vincent,MIA,519,0.003863238333952423,0.04816955684007707,10.726396917148362,2022
1629234,Drew Eubanks,POR,314,0.000371070163985718,0.009554140127388535,10.124203821656051,2022
1629312,Haywood Highsmith,MIA,199,0.007644181982753918,0.07035175879396985,12.160804020100503,2022
1629611,Terance Mann,LAC,472,0.004676310228948598,0.05084745762711865,12.201271186440678,2022
1629614,Andrew Nembhard,IND,616,0.004316565794262306,0.04220779220779221,11.946428571428571,2022
1629622,Max Strus,MIA,719,0.002831846739766495,0.02086230876216968,10.760778859527122,2022
1629626,Bol Bol,ORL,460,0.008202206181088512,0.0782608695652174,13.01086956521739,2022
1629627,Zion Williamson,NOP,440,0.011796479881906735,0.10454545454545454,11.934090909090909,2022
1629628,RJ Barrett,NYK,1082,0.01287635448250634,0.16266173752310537,11.393715341959334,2022
1629629,Cam Reddish,POR,163,0.004967481480703879,0.03680981595092025,11.496932515337424,2022
1629630,Ja Morant,MEM,1137,0.001979819813623734,0.03342128408091469,12.278803869832894,2022
1629631,De'Andre Hunter,ATL,792,0.005077151998814866,0.06186868686868687,12.132575757575758,2022
1629632,Coby White,CHI,539,0.002735929384419669,0.027829313543599257,12.302411873840445,2022
1629634,Brandon Clarke,MEM,330,0.002400084730189793,0.03333333333333333,12.396969696969697,2022
1629636,Darius Garland,CLE,1026,0.002232895938126401,0.038011695906432746,11.079922027290449,2022
1629638,Nickeil Alexander-Walker,UTA,161,0.014111084954067642,0.11180124223602485,12.378881987577639,2022
1629639,Tyler Herro,MIA,1032,0.0018783577052770358,0.025193798449612403,11.323643410852712,2022
1629640,Keldon Johnson,SAS,1051,0.004240666334682395,0.05042816365366318,11.919124643196955,2022
1629641,Romeo Langford,SAS,247,0.00532685639491044,0.06072874493927125,12.421052631578947,2022
1629642,Nassir Little,POR,278,0.001444595456351915,0.014388489208633094,10.582733812949641,2022
1629645,Kevin Porter Jr.,HOU,816,0.005628188216649322,0.06372549019607843,11.236519607843137,2022
1629651,Nic Claxton,BKN,545,0.005019763858179281,0.03486238532110092,11.774311926605504,2022
1629652,Luguentz Dort,OKC,819,0.004853399407727737,0.050061050061050064,12.556776556776557,2022
1629655,Daniel Gafford,WAS,366,0.008118682804240145,0.08196721311475409,11.819672131147541,2022
1629656,Quentin Grimes,NYK,568,0.0030999467397622308,0.028169014084507043,12.163732394366198,2022
1629659,Talen Horton-Tucker,UTA,570,0.01304994342384774,0.14385964912280702,11.417543859649124,2022
1629660,Ty Jerome,GSW,218,0.011874624128124121,0.09174311926605505,10.76605504587156,2022
1629661,Cameron Johnson,BKN,281,0.0008331106796072344,0.017793594306049824,11.686832740213523,2022
1629661,Cameron Johnson,PHX,159,0.002924261716423138,0.031446540880503145,11.855345911949685,2022
1629667,Jalen McDaniels,CHA,460,0.0029046018085121103,0.034782608695652174,12.556521739130435,2022
1629669,Jaylen Nowell,MIN,581,0.004200492445127711,0.04819277108433735,12.141135972461274,2022
1629670,Jordan Nwora,IND,231,0.0021003130591719715,0.030303030303030304,12.878787878787879,2022
1629670,Jordan Nwora,MIL,186,0.007576698278419374,0.08602150537634409,11.370967741935484,2022
1629673,Jordan Poole,GSW,1195,0.006518198762506834,0.099581589958159,12.866108786610878,2022
1629675,Naz Reid,MIN,546,0.005377617162566227,0.05311355311355311,11.366300366300367,2022
1629684,Grant Williams,BOS,422,0.00738054277747705,0.06398104265402843,10.76777251184834,2022
1629723,John Konchar,MEM,304,0.0044165904545257996,0.039473684210526314,13.046052631578947,2022
1629726,Garrison Mathews,HOU,163,0.00017305839109293885,0.006134969325153374,12.030674846625766,2022
1629731,Dean Wade,CLE,164,0.0018912449621459008,0.018292682926829267,11.292682926829269,2022
1630162,Anthony Edwards,MIN,1445,0.00707459855066559,0.08304498269896193,12.07266435986159,2022
1630163,LaMelo Ball,CHA,676,0.0021345393676057167,0.02514792899408284,12.99112426035503,2022
1630164,James Wiseman,DET,239,0.0037966102287992727,0.058577405857740586,10.782426778242678,2022
1630165,Killian Hayes,DET,751,0.001439189557950543,0.02796271637816245,10.548601864181093,2022
1630166,Deni Avdija,WAS,530,0.006210136101852583,0.062264150943396226,11.354716981132075,2022
1630167,Obi Toppin,NYK,395,0.006962448830943603,0.04810126582278481,12.369620253164557,2022
1630168,Onyeka Okongwu,ATL,467,0.005077122568293505,0.08137044967880086,11.882226980728051,2022
1630169,Tyrese Haliburton,IND,785,0.0025968671189125396,0.02165605095541401,12.577070063694267,2022
1630170,Devin Vassell,SAS,554,0.00196353065001803,0.021660649819494584,12.037906137184116,2022
1630171,Isaac Okoro,CLE,325,0.0017537887976403436,0.018461538461538463,11.338461538461539,2022
1630172,Patrick Williams,CHI,635,0.00346198444976481,0.03622047244094488,11.477165354330708,2022
1630173,Precious Achiuwa,TOR,367,0.007126212157193728,0.07356948228882834,10.948228882833787,2022
1630174,Aaron Nesmith,IND,560,0.002764384681852363,0.033928571428571426,12.407142857142857,2022
1630175,Cole Anthony,ORL,566,0.004498213536119165,0.06007067137809187,12.019434628975265,2022
1630177,Theo Maledon,CHA,232,0.0033954193410988018,0.04310344827586207,11.125,2022
1630178,Tyrese Maxey,PHI,826,0.0034178490817464765,0.04600484261501211,11.639225181598063,2022
1630180,Saddiq Bey,ATL,215,0.0027020436103235464,0.037209302325581395,13.158139534883722,2022
1630180,Saddiq Bey,DET,553,0.0038187765200374765,0.048824593128390596,11.52983725135624,2022
1630182,Josh Green,DAL,360,0.007889255925290608,0.06111111111111111,11.447222222222223,2022
1630183,Jaden McDaniels,MIN,674,0.002866604048325033,0.04154302670623145,11.986646884272997,2022
1630188,Jalen Smith,IND,483,0.0035115286604897457,0.055900621118012424,12.772256728778467,2022
1630191,Isaiah Stewart,DET,416,0.0025860095410314868,0.028846153846153848,11.564903846153847,2022
1630192,Zeke Nnaji,DEN,178,0.006187952092787987,0.0449438202247191,11.286516853932584,2022
1630193,Immanuel Quickley,NYK,860,0.002983554832269406,0.046511627906976744,11.655813953488373,2022
1630194,Paul Reed,PHI,196,0.012221377192047632,0.10714285714285714,11.362244897959183,2022
1630197,Aleksej Pokusevski,OKC,234,0.003187799466768097,0.03418803418803419,12.085470085470085,2022
1630198,Isaiah Joe,OKC,473,0.0011333073578362737,0.010570824524312896,12.160676532769555,2022
1630200,Tre Jones,SAS,709,0.00184649418186488,0.03526093088857546,12.22425952045134,2022
1630201,Malachi Flynn,TOR,224,0.002469434306752387,0.03571428571428571,11.433035714285714,2022
1630202,Payton Pritchard,BOS,216,0.006101001146358981,0.06944444444444445,11.393518518518519,2022
1630205,Lamar Stevens,CLE,262,0.001195228288698138,0.022900763358778626,10.797709923664122,2022
1630208,Nick Richards,CHA,287,0.004269461442742968,0.03484320557491289,12.121951219512194,2022
1630214,Xavier Tillman,MEM,290,0.002238897972290228,0.034482758620689655,12.137931034482758,2022
1630217,Desmond Bane,MEM,880,0.004660928854545491,0.03977272727272727,13.354545454545455,2022
1630224,Jalen Green,HOU,1246,0.012620560655361192,0.08186195826645265,10.837881219903691,2022
1630227,Daishen Nix,HOU,220,0.014699051531763242,0.08181818181818182,11.563636363636364,2022
1630228,Jonathan Kuminga,GSW,467,0.013893736832059765,0.10920770877944326,11.147751605995717,2022
1630230,Naji Marshall,NOP,508,0.006669472360461541,0.07677165354330709,11.73031496062992,2022
1630231,Kenyon Martin Jr.,HOU,681,0.00644968927701062,0.05873715124816446,12.604992657856094,2022
1630237,Anthony Lamb,GSW,293,0.009933219078044493,0.10238907849829351,10.907849829351536,2022
1630245,Ayo Dosunmu,CHI,546,0.002679714573930768,0.038461538461538464,13.260073260073261,2022
1630256,Jae'Sean Tate,HOU,208,0.013616294285025515,0.12980769230769232,11.3125,2022
1630322,Lindy Waters III,OKC,166,0.00037418612706870016,0.006024096385542169,12.602409638554217,2022
1630526,Jeremiah Robinson-Earl,OKC,232,0.0029943498967006806,0.04310344827586207,12.892241379310345,2022
1630528,Josh Christopher,HOU,297,0.008442847437307097,0.09090909090909091,11.303030303030303,2022
1630529,Herbert Jones,NOP,477,0.007928210617937262,0.07547169811320754,12.339622641509434,2022
1630530,Trey Murphy III,NOP,758,0.008016854959071276,0.06992084432717678,13.228232189973614,2022
1630532,Franz Wagner,ORL,1032,0.004978312511455128,0.05717054263565891,11.483527131782946,2022
1630533,Ziaire Williams,MEM,187,0.0008558177836301848,0.0213903743315508,13.240641711229946,2022
1630534,Ochai Agbaji,UTA,366,0.0106480752529105,0.08743169398907104,12.587431693989071,2022
1630537,Chris Duarte,IND,302,0.0036935708397130957,0.03642384105960265,11.834437086092715,2022
1630538,Bones Hyland,DEN,389,0.006443763580036355,0.06683804627249357,11.74293059125964,2022
1630540,Miles McBride,NYK,200,0.008080150360499735,0.095,9.835,2022
1630541,Moses Moody,GSW,207,0.00628745080171859,0.06280193236714976,11.623188405797102,2022
1630543,Isaiah Jackson,IND,293,0.009111200374162748,0.06484641638225255,12.320819112627987,2022
1630544,Tre Mann,OKC,472,0.002654071240958046,0.04025423728813559,12.080508474576272,2022
1630547,James Bouknight,CHA,176,0.004869499631617444,0.05113636363636364,12.392045454545455,2022
1630549,Day'Ron Sharpe,BKN,164,0.003620261111703683,0.042682926829268296,11.676829268292684,2022
1630550,JT Thor,CHA,217,0.0046418054312656965,0.059907834101382486,11.502304147465438,2022
1630552,Jalen Johnson,ATL,303,0.0068975366699166995,0.0594059405940594,12.92079207920792,2022
1630553,Keon Johnson,POR,162,0.006273660671177048,0.07407407407407407,10.895061728395062,2022
1630557,Corey Kispert,WAS,569,0.0027417172809514317,0.0351493848857645,12.01054481546573,2022
1630558,Davion Mitchell,SAC,370,0.005298124767291378,0.05405405405405406,11.797297297297296,2022
1630559,Austin Reaves,LAL,442,0.0018483016843017378,0.029411764705882353,11.520361990950226,2022
1630560,Cam Thomas,BKN,420,0.0013850476050580086,0.02619047619047619,11.388095238095238,2022
1630567,Scottie Barnes,TOR,937,0.003108874901732242,0.04589114194236926,10.987193169690501,2022
1630570,Trendon Watford,POR,294,0.003500939864358961,0.04081632653061224,11.370748299319727,2022
1630572,Sandro Mamukelashvili,SAS,163,0.006743165191710145,0.06134969325153374,11.625766871165645,2022
1630573,Sam Hauser,BOS,359,0.0016673602759691552,0.011142061281337047,11.220055710306406,2022
1630578,Alperen Sengun,HOU,743,0.007013754095375636,0.06998654104979811,10.242261103633917,2022
1630581,Josh Giddey,OKC,1060,0.004091026321575535,0.0509433962264151,12.266037735849057,2022
1630583,Santi Aldama,MEM,497,0.005705715735133886,0.05030181086519115,12.271629778672033,2022
1630586,Usman Garuba,HOU,153,0.011343690593013007,0.10457516339869281,11.633986928104575,2022
1630587,Isaiah Livers,DET,269,0.002354786254716488,0.01858736059479554,11.219330855018587,2022
1630591,Jalen Suggs,ORL,410,0.008321711752606346,0.07317073170731707,12.326829268292682,2022
1630595,Cade Cunningham,DET,210,0.007369831096936631,0.06666666666666667,11.314285714285715,2022
1630596,Evan Mobley,CLE,874,0.003932214971094425,0.04576659038901602,10.59954233409611,2022
1630598,Aaron Wiggins,OKC,333,0.0033811777291810623,0.03903903903903904,12.861861861861861,2022
1630613,Duane Washington Jr.,PHX,235,0.012636837034759377,0.12340425531914893,11.880851063829788,2022
1630631,Jose Alvarado,NOP,454,0.0046332535150517724,0.06607929515418502,11.704845814977974,2022
1630688,Ish Wainright,PHX,211,0.004371608286322556,0.037914691943127965,11.350710900473933,2022
1630692,Jordan Goodwin,WAS,330,0.010086827798547294,0.1,11.43939393939394,2022
1630699,MarJon Beauchamp,MIL,227,0.005124613454940539,0.05286343612334802,12.911894273127754,2022
1630700,Dyson Daniels,NOP,189,0.00414732942056485,0.0582010582010582,12.02116402116402,2022
1630702,Jaden Hardy,DAL,308,0.0029533288919591314,0.04220779220779221,11.194805194805195,2022
1631093,Jaden Ivey,DET,925,0.005866426601010969,0.05621621621621622,12.315675675675676,2022
1631094,Paolo Banchero,ORL,1060,0.00962514621140183,0.09150943396226414,11.824528301886792,2022
1631095,Jabari Smith Jr.,HOU,845,0.007363094078781166,0.07218934911242604,11.242603550295858,2022
1631097,Bennedict Mathurin,IND,873,0.006908111071244129,0.06643757159221077,12.548682703321878,2022
1631098,Johnny Davis,WAS,160,0.01467317099433485,0.08125,11.7125,2022
1631099,Keegan Murray,SAC,739,0.0057007968826926,0.056833558863328824,12.745602165087957,2022
1631100,AJ Griffin,ATL,506,0.004386037143935121,0.04743083003952569,12.067193675889328,2022
1631101,Shaedon Sharpe,POR,607,0.004342812618481826,0.05601317957166392,11.973640856672159,2022
1631103,Malaki Branham,SAS,589,0.004714915010250002,0.06112054329371817,12.589134125636672,2022
1631104,Blake Wesley,SAS,193,0.006783116209274524,0.10880829015544041,12.378238341968911,2022
1631105,Jalen Duren,DET,375,0.009198680975928485,0.088,12.490666666666666,2022
1631106,Tari Eason,HOU,603,0.009149654666047781,0.09618573797678276,12.349917081260365,2022
1631109,Mark Williams,CHA,243,0.006694930271601527,0.05761316872427984,12.02880658436214,2022
1631110,Jeremy Sochan,SAS,528,0.010084782615467932,0.09090909090909091,11.738636363636363,2022
1631114,Jalen Williams,OKC,740,0.005185350355993518,0.052702702702702706,12.216216216216216,2022
1631117,Walker Kessler,UTA,386,0.01230959691820715,0.09585492227979274,12.580310880829016,2022
1631119,Jaylin Williams,OKC,225,0.0036372260187363765,0.04888888888888889,10.96,2022
1631121,Bryce McGowens,CHA,186,0.005118187920591244,0.04838709677419355,11.779569892473118,2022
1631128,Christian Braun,DEN,260,0.015515610352838985,0.12307692307692308,12.796153846153846,2022
1631133,Jabari Walker,POR,184,0.008839754267369273,0.09782608695652174,11.483695652173912,2022
1631172,Ousmane Dieng,OKC,166,0.00417490407113446,0.024096385542168676,11.614457831325302,2022
1631216,Caleb Houstan,ORL,170,0.0001497231840379819,0.0058823529411764705,11.623529411764705,2022
1631223,David Roddy,MEM,398,0.005295612378656929,0.05527638190954774,12.266331658291458,2022
1631323,Simone Fontecchio,UTA,293,0.007935881959076102,0.07167235494880546,12.16382252559727,2022
2544,LeBron James,LAL,1168,0.0018349305069132011,0.0351027397260274,11.965753424657533,2023
101108,Chris Paul,GSW,418,0.0005769031083362132,0.011961722488038277,11.179425837320574,2023
200768,Kyle Lowry,MIA,215,0.002319755928452052,0.037209302325581395,10.916279069767441,2023
201142,Kevin Durant,PHX,1341,0.000212893592861782,0.005965697240865026,11.365398956002982,2023
201143,Al Horford,BOS,398,0.004482569280354182,0.05025125628140704,11.698492462311558,2023
201144,Mike Conley,MIN,598,0.0015317391446279982,0.028428093645484948,10.97324414715719,2023
201145,Jeff Green,HOU,336,0.0025662248189889827,0.050595238095238096,10.395833333333334,2023
201565,Derrick Rose,MEM,157,0.00024903517039844453,0.012738853503184714,12.070063694267516,2023
201566,Russell Westbrook,LAC,612,0.009366932082777208,0.12908496732026145,12.375816993464053,2023
201567,Kevin Love,MIA,341,0.0021530236215084268,0.020527859237536656,11.480938416422287,2023
201569,Eric Gordon,PHX,584,0.004095396269242829,0.04280821917808219,11.808219178082192,2023
201572,Brook Lopez,MIL,716,0.0014001135695015793,0.02094972067039106,10.846368715083798,2023
201587,Nicolas Batum,PHI,223,4.688738081893985e-05,0.008968609865470852,10.52914798206278,2023
201935,James Harden,LAC,763,0.0027296907471525845,0.035386631716906945,11.420707732634337,2023
201939,Stephen Curry,GSW,1355,0.0021862648693981137,0.028782287822878228,12.349077490774908,2023
201942,DeMar DeRozan,CHI,1249,0.0008070421124497,0.021617293835068056,10.562850280224179,2023
201950,Jrue Holiday,BOS,653,0.010313706345667887,0.11485451761102604,11.914241960183768,2023
201976,Patrick Beverley,PHI,212,0.0018508016673104155,0.0330188679245283,10.04245283018868,2023
202330,Gordon Hayward,CHA,285,0.0011568578170234947,0.021052631578947368,11.603508771929825,2023
202331,Paul George,LAC,1147,0.0028642541396900504,0.04795117698343505,11.498692240627724,2023
202681,Kyrie Irving,DAL,1062,0.0006651794316604701,0.014124293785310734,12.034839924670433,2023
202685,Jonas Valanciunas,NOP,682,0.0022850783783461438,0.05571847507331378,10.350439882697946,2023
202691,Klay Thompson,GSW,1071,0.0032227149949406978,0.05228758169934641,12.394957983193278,2023
202692,Alec Burks,DET,379,0.001408058950257559,0.021108179419525065,11.047493403693931,2023
202694,Marcus Morris Sr.,PHI,181,0.00023743376674334522,0.011049723756906077,10.19889502762431,2023
202695,Kawhi Leonard,LAC,1060,0.0009021613781464031,0.01509433962264151,10.776415094339622,2023
202696,Nikola Vucevic,CHI,1131,0.0006164164088641728,0.019451812555260833,10.863837312113175,2023
202699,Tobias Harris,PHI,873,0.00053185184876788,0.013745704467353952,11.162657502863688,2023
202704,Reggie Jackson,DEN,664,0.007238344030219768,0.11596385542168675,10.581325301204819,2023
202710,Jimmy Butler,MIA,705,0.0029809969207049074,0.05390070921985816,11.12482269503546,2023
202711,Bojan Bogdanovic,DET,404,0.0009470028877283453,0.024752475247524754,12.400990099009901,2023
202711,Bojan Bogdanovic,NYK,238,0.0017843347267368671,0.025210084033613446,11.298319327731093,2023
202722,Davis Bertans,CHA,189,0.0013409890183728463,0.010582010582010581,11.338624338624339,2023
203076,Anthony Davis,LAL,1205,0.0014531515319136116,0.034854771784232366,11.53195020746888,2023
203078,Bradley Beal,PHX,669,0.0011375874468700666,0.028400597907324365,11.488789237668161,2023
203081,Damian Lillard,MIL,1188,0.004397626633405715,0.04882154882154882,12.349326599326599,2023
203083,Andre Drummond,CHI,426,0.0035588233777900857,0.04929577464788732,11.647887323943662,2023
203084,Harrison Barnes,SAC,688,0.005119784183209346,0.05232558139534884,11.555232558139535,2023
203095,Evan Fournier,DET,184,0.0009950013234841864,0.010869565217391304,11.146739130434783,2023
203109,Jae Crowder,MIL,247,0.004750931042519435,0.05668016194331984,11.287449392712551,2023
203110,Draymond Green,GSW,350,0.013304627838106443,0.11428571428571428,11.585714285714285,2023
203114,Khris Middleton,MIL,609,0.001389542058996835,0.022988505747126436,11.691297208538588,2023
203200,Justin Holiday,DEN,179,0.003885317021719201,0.0670391061452514,11.810055865921788,2023
203468,CJ McCollum,NOP,980,0.001689505426452095,0.0326530612244898,12.223469387755102,2023
203471,Dennis Schroder,BKN,334,0.002584084188783897,0.023952095808383235,10.389221556886227,2023
203471,Dennis Schroder,TOR,514,0.0012875635233750003,0.021400778210116732,11.050583657587548,2023
203482,Kelly Olynyk,TOR,225,0.0023713485482245323,0.03111111111111111,12.102222222222222,2023
203482,Kelly Olynyk,UTA,238,0.007567808840731698,0.07563025210084033,11.512605042016807,2023
203484,Kentavious Caldwell-Pope,DEN,554,0.0030309486681861586,0.04512635379061372,12.528880866425993,2023
203497,Rudy Gobert,MIN,570,0.007585292093138214,0.08421052631578947,11.829824561403509,2023
203501,Tim Hardaway Jr.,DAL,915,0.0010818638001931955,0.024043715846994537,12.34535519125683,2023
203507,Giannis Antetokounmpo,MIL,1276,0.006233537584881274,0.09796238244514106,12.536050156739812,2023
203897,Zach LaVine,CHI,353,0.0035483359889773936,0.0679886685552408,12.303116147308781,2023
203903,Jordan Clarkson,UTA,755,0.0017436681202174875,0.030463576158940398,10.619867549668875,2023
203914,Gary Harris,ORL,275,0.00037162420449373215,0.014545454545454545,11.818181818181818,2023
203915,Spencer Dinwiddie,BKN,456,0.002108023175852158,0.039473684210526314,11.714912280701755,2023
203924,Jerami Grant,POR,786,0.005173872506054181,0.061068702290076333,10.93384223918575,2023
203926,Doug McDermott,SAS,207,0.000185085436844187,0.004830917874396135,13.396135265700483,2023
203932,Aaron Gordon,DEN,661,0.008072030542931237,0.1043872919818457,12.239031770045386,2023
203935,Marcus Smart,MEM,223,4.279755098324085e-06,0.004484304932735426,11.52914798206278,2023
203937,Kyle Anderson,MIN,394,0.002488270532265952,0.03299492385786802,10.299492385786802,2023
203944,Julius Randle,NYK,776,0.006294731239710535,0.09536082474226804,10.783505154639176,2023
203952,Andrew Wiggins,GSW,726,0.006959903971483162,0.1046831955922865,11.559228650137742,2023
203954,Joel Embiid,PHI,763,0.001633124276378637,0.023591087811271297,10.305373525557012,2023
203957,Dante Exum,DAL,276,0.007653228300201339,0.07246376811594203,11.742753623188406,2023
203967,Dario Saric,GSW,355,0.008316277936381894,0.09295774647887324,11.425352112676057,2023
203991,Clint Capela,ATL,582,0.00628116588899478,0.05154639175257732,12.47766323024055,2023
203992,Bogdan Bogdanovic,ATL,1030,0.0021463272052166774,0.03203883495145631,12.240776699029126,2023
203994,Jusuf Nurkic,PHX,578,0.004639119405022722,0.06401384083044982,10.501730103806228,2023
203995,Vasilije Micic,CHA,260,0.005634569719580393,0.046153846153846156,11.288461538461538,2023
203999,Nikola Jokic,DEN,1266,0.0022614344916318248,0.03475513428120063,9.833333333333334,2023
204001,Kristaps Porzingis,BOS,695,0.005475661135184597,0.06474820143884892,11.040287769784173,2023
204060,Joe Ingles,ORL,206,0.004981127927054116,0.043689320388349516,11.757281553398059,2023
204456,T.J. McConnell,IND,555,0.0024025061213657473,0.04684684684684685,11.85945945945946,2023
1626145,Tyus Jones,WAS,637,0.0003667950064366837,0.006279434850863423,12.689167974882261,2023
1626156,D'Angelo Russell,LAL,1010,0.001157394667005282,0.023762376237623763,12.304950495049505,2023
1626157,Karl-Anthony Towns,MIN,885,0.0018227783340025215,0.031638418079096044,11.262146892655368,2023
1626162,Kelly Oubre Jr.,PHI,811,0.003747458892601636,0.04315659679408138,11.653514180024661,2023
1626164,Devin Booker,PHX,1223,0.001164741308098214,0.024529844644317254,12.136549468520032,2023
1626166,Cameron Payne,MIL,206,0.0021832259754895837,0.02912621359223301,11.660194174757281,2023
1626166,Cameron Payne,PHI,243,0.0024688549941676748,0.024691358024691357,11.732510288065845,2023
1626167,Myles Turner,IND,866,0.003999225631184388,0.06466512702078522,11.983833718244803,2023
1626168,Trey Lyles,SAC,285,0.003311838077859568,0.0456140350877193,12.445614035087718,2023
1626171,Bobby Portis,MIL,849,0.0013605183762065733,0.0447585394581861,11.363957597173146,2023
1626172,Kevon Looney,GSW,210,0.014848709792983935,0.1523809523809524,10.823809523809524,2023
1626174,Christian Wood,LAL,250,0.004630964656391683,0.068,11.404,2023
1626179,Terry Rozier,CHA,511,0.0015305824358869337,0.03522504892367906,11.590998043052837,2023
1626179,Terry Rozier,MIA,414,0.0035311982101519945,0.04589371980676329,11.229468599033817,2023
1626181,Norman Powell,LAC,707,0.005732896595297159,0.07637906647807638,11.691654879773692,2023
1626192,Pat Connaughton,MIL,323,0.0026646020736096334,0.021671826625386997,10.98452012383901,2023
1626196,Josh Richardson,MIA,320,0.0015584189281554796,0.021875,12.171875,2023
1626204,Larry Nance Jr.,NOP,215,0.003618285753634737,0.027906976744186046,10.506976744186046,2023
1626220,Royce O'Neale,BKN,292,0.002046117789437191,0.0136986301369863,12.174657534246576,2023
1626220,Royce O'Neale,PHX,192,0.0029768592595599773,0.020833333333333332,11.442708333333334,2023
1626224,Cedi Osman,SAS,350,0.001137464215525268,0.03142857142857143,12.8,2023
1627734,Domantas Sabonis,SAC,993,0.006774670277087357,0.0986908358509567,11.729103726082577,2023
1627736,Malik Beasley,MIL,668,0.0026557893059222393,0.02844311377245509,11.55688622754491,2023
1627739,Kris Dunn,UTA,291,0.004501453195442804,0.06529209621993128,12.072164948453608,2023
1627741,Buddy Hield,IND,478,0.0043256619813803535,0.03765690376569038,13.225941422594142,2023
1627741,Buddy Hield,PHI,313,0.0009715227138024174,0.01597444089456869,12.06709265175719,2023
1627742,Brandon Ingram,NOP,943,0.0028405557265609215,0.043478260869565216,11.208907741251325,2023
1627747,Caris LeVert,CLE,743,0.0023994524534870845,0.039030955585464336,11.531628532974429,2023
1627749,Dejounte Murray,ATL,1397,0.002925393926303736,0.04294917680744453,12.139584824624194,2023
1627750,Jamal Murray,DEN,894,0.00409000592201606,0.06823266219239374,11.044742729306488,2023
1627751,Jakob Poeltl,TOR,357,0.0001843549787518673,0.008403361344537815,11.714285714285714,2023
1627752,Taurean Prince,LAL,528,0.0038587260215467065,0.03977272727272727,12.085227272727273,2023
1627759,Jaylen Brown,BOS,1186,0.010463252064836068,0.10961214165261383,12.438448566610456,2023
1627763,Malcolm Brogdon,POR,460,0.0022735588247504088,0.02608695652173913,11.841304347826087,2023
1627777,Georges Niang,CLE,600,0.002680651802383205,0.03333333333333333,11.34,2023
1627780,Gary Payton II,GSW,164,0.0073722071221661465,0.07926829268292683,12.445121951219512,2023
1627783,Pascal Siakam,IND,629,0.004451001626403607,0.06518282988871224,12.201907790143084,2023
1627783,Pascal Siakam,TOR,580,0.0006019887785809877,0.01896551724137931,12.075862068965517,2023
1627826,Ivica Zubac,LAC,485,0.002113095880627763,0.0288659793814433,11.270103092783506,2023
1627827,Dorian Finney-Smith,BKN,468,0.0038415745689572172,0.03632478632478633,12.405982905982906,2023
1627832,Fred VanVleet,HOU,929,0.005087808086922464,0.07427341227125941,11.735199138858988,2023
1627884,Derrick Jones Jr.,DAL,464,0.006761920668737272,0.05387931034482758,11.898706896551724,2023
1627936,Alex Caruso,CHI,496,0.003605301200189223,0.04032258064516129,11.756048387096774,2023
1628365,Markelle Fultz,ORL,296,0.005373212765984362,0.060810810810810814,11.496621621621621,2023
1628368,De'Aaron Fox,SAC,1434,0.0034807065200581455,0.04741980474198047,12.877266387726639,2023
1628369,Jayson Tatum,BOS,1313,0.016216199720704743,0.15536938309215537,10.79131759329779,2023
1628370,Malik Monk,SAC,814,0.006863846641019659,0.08968058968058969,12.433660933660933,2023
1628371,Jonathan Isaac,ORL,266,0.0036585735953846565,0.045112781954887216,11.30451127819549,2023
1628372,Dennis Smith Jr.,BKN,311,0.008116336204946886,0.08681672025723473,11.466237942122186,2023
1628374,Lauri Markkanen,UTA,830,0.0033907606844251425,0.05301204819277108,11.46867469879518,2023
1628378,Donovan Mitchell,CLE,1009,0.0011582006342076437,0.031714568880079286,11.997026759167493,2023
1628379,Luke Kennard,MEM,300,0.0,0.0,11.913333333333334,2023
1628380,Zach Collins,SAS,587,0.0036910385759947257,0.05281090289608177,10.921635434412266,2023
1628381,John Collins,UTA,706,0.004078306462902534,0.05240793201133145,11.638810198300284,2023
1628384,OG Anunoby,NYK,231,0.0075990126471794,0.047619047619047616,10.627705627705629,2023
1628384,OG Anunoby,TOR,308,0.0037821110802667636,0.03571428571428571,12.652597402597403,2023
1628386,Jarrett Allen,CLE,771,0.004104623175080937,0.058365758754863814,11.38651102464332,2023
1628389,Bam Adebayo,MIA,925,0.0034100022722661836,0.061621621621621624,10.885405405405406,2023
1628392,Isaiah Hartenstein,NYK,333,0.0029691693690003084,0.042042042042042045,11.303303303303304,2023
1628398,Kyle Kuzma,WAS,1229,0.0009635568221949334,0.021969080553295363,11.92839707078926,2023
1628401,Derrick White,BOS,790,0.007499687233765681,0.08481012658227848,11.715189873417721,2023
1628404,Josh Hart,NYK,601,0.004812573934395723,0.03494176372712146,10.87188019966722,2023
1628415,Dillon Brooks,HOU,730,0.006371642018357824,0.07260273972602739,12.084931506849315,2023
1628426,Sasha Vezenkov,SAC,178,0.009298386976872363,0.05056179775280899,11.92134831460674,2023
1628436,Luke Kornet,BOS,183,0.009047912140265527,0.06557377049180328,11.994535519125684,2023
1628449,Chris Boucher,TOR,207,0.0030948505503680616,0.03864734299516908,12.772946859903382,2023
1628464,Daniel Theis,LAC,257,0.0026442698089841612,0.042801556420233464,11.43579766536965,2023
1628470,Torrey Craig,CHI,231,0.003718823517131585,0.030303030303030304,11.458874458874458,2023
1628960,Grayson Allen,PHX,642,0.0014791913858070232,0.017133956386292833,11.948598130841122,2023
1628963,Marvin Bagley III,DET,172,0.0022200397599786963,0.040697674418604654,11.61046511627907,2023
1628963,Marvin Bagley III,WAS,208,0.0019069739838457626,0.028846153846153848,11.875,2023
1628964,Mo Bamba,PHI,180,0.0027960962557434044,0.05,11.655555555555555,2023
1628969,Mikal Bridges,BKN,1204,0.0004736623147571092,0.012458471760797342,11.841362126245848,2023
1628970,Miles Bridges,CHA,1124,0.002370003032500509,0.04448398576512456,10.972419928825623,2023
1628971,Bruce Brown,IND,298,0.007375697003297689,0.11409395973154363,12.426174496644295,2023
1628971,Bruce Brown,TOR,247,0.0020759771868457916,0.024291497975708502,11.785425101214575,2023
1628973,Jalen Brunson,NYK,1527,0.002336923049189703,0.03339882121807466,10.870333988212181,2023
1628975,Jevon Carter,CHI,341,0.0012172660349919755,0.02346041055718475,11.50733137829912,2023
1628976,Wendell Carter Jr.,ORL,404,0.00028475927137168884,0.01485148514851485,10.886138613861386,2023
1628978,Donte DiVincenzo,NYK,922,0.00293550736033635,0.028199566160520606,11.271149674620391,2023
1628981,Bruno Fernando,ATL,181,0.0105850551769031,0.08287292817679558,10.779005524861878,2023
1628983,Shai Gilgeous-Alexander,OKC,1407,0.0020010317796170874,0.032693674484719264,12.815209665955935,2023
1628988,Aaron Holiday,HOU,388,0.006734277994582752,0.09278350515463918,11.461340206185566,2023
1628989,Kevin Huerter,SAC,531,0.002671657645392793,0.026365348399246705,12.713747645951036,2023
1628991,Jaren Jackson Jr.,MEM,1065,0.0003869351310900935,0.012206572769953052,11.091079812206573,2023
1628995,Kevin Knox II,DET,174,0.0035270042839103954,0.05172413793103448,11.977011494252874,2023
1628997,Caleb Martin,MIA,506,0.009752746569518177,0.07905138339920949,11.130434782608695,2023
1628998,Cody Martin,CHA,200,0.006660382619922091,0.055,10.53,2023
1629001,De'Anthony Melton,PHI,345,0.004205395610268977,0.04927536231884058,12.220289855072464,2023
1629003,Shake Milton,MIN,151,0.0023257089546561585,0.052980132450331126,12.728476821192054,2023
1629006,Josh Okogie,PHX,182,0.011162997781383932,0.10989010989010989,11.923076923076923,2023
1629008,Michael Porter Jr.,DEN,1022,0.0061994570596188405,0.06653620352250489,12.224070450097848,2023
1629012,Collin Sexton,UTA,953,0.00356207287494081,0.05981112277019937,11.960125918153201,2023
1629013,Landry Shamet,WAS,261,0.003313886849294367,0.038314176245210725,12.191570881226054,2023
1629014,Anfernee Simons,POR,781,0.004196154420452537,0.04225352112676056,11.577464788732394,2023
1629018,Gary Trent Jr.,TOR,795,0.0006327000521789219,0.012578616352201259,12.19874213836478,2023
1629021,Moritz Wagner,ORL,508,0.005801454214630585,0.06496062992125984,10.594488188976378,2023
1629022,Lonnie Walker IV,BKN,453,0.004260893281268394,0.052980132450331126,11.818984547461369,2023
1629023,P.J. Washington,CHA,482,0.001786381476350007,0.029045643153526972,11.576763485477178,2023
1629023,P.J. Washington,DAL,279,0.003483326582887727,0.03942652329749104,11.863799283154123,2023
1629026,Kenrich Williams,OKC,259,0.002184549817514996,0.023166023166023165,11.308880308880308,2023
1629027,Trae Young,ATL,948,0.002963893297390929,0.0379746835443038,12.130801687763713,2023
1629028,Deandre Ayton,POR,710,0.0008949390020901349,0.01267605633802817,11.292957746478873,2023
1629029,Luka Doncic,DAL,1573,0.0006793424459267202,0.014621741894469168,11.656706929434202,2023
1629048,Goga Bitadze,ORL,189,0.0014417035889421877,0.021164021164021163,11.518518518518519,2023
1629060,Rui Hachimura,LAL,639,0.0034933922400149477,0.03912363067292645,11.777777777777779,2023
1629111,Jock Landale,HOU,200,0.007104135310612487,0.1,11.905,2023
1629130,Duncan Robinson,MIA,623,0.0015834613116890702,0.012841091492776886,11.434991974317818,2023
1629234,Drew Eubanks,PHX,228,0.0028598105889763065,0.03070175438596491,10.035087719298245,2023
1629312,Haywood Highsmith,MIA,310,0.004919248312626738,0.06451612903225806,11.03225806451613,2023
1629599,Amir Coffey,LAC,320,0.0034330247845140867,0.05,12.13125,2023
1629611,Terance Mann,LAC,439,0.005830176891300311,0.04783599088838269,12.08883826879271,2023
1629614,Andrew Nembhard,IND,493,0.0072233753485820874,0.07302231237322515,12.062880324543611,2023
1629622,Max Strus,CLE,672,0.002121639022659074,0.023809523809523808,12.044642857142858,2023
1629627,Zion Williamson,NOP,1027,0.02048259896744281,0.13242453748782862,11.981499513145083,2023
1629628,RJ Barrett,NYK,364,0.00816013212701194,0.11813186813186813,11.706043956043956,2023
1629628,RJ Barrett,TOR,459,0.0021642428391242365,0.034858387799564274,13.202614379084967,2023
1629629,Cam Reddish,LAL,218,0.0038040932506913628,0.045871559633027525,12.376146788990825,2023
1629630,Ja Morant,MEM,157,0.000149606590374673,0.006369426751592357,12.197452229299364,2023
1629631,De'Andre Hunter,ATL,631,0.002466186407393799,0.03645007923930269,11.67987321711569,2023
1629632,Coby White,CHI,1118,0.0032896157573460544,0.04203935599284436,12.141323792486583,2023
1629636,Darius Garland,CLE,765,0.002531654707763707,0.047058823529411764,11.231372549019607,2023
1629637,Jaxson Hayes,LAL,165,0.002490209813866952,0.030303030303030304,12.593939393939394,2023
1629638,Nickeil Alexander-Walker,MIN,497,0.006514850239349852,0.0744466800804829,11.160965794768611,2023
1629639,Tyler Herro,MIA,680,0.0020737009944167273,0.03676470588235294,12.444117647058823,2023
1629640,Keldon Johnson,SAS,801,0.0014897137479615366,0.02247191011235955,12.268414481897628,2023
1629651,Nic Claxton,BKN,530,0.0036816108449235813,0.033962264150943396,11.839622641509434,2023
1629652,Luguentz Dort,OKC,628,0.002868050231917274,0.03343949044585987,12.323248407643312,2023
1629655,Daniel Gafford,DAL,174,0.003481740942073018,0.040229885057471264,12.879310344827585,2023
1629655,Daniel Gafford,WAS,270,0.003426747647960844,0.037037037037037035,11.951851851851853,2023
1629656,Quentin Grimes,NYK,278,0.0036532541944759196,0.046762589928057555,12.302158273381295,2023
1629659,Talen Horton-Tucker,UTA,431,0.01006030887287204,0.11832946635730858,11.712296983758701,2023
1629661,Cameron Johnson,BKN,584,0.003287303970217346,0.0410958904109589,11.777397260273972,2023
1629667,Jalen McDaniels,TOR,179,0.0020595230791336104,0.0335195530726257,11.720670391061452,2023
1629670,Jordan Nwora,TOR,205,0.001516780492863431,0.014634146341463415,12.4,2023
1629673,Jordan Poole,WAS,1129,0.0013942144823947437,0.023914968999114262,13.08237378210806,2023
1629675,Naz Reid,MIN,792,0.007135229391660385,0.06439393939393939,11.303030303030303,2023
1629677,Luka Samanic,UTA,153,0.01840174005054652,0.12418300653594772,11.372549019607844,2023
1629680,Matisse Thybulle,POR,293,0.004561025953448145,0.030716723549488054,12.06825938566553,2023
1629684,Grant Williams,CHA,265,0.0031437152336855475,0.033962264150943396,10.573584905660377,2023
1629684,Grant Williams,DAL,293,0.003294042293817137,0.03754266211604096,11.559726962457338,2023
1629723,John Konchar,MEM,185,0.0013090755079454917,0.016216216216216217,12.054054054054054,2023
1629726,Garrison Mathews,ATL,212,0.0018564246284522449,0.018867924528301886,11.235849056603774,2023
1629731,Dean Wade,CLE,215,0.0008858340500994312,0.009302325581395349,11.167441860465116,2023
1630162,Anthony Edwards,MIN,1443,0.005176008424008973,0.10187110187110188,11.795564795564795,2023
1630163,LaMelo Ball,CHA,392,0.006150237201893788,0.05612244897959184,12.303571428571429,2023
1630164,James Wiseman,DET,286,0.003979464768835085,0.04895104895104895,12.433566433566433,2023
1630165,Killian Hayes,DET,264,0.0008113824201360798,0.01893939393939394,11.208333333333334,2023
1630166,Deni Avdija,WAS,742,0.004158094932096247,0.04043126684636118,12.257412398921833,2023
1630167,Obi Toppin,IND,541,0.006341321038630539,0.05730129390018484,13.325323475046211,2023
1630168,Onyeka Okongwu,ATL,331,0.005849929018655978,0.0513595166163142,11.628398791540786,2023
1630169,Tyrese Haliburton,IND,982,0.0023852412122528244,0.03054989816700611,12.767820773930753,2023
1630170,Devin Vassell,SAS,990,0.0012666137313923596,0.011111111111111112,12.22121212121212,2023
1630171,Isaac Okoro,CLE,443,0.002825282255704316,0.03160270880361174,12.216704288939052,2023
1630172,Patrick Williams,CHI,339,0.002597346202330349,0.02064896755162242,11.185840707964601,2023
1630173,Precious Achiuwa,NYK,262,0.009234602835160085,0.05725190839694656,10.526717557251908,2023
1630174,Aaron Nesmith,IND,608,0.009361020118824394,0.08223684210526316,12.725328947368421,2023
1630175,Cole Anthony,ORL,682,0.0027316453665863936,0.04105571847507331,11.071847507331379,2023
1630178,Tyrese Maxey,PHI,1304,0.002140638020996897,0.032975460122699383,11.88420245398773,2023
1630180,Saddiq Bey,ATL,644,0.007713973330401467,0.06987577639751552,12.461180124223603,2023
1630182,Josh Green,DAL,343,0.0040224267642790445,0.04081632653061224,12.533527696793003,2023
1630183,Jaden McDaniels,MIN,594,0.0014610726334647515,0.03872053872053872,10.814814814814815,2023
1630188,Jalen Smith,IND,364,0.007920140315773164,0.06318681318681318,12.401098901098901,2023
1630191,Isaiah Stewart,DET,354,0.0044351474100835925,0.04519774011299435,11.330508474576272,2023
1630193,Immanuel Quickley,NYK,311,0.0034654362154847513,0.05144694533762058,11.369774919614148,2023
1630193,Immanuel Quickley,TOR,529,0.0016192702229597886,0.020793950850661626,13.01890359168242,2023
1630194,Paul Reed,PHI,441,0.010409246907906648,0.12471655328798185,11.08390022675737,2023
1630198,Isaiah Joe,OKC,449,0.0018949864680019176,0.0334075723830735,12.053452115812918,2023
1630200,Tre Jones,SAS,556,0.0010838064862877085,0.014388489208633094,12.598920863309353,2023
1630201,Malachi Flynn,DET,158,0.0013150417755558874,0.03164556962025317,11.873417721518987,2023
1630202,Payton Pritchard,BOS,564,0.013086460126150813,0.1099290780141844,10.960992907801419,2023
1630205,Lamar Stevens,MEM,181,0.001260417692899896,0.016574585635359115,10.94475138121547,2023
1630208,Nick Richards,CHA,347,0.006755813604278139,0.06628242074927954,11.887608069164266,2023
1630209,Omer Yurtseven,UTA,175,0.002900617014116307,0.04,11.245714285714286,2023
1630214,Xavier Tillman,MEM,195,2.6647736676110868e-05,0.005128205128205128,10.584615384615384,2023
1630215,Jared Butler,WAS,181,0.002347520878934879,0.04419889502762431,11.861878453038674,2023
1630217,Desmond Bane,MEM,735,0.0003072438143285343,0.00816326530612245,11.998639455782312,2023
1630224,Jalen Green,HOU,1248,0.007727783926136456,0.08173076923076923,11.76602564102564,2023
1630228,Jonathan Kuminga,GSW,790,0.012236927320903366,0.11012658227848102,12.121518987341773,2023
1630230,Naji Marshall,NOP,329,0.008025817560430144,0.1033434650455927,11.300911854103344,2023
1630231,KJ Martin,PHI,156,0.004268408186340427,0.038461538461538464,12.807692307692308,2023
1630241,Sam Merrill,CLE,368,0.0013090723724187338,0.01358695652173913,11.728260869565217,2023
1630245,Ayo Dosunmu,CHI,666,0.002719822715736715,0.02702702702702703,13.127627627627628,2023
1630256,Jae'Sean Tate,HOU,210,0.005344771219412227,0.06666666666666667,11.338095238095239,2023
1630527,Brandon Boston Jr.,LAC,154,0.015770432261767473,0.1038961038961039,11.051948051948052,2023
1630529,Herbert Jones,NOP,556,0.012260004191606885,0.10611510791366907,12.329136690647482,2023
1630530,Trey Murphy III,NOP,589,0.004709221122210709,0.042444821731748725,12.752122241086587,2023
1630532,Franz Wagner,ORL,1002,0.002859464596777602,0.04590818363273453,10.903193612774452,2023
1630533,Ziaire Williams,MEM,347,0.0015269996581884911,0.020172910662824207,11.893371757925072,2023
1630534,Ochai Agbaji,TOR,173,0.003993088081835988,0.046242774566473986,12.144508670520231,2023
1630534,Ochai Agbaji,UTA,233,0.006370300765432969,0.060085836909871244,12.708154506437769,2023
1630537,Chris Duarte,SAC,189,0.00704138218854917,0.08994708994708994,12.576719576719576,2023
1630538,Bones Hyland,LAC,229,0.006725042030485959,0.07423580786026202,11.43231441048035,2023
1630540,Miles McBride,NYK,405,0.00583561791696203,0.0691358024691358,10.925925925925926,2023
1630541,Moses Moody,GSW,385,0.008301000921765637,0.07272727272727272,11.771428571428572,2023
1630543,Isaiah Jackson,IND,217,0.013177934710232108,0.09216589861751152,12.612903225806452,2023
1630544,Tre Mann,CHA,252,0.0052686851321760274,0.06746031746031746,12.341269841269842,2023
1630549,Day'Ron Sharpe,BKN,277,0.003505528021377144,0.036101083032490974,11.978339350180505,2023
1630550,JT Thor,CHA,171,0.006470804152675519,0.05847953216374269,11.555555555555555,2023
1630552,Jalen Johnson,ATL,664,0.009614618173564673,0.0963855421686747,12.56777108433735,2023
1630557,Corey Kispert,WAS,746,0.0010667457386949034,0.024128686327077747,12.345844504021448,2023
1630558,Davion Mitchell,SAC,291,0.006633591482396647,0.07216494845360824,11.828178694158076,2023
1630559,Austin Reaves,LAL,862,0.001425438534766546,0.02668213457076566,11.842227378190255,2023
1630560,Cam Thomas,BKN,1111,0.0023477863701977936,0.037803780378037805,11.288928892889288,2023
1630567,Scottie Barnes,TOR,859,0.002707539124783757,0.03259604190919674,12.469150174621653,2023
1630570,Trendon Watford,BKN,291,0.005455492950831104,0.07216494845360824,11.907216494845361,2023
1630573,Sam Hauser,BOS,520,0.00447228829922522,0.04807692307692308,11.898076923076923,2023
1630577,Julian Champagnie,SAS,384,0.00257456605957984,0.0234375,12.997395833333334,2023
1630578,Alperen Sengun,HOU,913,0.006917272825701011,0.09748083242059145,10.388828039430448,2023
1630581,Josh Giddey,OKC,812,0.006688632425937779,0.07881773399014778,12.088669950738916,2023
1630583,Santi Aldama,MEM,529,0.0013292799497947635,0.01890359168241966,11.266540642722116,2023
1630590,Scotty Pippen Jr.,MEM,191,0.0019004235310476692,0.020942408376963352,12.44502617801047,2023
1630591,Jalen Suggs,ORL,653,0.004138507096221775,0.04134762633996937,12.021439509954059,2023
1630592,Jalen Wilson,BKN,160,0.0027507481868898785,0.0375,10.76875,2023
1630595,Cade Cunningham,DET,1084,0.006665933397038001,0.08118081180811808,11.540590405904059,2023
1630596,Evan Mobley,CLE,516,0.0064612613934819955,0.06395348837209303,11.15891472868217,2023
1630598,Aaron Wiggins,OKC,348,0.002995669176126321,0.034482758620689655,12.614942528735632,2023
1630625,Dalano Banton,POR,408,0.011084043915935817,0.06372549019607843,11.691176470588236,2023
1630631,Jose Alvarado,NOP,314,0.006048033681728032,0.04777070063694268,11.828025477707007,2023
1630647,Eugene Omoruyi,WAS,154,0.008498839454907274,0.08441558441558442,13.506493506493506,2023
1630692,Jordan Goodwin,MEM,170,0.00042533372545971353,0.0058823529411764705,10.617647058823529,2023
1630692,Jordan Goodwin,PHX,170,0.003181710354351299,0.047058823529411764,10.16470588235294,2023
1630699,MarJon Beauchamp,MIL,156,0.004521656184574513,0.0641025641025641,11.871794871794872,2023
1630700,Dyson Daniels,NOP,287,0.00837228438657957,0.10452961672473868,11.777003484320558,2023
1630702,Jaden Hardy,DAL,451,0.005985304690168599,0.07095343680709534,11.866962305986696,2023
1630703,Scoot Henderson,POR,739,0.004121314033487826,0.03924221921515562,11.603518267929635,2023
1631093,Jaden Ivey,DET,909,0.008445879298356263,0.07590759075907591,12.363036303630363,2023
1631094,Paolo Banchero,ORL,1300,0.009125393211258947,0.08538461538461538,11.214615384615385,2023
1631095,Jabari Smith Jr.,HOU,781,0.007166309202348673,0.08194622279129321,11.596670934699103,2023
1631096,Chet Holmgren,OKC,884,0.00978519048926992,0.06900452488687783,12.083710407239819,2023
1631097,Bennedict Mathurin,IND,618,0.015298831643965945,0.1262135922330097,12.330097087378642,2023
1631099,Keegan Murray,SAC,920,0.006863357325376086,0.07391304347826087,12.589130434782609,2023
1631101,Shaedon Sharpe,POR,393,0.004047955836961563,0.043256997455470736,12.15267175572519,2023
1631103,Malaki Branham,SAS,595,0.0005830180317225651,0.018487394957983194,12.294117647058824,2023
1631104,Blake Wesley,SAS,193,0.006225649779665484,0.05699481865284974,12.72538860103627,2023
1631105,Jalen Duren,DET,536,0.005960044362066958,0.06343283582089553,12.182835820895523,2023
1631106,Tari Eason,HOU,171,0.012863920478727753,0.17543859649122806,13.222222222222221,2023
1631107,Nikola Jovic,MIA,260,0.007131639011326226,0.06538461538461539,10.88076923076923,2023
1631108,Max Christie,LAL,219,0.004320292818189615,0.045662100456621,10.497716894977168,2023
1631110,Jeremy Sochan,SAS,711,0.002892351193563597,0.030942334739803096,11.48804500703235,2023
1631114,Jalen Williams,OKC,928,0.0063289190883868505,0.08189655172413793,12.170258620689655,2023
1631117,Walker Kessler,UTA,324,0.004205781460262928,0.046296296296296294,11.728395061728396,2023
1631119,Jaylin Williams,OKC,208,0.010102695375420903,0.0673076923076923,11.346153846153847,2023
1631121,Bryce McGowens,CHA,220,0.004959051189506119,0.07272727272727272,11.60909090909091,2023
1631124,Julian Strawther,DEN,213,0.006823743270941712,0.06572769953051644,12.230046948356808,2023
1631128,Christian Braun,DEN,447,0.0161797527910853,0.12304250559284116,12.250559284116331,2023
1631133,Jabari Walker,POR,458,0.009489286517201264,0.08733624454148471,10.941048034934498,2023
1631165,Keon Ellis,SAC,206,0.0016127194231624052,0.024271844660194174,12.237864077669903,2023
1631170,Jaime Jaquez Jr.,MIA,650,0.01376766725719245,0.12615384615384614,11.652307692307692,2023
1631200,Kris Murray,POR,335,0.0060774308716728806,0.06567164179104477,12.164179104477611,2023
1631204,Marcus Sasser,DET,473,0.0025803653515432895,0.021141649048625793,11.900634249471459,2023
1631212,Peyton Watson,DEN,403,0.015128464135820457,0.12903225806451613,11.53349875930521,2023
1631216,Caleb Houstan,ORL,195,3.79245029501519e-05,0.005128205128205128,11.635897435897435,2023
1631218,Trayce Jackson-Davis,GSW,310,0.00884577657979725,0.06774193548387097,12.603225806451613,2023
1631222,Jake LaRavia,MEM,281,0.0021800207864505015,0.03914590747330961,11.402135231316725,2023
1631223,David Roddy,MEM,362,0.001710945185340029,0.013812154696132596,11.535911602209945,2023
1631246,Vince Williams Jr.,MEM,349,0.0016103209552758067,0.011461318051575931,11.487106017191977,2023
1631260,AJ Green,MIL,177,0.0013664734401408888,0.02824858757062147,10.700564971751412,2023
1631323,Simone Fontecchio,DET,181,0.006304310641531424,0.08287292817679558,11.955801104972375,2023
1631323,Simone Fontecchio,UTA,342,0.00881406873482662,0.07309941520467836,11.774853801169591,2023
1641705,Victor Wembanyama,SAS,1111,0.00547232741829084,0.06480648064806481,12.436543654365437,2023
1641706,Brandon Miller,CHA,999,0.0035239401738358625,0.035035035035035036,11.704704704704705,2023
1641707,Taylor Hendricks,UTA,219,0.008501041135018237,0.0547945205479452,12.301369863013699,2023
1641708,Amen Thompson,HOU,415,0.015718476134660972,0.13734939759036144,13.163855421686748,2023
1641709,Ausar Thompson,DET,435,0.008436099390126121,0.06666666666666667,12.12183908045977,2023
1641710,Anthony Black,ORL,220,0.00843768840694951,0.05454545454545454,10.668181818181818,2023
1641711,Gradey Dick,TOR,413,0.0032832018787111884,0.0387409200968523,12.430992736077481,2023
1641712,Rayan Rupert,POR,152,0.009345395976592426,0.08552631578947369,12.703947368421053,2023
1641713,GG Jackson,MEM,525,0.002996776980269223,0.022857142857142857,11.15047619047619,2023
1641715,Cam Whitmore,HOU,441,0.009291927677893951,0.11337868480725624,12.941043083900226,2023
1641717,Cason Wallace,OKC,414,0.004241102499030717,0.043478260869565216,12.758454106280194,2023
1641718,Keyonte George,UTA,768,0.009819137078708238,0.0859375,11.682291666666666,2023
1641722,Jordan Hawkins,NOP,432,0.007462922175072825,0.06018518518518518,12.55787037037037,2023
1641726,Dereck Lively II,DAL,286,0.0056266139128660205,0.04895104895104895,12.395104895104895,2023
1641729,Brice Sensabaugh,UTA,201,0.0039899116721286414,0.05970149253731343,10.970149253731343,2023
1641731,Bilal Coulibaly,WAS,408,0.0028822032212185034,0.03676470588235294,12.487745098039216,2023
1641733,Nick Smith Jr.,CHA,267,0.0027932951590435243,0.0299625468164794,11.228464419475655,2023
1641739,Toumani Camara,POR,397,0.005427315010406882,0.042821158690176324,12.360201511335013,2023
1641764,Brandin Podziemski,GSW,538,0.013078713294728527,0.09293680297397769,11.58736059479554,2023
1641767,Ben Sheppard,IND,220,0.003854661362189452,0.02727272727272727,13.159090909090908,2023
1641854,Craig Porter Jr.,CLE,204,0.003261842170518403,0.049019607843137254,11.122549019607844,2023
1641871,Duop Reath,POR,471,0.005086980967745375,0.050955414012738856,10.768577494692144,2023
