TEAM_ABBREVIATION,SHOT_FAMILY,CLOCK_PHASE,POSSESSION_CONTEXT,N_SHOTS,PREMATURE,EXPOSURE_PER_SHOT,TOTAL_EXPOSURE,MEAN_SHOT_VALUE,LEAGUE_N,LEAGUE_EXPOSURE,TEAM_SHOTS,TEAM_EXPOSURE,SHOT_SHARE,EXPOSURE_SHARE,EXPECTED_TOTAL_EXPOSURE
ATL,mid-range,late (0–7),after a score,930,0.010752688172043012,0.0011708597423954598,1.0888995604277776,0.9531842848087182,37774,0.0013628006063988987,44445,279.5663750155888,0.020924738440769492,0.003894958971253463,1.267404563950976
ATL,mid-range,late (0–7),other dead ball,230,0.008695652173913044,0.0011654442314136208,0.26805217322513275,0.9359692175638914,7164,0.0014651568720382769,44445,279.5663750155888,0.005174935313308583,0.0009588140677153538,0.3369860805688037
ATL,mid-range,late (0–7),rebound push,341,0.002932551319648094,5.042074989329965e-05,0.01719347571361518,0.9323994893752615,13361,0.001897253901621738,44445,279.5663750155888,0.007672404094948813,6.150051383202455e-05,0.6469635804530126
ATL,mid-range,late (0–7),second chance,65,0.046153846153846156,0.0027257688727659332,0.17717497672978566,0.9176413354588393,2573,0.0020484346194213784,44445,279.5663750155888,0.0014624817189785129,0.0006337492365450111,0.1331482502623896
ATL,mid-range,late (0–7),turnover attack,151,0.013245033112582781,0.0011487913535324968,0.17346749438340703,0.929494413506099,5618,0.001703101156536643,44445,279.5663750155888,0.003397457531780853,0.0006204876905305023,0.2571682746370331
ATL,mid-range,middle (8–15),after a score,1719,0.09714950552646888,0.004765749134705508,8.192322762558767,0.962242319103343,59116,0.009230823245253882,44445,279.5663750155888,0.03867701653729328,0.029303677032339666,15.867785158591424
ATL,mid-range,middle (8–15),other dead ball,314,0.15605095541401273,0.008860794867918777,2.782289588526496,0.9393562412372042,11785,0.017592352363402647,44445,279.5663750155888,0.007064911688603893,0.009952161050739216,5.523998642108431
ATL,mid-range,middle (8–15),rebound push,1045,0.15023923444976076,0.006898434855181463,7.208864423664629,0.9504000632755372,34308,0.01320737556514952,44445,279.5663750155888,0.02351220609742378,0.02578587794495192,13.801707465581249
ATL,mid-range,middle (8–15),second chance,176,0.1590909090909091,0.005635306160788834,0.9918138842988349,0.9373851567029731,6250,0.01419988631121416,44445,279.5663750155888,0.003959950500618742,0.0035476866066011365,2.4991799907736922
ATL,mid-range,middle (8–15),turnover attack,428,0.1378504672897196,0.008030322485972604,3.436978023996274,0.96098656564278,12275,0.012774855296131201,44445,279.5663750155888,0.009629879626504668,0.012293960687527698,5.467638066744154
ATL,mid-range,early (16–23),after a score,193,0.21243523316062177,0.013844561988661498,2.6720004638116692,0.993423698058676,6626,0.020990360954200912,44445,279.5663750155888,0.0043424457194285076,0.009557660371933775,4.051139664160776
ATL,mid-range,early (16–23),other dead ball,156,0.4807692307692308,0.025687045450932987,4.007179090345546,0.9426720514455772,3632,0.03569070903022185,44445,279.5663750155888,0.0035099561255484304,0.014333551701709846,5.567750608714608
ATL,mid-range,early (16–23),rebound push,579,0.29360967184801384,0.014210538057051218,8.227901535032656,0.9843592754479731,18399,0.020208350650541707,44445,279.5663750155888,0.013027337158285522,0.029430941165846082,11.70063502666365
ATL,mid-range,early (16–23),second chance,214,0.5420560747663551,0.028375250205825042,6.072303544046559,0.9710828629864275,5438,0.039655743631359645,44445,279.5663750155888,0.004814939813252334,0.021720435956248185,8.486329137110964
ATL,mid-range,early (16–23),turnover attack,135,0.37777777777777777,0.024467890307864525,3.303165191561711,0.9752491844260196,3273,0.021689207581074777,44445,279.5663750155888,0.0030374620317246033,0.011815316457057915,2.928043023445095
ATL,other,late (0–7),after a score,2,1.0,0.3763392161449786,0.7526784322899572,0.2231182883758171,13,,44445,279.5663750155888,4.499943750703116e-05,0.0026923067276885047,
ATL,other,late (0–7),rebound push,1,0.0,0.0,0.0,0.8655895625997925,10,,44445,279.5663750155888,2.249971875351558e-05,0.0,
ATL,paint (non-RA),late (0–7),after a score,1014,0.11242603550295859,0.01206572660686992,12.234646779366098,0.9880055436785457,34630,0.012700564811662521,44445,279.5663750155888,0.0228147148160648,0.043762941014218494,12.878372719025796
ATL,paint (non-RA),late (0–7),other dead ball,203,0.09852216748768473,0.00804625269000085,1.6333892960701726,0.963643999656185,7248,0.010104988280229639,44445,279.5663750155888,0.004567442906963663,0.005842581376172631,2.0513126208866166
ATL,paint (non-RA),late (0–7),rebound push,299,0.14381270903010032,0.015406987758934863,4.606689339921524,0.959895996730907,11060,0.015217063988591456,44445,279.5663750155888,0.006727415907301159,0.016477980728779176,4.549902132588845
ATL,paint (non-RA),late (0–7),second chance,77,0.07792207792207792,0.006905763607791495,0.5317437977999451,1.0028904723801977,2713,0.010103361481748192,44445,279.5663750155888,0.0017324783440206997,0.0019020305920921096,0.7779588340946108
ATL,paint (non-RA),late (0–7),turnover attack,142,0.15492957746478872,0.02265181526876913,3.2165577681652167,0.9405435153720516,5206,0.015698449223662616,44445,279.5663750155888,0.0031949600629992123,0.01150552446797602,2.2291797897600913
ATL,paint (non-RA),middle (8–15),after a score,1893,0.16059165346011622,0.023733132919847848,44.92682061727198,1.0218140210519329,53931,0.02844624805676054,44445,279.5663750155888,0.042591967600405,0.1607018033365666,53.8487475714477
ATL,paint (non-RA),middle (8–15),other dead ball,309,0.19741100323624594,0.028630131008789375,8.846710481715917,0.994813208510791,9624,0.033404863515880075,44445,279.5663750155888,0.006952413094836314,0.031644401016476385,10.322102826406944
ATL,paint (non-RA),middle (8–15),rebound push,987,0.1651469098277609,0.02750540793922252,27.147837636012625,1.008719364070372,32822,0.032959406317193386,44445,279.5663750155888,0.022207222409719878,0.09710694869688404,32.53093403506987
ATL,paint (non-RA),middle (8–15),second chance,255,0.19607843137254902,0.02697628822768405,6.878953498059433,0.998749712765696,7538,0.02877018277862828,44445,279.5663750155888,0.005737428282146473,0.0246057970944319,7.336396608550212
ATL,paint (non-RA),middle (8–15),turnover attack,377,0.1856763925729443,0.030255357023904098,11.406269598011844,1.005904586460295,11228,0.03156854800129544,44445,279.5663750155888,0.008482393970075374,0.04079986227734227,11.90134259648838
ATL,paint (non-RA),early (16–23),after a score,225,0.1688888888888889,0.03358433545270337,7.5564754768582585,1.084512710076282,6380,0.03730405591916841,44445,279.5663750155888,0.005062436719541006,0.027029271586888462,8.393412581812893
ATL,paint (non-RA),early (16–23),other dead ball,74,0.2702702702702703,0.049496432483562905,3.662736003783655,1.0066793414154258,2153,0.04870651855549135,44445,279.5663750155888,0.001664979187760153,0.013101489775297256,3.60428237310636
ATL,paint (non-RA),early (16–23),rebound push,684,0.20321637426900585,0.041979730297864365,28.714135523739223,1.0447449749717823,21284,0.0405823070642736,44445,279.5663750155888,0.015389807627404658,0.10270954624689076,27.75829803196314
ATL,paint (non-RA),early (16–23),second chance,146,0.3219178082191781,0.05479980366846166,8.000771335595402,1.0613146784140948,5265,0.05486110841304818,44445,279.5663750155888,0.003284958938013275,0.02861850369218857,8.009721828305034
ATL,paint (non-RA),early (16–23),turnover attack,166,0.25903614457831325,0.035927406065909134,5.963949406940916,1.0633893978320648,4704,0.04263414850085676,44445,279.5663750155888,0.0037349533130835865,0.021332856666358258,7.077268651142223
ATL,rim,late (0–7),after a score,1256,0.009554140127388535,0.0018839335196200618,2.3662205006427977,1.3570631421556072,41090,0.003322965709581713,44445,279.5663750155888,0.02825964675441557,0.008463895203816466,4.173644931234632
ATL,rim,late (0–7),other dead ball,263,0.0,0.0,0.0,1.4269883103730192,7953,0.002359383082515829,44445,279.5663750155888,0.005917426032174598,0.0,0.620517750701663
ATL,rim,late (0–7),rebound push,492,0.014227642276422764,0.0028126880030484402,1.3838424974998327,1.3580760145504656,13518,0.003873904942650122,44445,279.5663750155888,0.011069861626729667,0.004949960442927619,1.9059612317838601
ATL,rim,late (0–7),second chance,129,0.0,0.0,0.0,1.4023357962229661,3903,0.0016886623877104521,44445,279.5663750155888,0.0029024637192035098,0.0,0.21783744801464833
ATL,rim,late (0–7),turnover attack,212,0.0047169811320754715,0.001960692106307664,0.4156667265372248,1.3827842047047265,6300,0.0027858161705283783,44445,279.5663750155888,0.004769940375745303,0.0014868266132293162,0.5905930281520162
ATL,rim,middle (8–15),after a score,2956,0.02740189445196211,0.003273879575112449,9.6775880240324,1.4249227939077693,80264,0.006276070530141061,44445,279.5663750155888,0.06650916863539205,0.034616423464705906,18.552064487096978
ATL,rim,middle (8–15),other dead ball,487,0.03285420944558522,0.0020820449875404747,1.0139559089322112,1.4549677036882434,13325,0.00717740353863139,44445,279.5663750155888,0.010957363032962087,0.0036268879219672695,3.495395523313487
ATL,rim,middle (8–15),rebound push,1685,0.048071216617210685,0.005674027445046271,9.560736244902968,1.3970630745345292,48083,0.007346732546098074,44445,279.5663750155888,0.03791202609967376,0.034198448380531654,12.379244340175255
ATL,rim,middle (8–15),second chance,1325,0.017358490566037735,0.0016789640627696495,2.2246273831697856,1.4032796034388593,36772,0.002271262334085996,44445,279.5663750155888,0.029812127348408143,0.007957421142101724,3.0094225926639444
ATL,rim,middle (8–15),turnover attack,629,0.025437201907790145,0.0030559510784805813,1.9221932283642857,1.4186708317858694,17089,0.006075804770359153,44445,279.5663750155888,0.014152323095961301,0.00687562382370592,3.8216812005559073
ATL,rim,early (16–23),after a score,583,0.04288164665523156,0.003526487260346987,2.0559420727822935,1.4680302401507364,16978,0.007446752802776915,44445,279.5663750155888,0.013117336033299584,0.007354039171082906,4.341456884018942
ATL,rim,early (16–23),other dead ball,179,0.061452513966480445,0.009695331126505835,1.7354642716445445,1.4519953922876612,4068,0.01363511546828802,44445,279.5663750155888,0.004027449656879289,0.006207700305688672,2.4406856688235554
ATL,rim,early (16–23),rebound push,2224,0.06699640287769784,0.0056993564885721775,12.675368830584523,1.4732713720531039,67256,0.007182983062180963,44445,279.5663750155888,0.05003937450781865,0.04533938972409588,15.974954330290462
ATL,rim,early (16–23),second chance,732,0.07513661202185792,0.007796766067189065,5.707232761182396,1.408558372444452,24145,0.0127614196941752,44445,279.5663750155888,0.016469794127573406,0.020414589418574235,9.341359216136246
ATL,rim,early (16–23),turnover attack,1332,0.02702702702702703,0.0030013100835472608,3.997745031284951,1.6291314759287974,39844,0.0037397852803434514,44445,279.5663750155888,0.029969625379682754,0.0142998063735742,4.981393993417477
ATL,three,late (0–7),after a score,1861,0.0,0.0,0.0,1.2684923552775915,60211,6.620861986211196e-05,44445,279.5663750155888,0.041871976600292495,0.0,0.12321424156339035
ATL,three,late (0–7),other dead ball,367,0.0,0.0,0.0,1.2602620581163617,11441,8.102951376710335e-05,44445,279.5663750155888,0.008257396782540219,0.0,0.02973783155252693
ATL,three,late (0–7),rebound push,629,0.0,0.0,0.0,1.2407416193851997,20544,8.273088640251868e-05,44445,279.5663750155888,0.014152323095961301,0.0,0.05203772754718425
ATL,three,late (0–7),second chance,140,0.0,0.0,0.0,1.2377343095101463,5203,0.00014020920454352797,44445,279.5663750155888,0.0031499606254921813,0.0,0.019629288636093915
ATL,three,late (0–7),turnover attack,238,0.0,0.0,0.0,1.2454003552831707,8394,3.886883828135605e-05,44445,279.5663750155888,0.005354933063336708,0.0,0.00925078351096274
ATL,three,middle (8–15),after a score,4225,0.0,0.0,0.0,1.2590890376634316,109627,2.727384872646845e-05,44445,279.5663750155888,0.09506131173360333,0.0,0.1152320108693292
ATL,three,middle (8–15),other dead ball,661,0.0015128593040847202,2.5330807808331816e-05,0.01674366396130733,1.2425786204535225,17995,0.000119845929478456,44445,279.5663750155888,0.0148723140960738,5.989155155148288e-05,0.07921815938525942
ATL,three,middle (8–15),rebound push,2086,0.0,0.0,0.0,1.2579076654580206,61834,1.0404584197921159e-05,44445,279.5663750155888,0.0469344133198335,0.0,0.021703962636863538
ATL,three,middle (8–15),second chance,654,0.0,0.0,0.0,1.25356281965891,19491,0.00013549020140558147,44445,279.5663750155888,0.01471481606479919,0.0,0.08861059171925029
ATL,three,middle (8–15),turnover attack,795,0.0,0.0,0.0,1.2522771557233274,22045,1.0410916405124238e-05,44445,279.5663750155888,0.017887276409044885,0.0,0.008276678542073769
ATL,three,early (16–23),after a score,848,0.0011792452830188679,4.064732466841406e-05,0.03446893131881512,1.2615481019839558,21578,0.00010644479590490595,44445,279.5663750155888,0.019079761502981213,0.0001232942671195458,0.09026518692736024
ATL,three,early (16–23),other dead ball,195,0.0,0.0,0.0,1.2419000021471478,5022,0.00031789892876931915,44445,279.5663750155888,0.004387445156935539,0.0,0.061990291110017234
ATL,three,early (16–23),rebound push,2493,0.00040112314480545525,1.905952129977588e-05,0.04751538660034127,1.2839519014574283,72214,2.1681045396897346e-05,44445,279.5663750155888,0.05609179885251434,0.00016996102123401565,0.05405084617446508
ATL,three,early (16–23),second chance,503,0.0,0.0,0.0,1.2761127358513797,13045,0.0002206650063292304,44445,279.5663750155888,0.011317358533018337,0.0,0.1109944981836029
ATL,three,early (16–23),turnover attack,736,0.001358695652173913,4.2245070955266354e-05,0.031092372223076037,1.3025366644889733,18922,1.8362996595510883e-05,44445,279.5663750155888,0.016559793002587468,0.00011121642300989275,0.01351516549429601
BKN,mid-range,late (0–7),after a score,948,0.014767932489451477,0.0011251967036585181,1.0666864750682752,0.9551992576361653,37774,0.0013628006063988987,44990,333.91629469284345,0.0210713491887086,0.0031944726628255096,1.291934974866156
BKN,mid-range,late (0–7),other dead ball,200,0.01,0.0007729856927336437,0.15459713854672874,0.9577275043303297,7164,0.0014651568720382769,44990,333.91629469284345,0.004445432318292954,0.0004629817142914113,0.29303137440765537
BKN,mid-range,late (0–7),rebound push,322,0.031055900621118012,0.001540931411537126,0.4961799145149546,0.9220271919690791,13361,0.001897253901621738,44990,333.91629469284345,0.007157146032451656,0.0014859410049796195,0.6109157563221996
BKN,mid-range,late (0–7),second chance,70,0.04285714285714286,0.0016586907936819368,0.11610835555773558,0.9639369345894281,2573,0.0020484346194213784,44990,333.91629469284345,0.001555901311402534,0.0003477169500354546,0.14339042335949648
BKN,mid-range,late (0–7),turnover attack,123,0.07317073170731707,0.006693168683744722,0.8232597481006008,0.9325402573796001,5618,0.001703101156536643,44990,333.91629469284345,0.0027339408757501666,0.0024654674275715873,0.2094814422540071
BKN,mid-range,middle (8–15),after a score,1720,0.18546511627906978,0.00795357799614744,13.680154153373596,0.9737450267333613,59116,0.009230823245253882,44990,333.91629469284345,0.03823071793731941,0.04096881275577592,15.877015981836678
BKN,mid-range,middle (8–15),other dead ball,275,0.2909090909090909,0.01840571097342474,5.061570517691803,0.937131765317621,11785,0.017592352363402647,44990,333.91629469284345,0.006112469437652812,0.015158201615610715,4.8378968999357275
BKN,mid-range,middle (8–15),rebound push,939,0.23003194888178913,0.011711242286219045,10.996856506759684,0.9563500904955529,34308,0.01320737556514952,44990,333.91629469284345,0.020871304734385417,0.032932973567148804,12.4017256556754
BKN,mid-range,middle (8–15),second chance,163,0.17791411042944785,0.0075641796334859,1.2329612802582017,0.9750407455990091,6250,0.01419988631121416,44990,333.91629469284345,0.0036230273394087576,0.003692426215355422,2.314581468727908
BKN,mid-range,middle (8–15),turnover attack,308,0.22077922077922077,0.011108475953197531,3.42141059358484,0.9593162636216269,12275,0.012774855296131201,44990,333.91629469284345,0.006845965770171149,0.01024631216853931,3.93465543120841
BKN,mid-range,early (16–23),after a score,218,0.27522935779816515,0.01923549561423096,4.193338043902349,1.001096998753415,6626,0.020990360954200912,44990,333.91629469284345,0.00484552122693932,0.012558051555284647,4.575898688015799
BKN,mid-range,early (16–23),other dead ball,107,0.5514018691588785,0.03980954863613243,4.25962170406617,0.9247987886163312,3632,0.03569070903022185,44990,333.91629469284345,0.0023783062902867306,0.012756555375605223,3.8189058662337376
BKN,mid-range,early (16–23),rebound push,552,0.2717391304347826,0.016744207824261465,9.242802718992328,1.0107365165735964,18399,0.020208350650541707,44990,333.91629469284345,0.012269393198488554,0.02767999904734934,11.155009559099023
BKN,mid-range,early (16–23),second chance,144,0.625,0.03769844384596869,5.428575913819492,0.939739214263517,5438,0.039655743631359645,44990,333.91629469284345,0.003200711269170927,0.016257295615995697,5.710427082915789
BKN,mid-range,early (16–23),turnover attack,79,0.35443037974683544,0.023763915742734124,1.8773493436759958,0.9947879809040417,3273,0.021689207581074777,44990,333.91629469284345,0.0017559457657257168,0.005622215427979926,1.7134473989049075
BKN,other,early (16–23),second chance,1,1.0,0.6273466073175005,0.6273466073175005,0.2708373760108711,5,,44990,333.91629469284345,2.222716159146477e-05,0.0018787540988215987,
BKN,paint (non-RA),late (0–7),after a score,1112,0.09082733812949641,0.01006086989321442,11.187687321254435,0.9981743304772257,34630,0.012700564811662521,44990,333.91629469284345,0.024716603689708825,0.0335044665356794,14.123028070568724
BKN,paint (non-RA),late (0–7),other dead ball,227,0.1145374449339207,0.011979866172127719,2.719429621072992,0.9783276857276051,7248,0.010104988280229639,44990,333.91629469284345,0.005045565681262503,0.008144045871060258,2.293832339612128
BKN,paint (non-RA),late (0–7),rebound push,352,0.10511363636363637,0.012542367706833356,4.414913432805341,0.9757623263407667,11060,0.015217063988591456,44990,333.91629469284345,0.007823960880195598,0.01322161722256306,5.356406523984193
BKN,paint (non-RA),late (0–7),second chance,88,0.06818181818181818,0.0053171490573050515,0.46790911704284455,1.003721715787604,2713,0.010103361481748192,44990,333.91629469284345,0.0019559902200488996,0.0014012766806521253,0.8890958103938409
BKN,paint (non-RA),late (0–7),turnover attack,162,0.10493827160493827,0.010987853612305228,1.780032285193447,0.9941505160348931,5206,0.015698449223662616,44990,333.91629469284345,0.003600800177817293,0.005330773949893128,2.5431487742333436
BKN,paint (non-RA),middle (8–15),after a score,2030,0.18817733990147784,0.027498809700198776,55.822583691403516,1.0306171376592033,53931,0.02844624805676054,44990,333.91629469284345,0.04512113803067348,0.1671753807125601,57.7458835552239
BKN,paint (non-RA),middle (8–15),other dead ball,322,0.2453416149068323,0.0429360539374636,13.82540936786328,0.983440456929973,9624,0.033404863515880075,44990,333.91629469284345,0.007157146032451656,0.04140381762615308,10.756366052113384
BKN,paint (non-RA),middle (8–15),rebound push,1161,0.1826012058570198,0.029242671484668383,33.950741593699995,1.0177309723178027,32822,0.032959406317193386,44990,333.91629469284345,0.0258057346076906,0.10167440802770633,38.26587073426152
BKN,paint (non-RA),middle (8–15),second chance,237,0.18143459915611815,0.029297957375788525,6.94361589806188,1.013617964577844,7538,0.02877018277862828,44990,333.91629469284345,0.00526783729717715,0.020794480558216068,6.818533318534903
BKN,paint (non-RA),middle (8–15),turnover attack,374,0.22727272727272727,0.03437046395864514,12.854553520533281,0.9976051821806978,11228,0.03156854800129544,44990,333.91629469284345,0.008312958435207823,0.03849633493435139,11.806636952484494
BKN,paint (non-RA),early (16–23),after a score,274,0.18613138686131386,0.03099900603152555,8.493727652638,1.0606509945531448,6380,0.03730405591916841,44990,333.91629469284345,0.006090242276061347,0.025436697123304656,10.221311321852145
BKN,paint (non-RA),early (16–23),other dead ball,96,0.25,0.042560258144113426,4.085784781834889,1.04913847030993,2153,0.04870651855549135,44990,333.91629469284345,0.002133807512780618,0.012235955078482295,4.67582578132717
BKN,paint (non-RA),early (16–23),rebound push,776,0.24355670103092783,0.04182696114756579,32.45772185051105,1.034040435675099,21284,0.0405823070642736,44990,333.91629469284345,0.017248277394976662,0.09720316847779963,31.491870281876313
BKN,paint (non-RA),early (16–23),second chance,191,0.32460732984293195,0.05701327578099172,10.889535674169418,1.0448033868917932,5265,0.05486110841304818,44990,333.91629469284345,0.004245387863969771,0.0326115731614304,10.478471706892202
BKN,paint (non-RA),early (16–23),turnover attack,158,0.3037974683544304,0.0506453287863736,8.001961948247029,1.0251715183793668,4704,0.04263414850085676,44990,333.91629469284345,0.0035118915314514337,0.023963975629304708,6.736195463135369
BKN,rim,late (0–7),after a score,1352,0.013313609467455622,0.002932467181120849,3.964695628875388,1.3169912430646038,41090,0.003322965709581713,44990,333.91629469284345,0.03005112247166037,0.011873321823130424,4.492649639354476
BKN,rim,late (0–7),other dead ball,269,0.0037174721189591076,0.0002713417341674564,0.07299092649104577,1.4089844350036214,7953,0.002359383082515829,44990,333.91629469284345,0.005979106468104023,0.0002185904900453788,0.634674049196758
BKN,rim,late (0–7),rebound push,471,0.004246284501061571,0.00017670138210528882,0.08322635097159103,1.3301329988060047,13518,0.003873904942650122,44990,333.91629469284345,0.010468993109579907,0.00024924315552838684,1.8246092279882076
BKN,rim,late (0–7),second chance,147,0.0,0.0,0.0,1.3663561457874367,3903,0.0016886623877104521,44990,333.91629469284345,0.003267392753945321,0.0,0.24823337099343645
BKN,rim,late (0–7),turnover attack,219,0.0091324200913242,0.002565386600073303,0.5618196654160533,1.3935223458458044,6300,0.0027858161705283783,44990,333.91629469284345,0.004867748388530785,0.0016825164699819436,0.6100937413457148
BKN,rim,middle (8–15),after a score,2974,0.04001344989912576,0.004459587156755482,13.262812204190803,1.39801739219949,80264,0.006276070530141061,44990,333.91629469284345,0.06610357857301623,0.039718972733543134,18.665033756639517
BKN,rim,middle (8–15),other dead ball,434,0.041474654377880185,0.006635584795906089,2.8798438014232426,1.405591736052273,13325,0.00717740353863139,44990,333.91629469284345,0.00964658813069571,0.0086244482440496,3.1149931357660234
BKN,rim,middle (8–15),rebound push,1602,0.038077403245942575,0.0041962879684654415,6.722453325481637,1.3573259892386664,48083,0.007346732546098074,44990,333.91629469284345,0.03560791286952656,0.020132151177783518,11.769465538849115
BKN,rim,middle (8–15),second chance,1251,0.015187849720223821,0.002224328897892266,2.7826354512632245,1.3896594771816753,36772,0.002271262334085996,44990,333.91629469284345,0.027806179150922428,0.008333332321571374,2.841349179941581
BKN,rim,middle (8–15),turnover attack,526,0.043726235741444866,0.005672938428941823,2.9839656136233987,1.389078775125054,17089,0.006075804770359153,44990,333.91629469284345,0.01169148699711047,0.008936268343442874,3.1958733092089147
BKN,rim,early (16–23),after a score,613,0.057096247960848286,0.004434681752710627,2.718459914411614,1.421120340739902,16978,0.007446752802776915,44990,333.91629469284345,0.013625250055567905,0.00814114182990746,4.564859468102249
BKN,rim,early (16–23),other dead ball,136,0.10294117647058823,0.013460975599779086,1.8306926815699556,1.3822402445366728,4068,0.01363511546828802,44990,333.91629469284345,0.0030228939764392086,0.005482489805578186,1.8543757036871706
BKN,rim,early (16–23),rebound push,2374,0.06318449873631002,0.004687533339574674,11.128204148150274,1.4441281745228325,67256,0.007182983062180963,44990,333.91629469284345,0.05276728161813737,0.03332632855903805,17.052401789617605
BKN,rim,early (16–23),second chance,953,0.1521511017838405,0.010829225218748932,10.320251633467732,1.3151071477593341,24145,0.0127614196941752,44990,333.91629469284345,0.021182484996665925,0.0309067026602009,12.161632968548965
BKN,rim,early (16–23),turnover attack,1215,0.027160493827160494,0.0030808745543022737,3.7432625834772626,1.590011488026047,39844,0.0037397852803434514,44990,333.91629469284345,0.027006001333629695,0.011210182440843576,4.543839115617294
BKN,three,late (0–7),after a score,2060,0.0,0.0,0.0,1.278293250876939,60211,6.620861986211196e-05,44990,333.91629469284345,0.04578795287841743,0.0,0.13638975691595062
BKN,three,late (0–7),other dead ball,375,0.0,0.0,0.0,1.2663225265468168,11441,8.102951376710335e-05,44990,333.91629469284345,0.008335185596799289,0.0,0.030386067662663756
BKN,three,late (0–7),rebound push,709,0.0,0.0,0.0,1.2411425967752217,20544,8.273088640251868e-05,44990,333.91629469284345,0.01575905756834852,0.0,0.05865619845938574
BKN,three,late (0–7),second chance,180,0.005555555555555556,0.0003997056089107856,0.0719470096039414,1.2675564826869663,5203,0.00014020920454352797,44990,333.91629469284345,0.004000889086463659,0.00021546420689089955,0.025237656817835036
BKN,three,late (0–7),turnover attack,284,0.0,0.0,0.0,1.263071244366692,8394,3.886883828135605e-05,44990,333.91629469284345,0.006312513891975994,0.0,0.011038750071905117
BKN,three,middle (8–15),after a score,3921,0.0002550369803621525,8.318479237899035e-06,0.03261675709180212,1.267560058064988,109627,2.727384872646845e-05,44990,333.91629469284345,0.08715270060013336,9.767944125579435e-05,0.1069407608564828
BKN,three,middle (8–15),other dead ball,691,0.0,0.0,0.0,1.2581841873223278,17995,0.000119845929478456,44990,333.91629469284345,0.015358968659702156,0.0,0.08281353726961309
BKN,three,middle (8–15),rebound push,2173,0.0004601932811780948,1.3540978832841877e-05,0.0294245470037654,1.2689945015961244,61834,1.0404584197921159e-05,44990,333.91629469284345,0.048299622138252944,8.811953016797785e-05,0.022609161462082677
BKN,three,middle (8–15),second chance,755,0.0,0.0,0.0,1.2733950809323977,19491,0.00013549020140558147,44990,333.91629469284345,0.016781507001555902,0.0,0.102295102061214
BKN,three,middle (8–15),turnover attack,718,0.0,0.0,0.0,1.2715209154767702,22045,1.0410916405124238e-05,44990,333.91629469284345,0.015959102022671704,0.0,0.007475037978879203
BKN,three,early (16–23),after a score,926,0.0,0.0,0.0,1.272451112823618,21578,0.00010644479590490595,44990,333.91629469284345,0.020582351633696375,0.0,0.0985678810079429
BKN,three,early (16–23),other dead ball,152,0.0,0.0,0.0,1.2603034304375538,5022,0.00031789892876931915,44990,333.91629469284345,0.003378528561902645,0.0,0.04832063717293651
BKN,three,early (16–23),rebound push,2707,0.0007388252678241596,5.635968923866507e-05,0.15256567876906635,1.2939442016659044,72214,2.1681045396897346e-05,44990,333.91629469284345,0.06016892642809513,0.0004568979747137095,0.05869058988940112
BKN,three,early (16–23),second chance,445,0.0,0.0,0.0,1.2674159514987196,13045,0.0002206650063292304,44990,333.91629469284345,0.009891086908201823,0.0,0.09819592781650753
BKN,three,early (16–23),turnover attack,629,0.0,0.0,0.0,1.3135916827909904,18922,1.8362996595510883e-05,44990,333.91629469284345,0.01398088464103134,0.0,0.011550324858576346
BOS,mid-range,late (0–7),after a score,1155,0.023376623376623377,0.0011281722589165891,1.3030389590486604,0.9484883876108687,37774,0.0013628006063988987,45160,435.0000988535044,0.02557573073516386,0.0029954911791582987,1.574034700390728
BOS,mid-range,late (0–7),other dead ball,245,0.012244897959183673,0.00010598612325894237,0.02596660019844088,0.936433470853154,7164,0.0014651568720382769,45160,435.0000988535044,0.005425155004428698,5.969332022424594e-05,0.3589634336493778
BOS,mid-range,late (0–7),rebound push,420,0.0380952380952381,0.0010547651888031717,0.4430013792973321,0.9165667520700299,13361,0.001897253901621738,45160,435.0000988535044,0.009300265721877768,0.0010183937439667624,0.7968466386811299
BOS,mid-range,late (0–7),second chance,70,0.04285714285714286,0.0032896927618462778,0.23027849332923944,0.9221274874176933,2573,0.0020484346194213784,45160,435.0000988535044,0.001550044286979628,0.0005293757264335488,0.14339042335949648
BOS,mid-range,late (0–7),turnover attack,179,0.03910614525139665,0.00199221061643763,0.35660570034233574,0.9448604566380829,5618,0.001703101156536643,45160,435.0000988535044,0.003963684676705049,0.0008197830328825519,0.30485510702005914
BOS,mid-range,middle (8–15),after a score,1964,0.24490835030549898,0.012536934924101286,24.622540190934927,0.9489988514086689,59116,0.009230823245253882,45160,435.0000988535044,0.043489813994685565,0.056603527805696184,18.129336853678623
BOS,mid-range,middle (8–15),other dead ball,375,0.3333333333333333,0.02436645057118822,9.137418964195582,0.9205219132293351,11785,0.017592352363402647,45160,435.0000988535044,0.008303808680248007,0.021005556063730467,6.5971321362759925
BOS,mid-range,middle (8–15),rebound push,1200,0.3275,0.018316594555055996,21.979913466067195,0.9395490960496194,34308,0.01320737556514952,45160,435.0000988535044,0.026572187776793623,0.05052852522102392,15.848850678179424
BOS,mid-range,middle (8–15),second chance,195,0.31794871794871793,0.020349187984097305,3.9680916568989746,0.9280389838984813,6250,0.01419988631121416,45160,435.0000988535044,0.004317980513728964,0.009122047712994462,2.768977830686761
BOS,mid-range,middle (8–15),turnover attack,422,0.2890995260663507,0.01970431155217181,8.315219475016503,0.9343841580612695,12275,0.012774855296131201,45160,435.0000988535044,0.009344552701505757,0.019115442725029887,5.390988934967367
BOS,mid-range,early (16–23),after a score,166,0.42168674698795183,0.0434879639738984,7.219002019667134,0.9705404063758369,6626,0.020990360954200912,45160,435.0000988535044,0.0036758193091231176,0.016595403170467524,3.4843999183973513
BOS,mid-range,early (16–23),other dead ball,130,0.7538461538461538,0.05665165921648931,7.364715698143611,0.9076576568016503,3632,0.03569070903022185,45160,435.0000988535044,0.002878653675819309,0.01693037706785404,4.63979217392884
BOS,mid-range,early (16–23),rebound push,612,0.4019607843137255,0.027298315560609843,16.706569123093225,0.977553966956642,18399,0.020208350650541707,45160,435.0000988535044,0.013551815766164748,0.038405897302380886,12.367510598131524
BOS,mid-range,early (16–23),second chance,201,0.6467661691542289,0.04943740884172782,9.936919177187292,0.9616004048696036,5438,0.039655743631359645,45160,435.0000988535044,0.004450841452612932,0.022843487170180532,7.970804469903289
BOS,mid-range,early (16–23),turnover attack,108,0.37962962962962965,0.02825547182286809,3.0515909568697537,0.9918356516364513,3273,0.021689207581074777,45160,435.0000988535044,0.002391496899911426,0.0070151500307990555,2.342434418756076
BOS,other,early (16–23),rebound push,1,1.0,0.7526887715125521,0.7526887715125521,0.2231182883758171,3,,45160,435.0000988535044,2.2143489813994687e-05,0.0017303186217574541,
BOS,paint (non-RA),late (0–7),after a score,1123,0.10863757791629564,0.01272838944665058,14.293981348588602,0.9907727512114861,34630,0.012700564811662521,45160,435.0000988535044,0.024867139061116032,0.03285971977078195,14.26273428349701
BOS,paint (non-RA),late (0–7),other dead ball,253,0.09486166007905138,0.012115656912267523,3.0652611988036833,0.9692845228061516,7248,0.010104988280229639,45160,435.0000988535044,0.005602302922940655,0.007046575867183827,2.5565620348980986
BOS,paint (non-RA),late (0–7),rebound push,356,0.13202247191011235,0.018210561443737453,6.482959873970533,0.9637845488723494,11060,0.015217063988591456,45160,435.0000988535044,0.007883082373782107,0.014903352645337693,5.417274779938558
BOS,paint (non-RA),late (0–7),second chance,95,0.06315789473684211,0.006113637072383711,0.5807955218764526,1.0061327550610173,2713,0.010103361481748192,45160,435.0000988535044,0.002103631532329495,0.001335161815841444,0.9598193407660782
BOS,paint (non-RA),late (0–7),turnover attack,176,0.1590909090909091,0.014900219447092515,2.6224386226882825,0.9648530520170091,5206,0.015698449223662616,45160,435.0000988535044,0.0038972542072630645,0.006028593164921199,2.7629270633646206
BOS,paint (non-RA),middle (8–15),after a score,1655,0.2175226586102719,0.033879176135824474,56.0700365047895,1.0031450819911658,53931,0.02844624805676054,45160,435.0000988535044,0.036647475642161205,0.12889660635151323,47.07854053393869
BOS,paint (non-RA),middle (8–15),other dead ball,310,0.2064516129032258,0.04140082038749541,12.834254320123577,0.9871563989001098,9624,0.033404863515880075,45160,435.0000988535044,0.006864481842338352,0.029504026215051014,10.355507689922824
BOS,paint (non-RA),middle (8–15),rebound push,1129,0.20726306465899025,0.03574816257651422,40.35967554888455,0.998961932670045,32822,0.032959406317193386,45160,435.0000988535044,0.025,0.09278084224637506,37.21116973211133
BOS,paint (non-RA),middle (8–15),second chance,254,0.2204724409448819,0.03064082400044705,7.782769296113551,1.0074883050342747,7538,0.02877018277862828,45160,435.0000988535044,0.00562444641275465,0.01789141960341155,7.307626425771583
BOS,paint (non-RA),middle (8–15),turnover attack,389,0.2416452442159383,0.038123662691253876,14.830104786897758,0.9925247051246185,11228,0.03156854800129544,45160,435.0000988535044,0.008613817537643932,0.03409218716497835,12.280165172503926
BOS,paint (non-RA),early (16–23),after a score,159,0.2389937106918239,0.04126663427253643,6.561394849333292,1.0576877460029794,6380,0.03730405591916841,45160,435.0000988535044,0.003520814880425155,0.01508366289255254,5.931344891147777
BOS,paint (non-RA),early (16–23),other dead ball,75,0.32,0.06964209904480832,5.223157428360624,0.9881094251262245,2153,0.04870651855549135,45160,435.0000988535044,0.0016607617360496014,0.01200725572735935,3.6529888916618516
BOS,paint (non-RA),early (16–23),rebound push,699,0.30758226037195996,0.05078393425391531,35.4979700434868,1.022713071679297,21284,0.0405823070642736,45160,435.0000988535044,0.015478299379982284,0.08160451029102295,28.367032637927245
BOS,paint (non-RA),early (16–23),second chance,173,0.3699421965317919,0.06724842942723698,11.633978290911998,1.0249965660291873,5265,0.05486110841304818,45160,435.0000988535044,0.0038308237378210804,0.026744771602523216,9.490971755457334
BOS,paint (non-RA),early (16–23),turnover attack,180,0.35,0.0529935378453484,9.538836812162712,1.0494000476913579,4704,0.04263414850085676,45160,435.0000988535044,0.003985828166519044,0.021928355504523964,7.674146730154217
BOS,rim,late (0–7),after a score,1279,0.0109460516028147,0.002639838585960239,3.3763535514431453,1.3316302001955909,41090,0.003322965709581713,45160,435.0000988535044,0.0283215234720992,0.007761730538319267,4.250073142555011
BOS,rim,late (0–7),other dead ball,278,0.007194244604316547,0.0008530575364342962,0.23714999512873436,1.329003296676217,7953,0.002359383082515829,45160,435.0000988535044,0.006155890168290523,0.0005451722787046991,0.6559084969394005
BOS,rim,late (0–7),rebound push,429,0.03496503496503497,0.005952466946699045,2.55360832013389,1.3083616749753717,13518,0.003873904942650122,45160,435.0000988535044,0.00949955713020372,0.005870362620294191,1.6619052203969025
BOS,rim,late (0–7),second chance,118,0.025423728813559324,0.007918647849003719,0.9344004461824388,1.3196132765793427,3903,0.0016886623877104521,45160,435.0000988535044,0.002612931798051373,0.002148046514575892,0.19926216174983336
BOS,rim,late (0–7),turnover attack,187,0.016042780748663103,0.001674964205890243,0.3132183065014754,1.3494543847991638,6300,0.0027858161705283783,45160,435.0000988535044,0.004140832595217006,0.0007200419202823178,0.5209476238888068
BOS,rim,middle (8–15),after a score,2528,0.05933544303797468,0.00892401406414219,22.559907554151458,1.3828262809390637,80264,0.006276070530141061,45160,435.0000988535044,0.055978742249778564,0.05186184466075027,15.865906300196603
BOS,rim,middle (8–15),other dead ball,455,0.054945054945054944,0.006627131238579029,3.015344713553458,1.379510585170111,13325,0.00717740353863139,45160,435.0000988535044,0.010075287865367582,0.006931825352455701,3.2657186100772826
BOS,rim,middle (8–15),rebound push,1586,0.06809583858764187,0.007583721682839637,12.027782588983664,1.3597605683788392,48083,0.007346732546098074,45160,435.0000988535044,0.035119574844995574,0.027650068633741337,11.651917818111546
BOS,rim,middle (8–15),second chance,1185,0.03291139240506329,0.0037066905017253435,4.392428244544532,1.3689584206705263,36772,0.002271262334085996,45160,435.0000988535044,0.026240035429583704,0.010097533899696368,2.691445865891905
BOS,rim,middle (8–15),turnover attack,590,0.061016949152542375,0.006823238335481565,4.0257106179341235,1.4040346009052744,17089,0.006075804770359153,45160,435.0000988535044,0.013064658990256864,0.0092545050645836,3.5847248145119
BOS,rim,early (16–23),after a score,472,0.09322033898305085,0.007374075166619286,3.480563478644303,1.4120445428521944,16978,0.007446752802776915,45160,435.0000988535044,0.010451727192205492,0.008001293534915856,3.514867322910704
BOS,rim,early (16–23),other dead ball,124,0.12903225806451613,0.010563517095269072,1.3098761198133648,1.3542507315644787,4068,0.01363511546828802,45160,435.0000988535044,0.002745792736935341,0.0030112087865398246,1.6907543180677145
BOS,rim,early (16–23),rebound push,2174,0.09107635694572216,0.007074079920904376,15.379049748046112,1.4364547126752585,67256,0.007182983062180963,45160,435.0000988535044,0.04813994685562445,0.03535412931762422,15.615805177181414
BOS,rim,early (16–23),second chance,820,0.14390243902439023,0.01592595568382332,13.05928366073512,1.3364924969313268,24145,0.0127614196941752,45160,435.0000988535044,0.01815766164747564,0.030021334926484955,10.464364149223664
BOS,rim,early (16–23),turnover attack,1481,0.05064145847400405,0.003379666537737389,5.005286142389073,1.613394685716277,39844,0.0037397852803434514,45160,435.0000988535044,0.03279450841452613,0.011506402310208922,5.538622000188652
BOS,three,late (0–7),after a score,2110,0.0009478672985781991,0.00010618102366274,0.22404195992838138,1.2662716101791969,60211,6.620861986211196e-05,45160,435.0000988535044,0.04672276350752878,0.0005150388712988139,0.13970018790905622
BOS,three,late (0–7),other dead ball,414,0.0,0.0,0.0,1.2504834914458085,11441,8.102951376710335e-05,45160,435.0000988535044,0.0091674047829938,0.0,0.033546218699580785
BOS,three,late (0–7),rebound push,750,0.0,0.0,0.0,1.2409928184164514,20544,8.273088640251868e-05,45160,435.0000988535044,0.016607617360496013,0.0,0.06204816480188901
BOS,three,late (0–7),second chance,194,0.005154639175257732,0.0005018677599280312,0.09736234542603805,1.2411417274542145,5203,0.00014020920454352797,45160,435.0000988535044,0.004295837023914969,0.00022382143287472426,0.027200585681444428
BOS,three,late (0–7),turnover attack,282,0.0,0.0,0.0,1.2562686691787932,8394,3.886883828135605e-05,45160,435.0000988535044,0.006244464127546501,0.0,0.010961012395342406
BOS,three,middle (8–15),after a score,4183,0.0002390628735357399,3.4292058065364952e-06,0.01434436788874216,1.256376724231998,109627,2.727384872646845e-05,45160,435.0000988535044,0.09262621789193977,3.2975550871249185e-05,0.11408650922281753
BOS,three,middle (8–15),other dead ball,653,0.0,0.0,0.0,1.236689839564747,17995,0.000119845929478456,45160,435.0000988535044,0.01445969884853853,0.0,0.07825939194943177
BOS,three,middle (8–15),rebound push,2321,0.0,0.0,0.0,1.2585581017563785,61834,1.0404584197921159e-05,45160,435.0000988535044,0.051395039858281664,0.0,0.02414903992337501
BOS,three,middle (8–15),second chance,724,0.0027624309392265192,0.00018211151241029453,0.13184873498505323,1.253639431929911,19491,0.00013549020140558147,45160,435.0000988535044,0.016031886625332153,0.0003031004713161137,0.09809490581764098
BOS,three,middle (8–15),turnover attack,816,0.0,0.0,0.0,1.2495329000080662,22045,1.0410916405124238e-05,45160,435.0000988535044,0.018069087688219663,0.0,0.008495307786581379
BOS,three,early (16–23),after a score,666,0.0045045045045045045,8.517577469192978e-05,0.05672706594482524,1.2543256262179434,21578,0.00010644479590490595,45160,435.0000988535044,0.014747564216120461,0.0001304070185141022,0.07089223407266736
BOS,three,early (16–23),other dead ball,149,0.0,0.0,0.0,1.255662591849624,5022,0.00031789892876931915,45160,435.0000988535044,0.0032993799822852083,0.0,0.04736694038662855
BOS,three,early (16–23),rebound push,2516,0.000794912559618442,5.817095529347543e-06,0.014635812351838418,1.2836833065649442,72214,2.1681045396897346e-05,45160,435.0000988535044,0.055713020372010626,3.364553799048064e-05,0.05454951021859372
BOS,three,early (16–23),second chance,575,0.0,0.0,0.0,1.2693742107213022,13045,0.0002206650063292304,45160,435.0000988535044,0.012732506643046945,0.0,0.12688237863930749
BOS,three,early (16–23),turnover attack,632,0.0,0.0,0.0,1.3010770760101604,18922,1.8362996595510883e-05,45160,435.0000988535044,0.013994685562444641,0.0,0.011605413848362878
CHA,mid-range,late (0–7),after a score,1168,0.017123287671232876,0.001287542269716106,1.5038493710284118,0.9259496827661433,37774,0.0013628006063988987,43945,404.60638680592314,0.026578677892820573,0.0037168206436389265,1.5917511082739138
CHA,mid-range,late (0–7),other dead ball,200,0.045,0.0033262582723646355,0.6652516544729271,0.9052954365536773,7164,0.0014651568720382769,43945,404.60638680592314,0.004551143474798043,0.0016441946448858883,0.29303137440765537
CHA,mid-range,late (0–7),rebound push,367,0.03814713896457766,0.0027729688352433877,1.0176795625343233,0.8900633549041579,13361,0.001897253901621738,43945,404.60638680592314,0.00835134827625441,0.002515233559628588,0.6962921818951778
CHA,mid-range,late (0–7),second chance,70,0.02857142857142857,0.004189740291172189,0.2932818203820532,0.9034634511105946,2573,0.0020484346194213784,43945,404.60638680592314,0.001592900216179315,0.0007248571202676817,0.14339042335949648
CHA,mid-range,late (0–7),turnover attack,156,0.05128205128205128,0.0016768367495216447,0.2615865329253766,0.9109528788372574,5618,0.001703101156536643,43945,404.60638680592314,0.0035498919103424736,0.0006465210176003755,0.2656837804197163
CHA,mid-range,middle (8–15),after a score,1699,0.23837551500882873,0.011506619956115651,19.54974730544049,0.9285077082269279,59116,0.009230823245253882,43945,404.60638680592314,0.038661963818409376,0.04831794045509688,15.683168693686346
CHA,mid-range,middle (8–15),other dead ball,339,0.40117994100294985,0.0257428984430827,8.726842572205035,0.9001081236131745,11785,0.017592352363402647,43945,404.60638680592314,0.007714188189782683,0.02156872174237582,5.963807451193497
CHA,mid-range,middle (8–15),rebound push,1097,0.31722880583409296,0.017737648206529063,19.45820008256238,0.920948740667262,34308,0.01320737556514952,43945,404.60638680592314,0.024963021959267265,0.0480916780285425,14.488490994969023
CHA,mid-range,middle (8–15),second chance,188,0.31382978723404253,0.018583404765021957,3.493680095824128,0.911965893725326,6250,0.01419988631121416,43945,404.60638680592314,0.0042780748663101605,0.008634762598297627,2.669578626508262
CHA,mid-range,middle (8–15),turnover attack,388,0.3015463917525773,0.017045498743999073,6.6136535126716405,0.9147001105799397,12275,0.012774855296131201,43945,404.60638680592314,0.008829218341108204,0.01634589499409954,4.956643854898906
CHA,mid-range,early (16–23),after a score,148,0.31756756756756754,0.02106110205799678,3.1170431045835234,0.959363377532968,6626,0.020990360954200912,43945,404.60638680592314,0.0033678461713505517,0.007703890018124381,3.106573421221735
CHA,mid-range,early (16–23),other dead ball,104,0.49038461538461536,0.030598114240709653,3.182203881033804,0.9418158289417897,3632,0.03569070903022185,43945,404.60638680592314,0.0023665946068949823,0.007864937343562514,3.711833739143072
CHA,mid-range,early (16–23),rebound push,573,0.387434554973822,0.02393828342653421,13.716636403404102,0.9583674927861398,18399,0.020208350650541707,43945,404.60638680592314,0.013039026055296393,0.03390118606798844,11.579384922760399
CHA,mid-range,early (16–23),second chance,167,0.7125748502994012,0.04072511706085596,6.801094549162945,0.9352223508050317,5438,0.039655743631359645,43945,404.60638680592314,0.003800204801456366,0.01680916261073559,6.62250918643706
CHA,mid-range,early (16–23),turnover attack,85,0.4588235294117647,0.025520493947080024,2.169241985501802,0.9677917610420594,3273,0.021689207581074777,43945,404.60638680592314,0.0019342359767891683,0.005361363676501524,1.843582644391356
CHA,other,late (0–7),rebound push,2,1.0,0.4331168941751549,0.8662337883503098,0.2231182883758171,10,,43945,404.60638680592314,4.551143474798043e-05,0.0021409295962641706,
CHA,paint (non-RA),late (0–7),after a score,1149,0.1514360313315927,0.014945279435644455,17.17212607155548,0.959592123377639,34630,0.012700564811662521,43945,404.60638680592314,0.026146319262714757,0.04244155957872312,14.592948968600236
CHA,paint (non-RA),late (0–7),other dead ball,244,0.09016393442622951,0.009217454462743175,2.249058888909335,0.9693408899185962,7248,0.010104988280229639,43945,404.60638680592314,0.005552395039253612,0.005558634174472725,2.4656171403760316
CHA,paint (non-RA),late (0–7),rebound push,319,0.16927899686520376,0.014050626283333152,4.482149784383275,0.9645268324420895,11060,0.015217063988591456,43945,404.60638680592314,0.007259073842302879,0.011077802848755378,4.854243412360675
CHA,paint (non-RA),late (0–7),second chance,88,0.10227272727272728,0.0061734095653826065,0.5432600417536694,0.9739826512352149,2713,0.010103361481748192,43945,404.60638680592314,0.002002503128911139,0.0013426877564694845,0.8890958103938409
CHA,paint (non-RA),late (0–7),turnover attack,179,0.1564245810055866,0.016685144544733545,2.9866408735073047,0.9550702173459287,5206,0.015698449223662616,43945,404.60638680592314,0.004073273409944248,0.007381595968083177,2.8100224110356082
CHA,paint (non-RA),middle (8–15),after a score,1728,0.2326388888888889,0.03362903554947219,58.11097342948794,0.9906207685918703,53931,0.02844624805676054,43945,404.60638680592314,0.03932187962225509,0.14362347042574475,49.15511664208221
CHA,paint (non-RA),middle (8–15),other dead ball,286,0.2692307692307692,0.040054039473091,11.455455289304025,0.9614066866580767,9624,0.033404863515880075,43945,404.60638680592314,0.006508135168961202,0.028312591355110873,9.553790965541701
CHA,paint (non-RA),middle (8–15),rebound push,1053,0.2896486229819563,0.04954207138647534,52.16780116995853,0.9637539266276991,32822,0.032959406317193386,43945,404.60638680592314,0.023961770394811698,0.12893469522759107,34.70625485200463
CHA,paint (non-RA),middle (8–15),second chance,216,0.21296296296296297,0.0239627091208867,5.175945170111527,1.0068701523370251,7538,0.02877018277862828,43945,404.60638680592314,0.0049152349527818865,0.012792544405865407,6.214359480183709
CHA,paint (non-RA),middle (8–15),turnover attack,362,0.2955801104972376,0.043317636510810484,15.680984416913395,0.9661937709358867,11228,0.03156854800129544,43945,404.60638680592314,0.008237569689384458,0.03875614653714072,11.427814376468948
CHA,paint (non-RA),early (16–23),after a score,150,0.37333333333333335,0.05909644229629062,8.864466344443594,0.995450607288797,6380,0.03730405591916841,43945,404.60638680592314,0.003413357606098532,0.021908864104746812,5.595608387875261
CHA,paint (non-RA),early (16–23),other dead ball,54,0.35185185185185186,0.0585327382477952,3.160767865380941,0.9990134432254071,2153,0.04870651855549135,43945,404.60638680592314,0.0012288087381954716,0.00781195741948844,2.630152001996533
CHA,paint (non-RA),early (16–23),rebound push,664,0.27259036144578314,0.044481165201603105,29.53549369386446,1.0176684367908095,21284,0.0405823070642736,43945,404.60638680592314,0.015109796336329502,0.07299809063081275,26.946651890677668
CHA,paint (non-RA),early (16–23),second chance,142,0.38028169014084506,0.05466896431180907,7.762992932276888,1.0355156244442476,5265,0.05486110841304818,43945,404.60638680592314,0.0032313118671066106,0.01918653087401843,7.790277394652842
CHA,paint (non-RA),early (16–23),turnover attack,123,0.2845528455284553,0.047723506992475746,5.869991360074517,1.0474345227006396,4704,0.04263414850085676,43945,404.60638680592314,0.0027989532370007964,0.01450790583513494,5.244000265605382
CHA,rim,late (0–7),after a score,1477,0.021665538253215978,0.003451395820597087,5.097711627021898,1.3066040762620896,41090,0.003322965709581713,43945,404.60638680592314,0.03361019456138355,0.012599187242852666,4.90802035305219
CHA,rim,late (0–7),other dead ball,272,0.011029411764705883,0.0017088631047545693,0.4648107644932429,1.296321095727021,7953,0.002359383082515829,43945,404.60638680592314,0.006189555125725338,0.0011487973982877285,0.6417521984443054
CHA,rim,late (0–7),rebound push,411,0.0340632603406326,0.007694099534944239,3.1622749088620825,1.273657350898937,13518,0.003873904942650122,43945,404.60638680592314,0.009352599840709979,0.007815682134496125,1.5921749314292002
CHA,rim,late (0–7),second chance,128,0.0234375,0.0006430789619253354,0.08231410712644294,1.2907497441745928,3903,0.0016886623877104521,43945,404.60638680592314,0.0029127318238707477,0.00020344243148570564,0.21614878562693787
CHA,rim,late (0–7),turnover attack,210,0.023809523809523808,0.00471864506752908,0.9909154641811068,1.3183326941481388,6300,0.0027858161705283783,43945,404.60638680592314,0.004778700648537945,0.002449085077484003,0.5850213958109595
CHA,rim,middle (8–15),after a score,2774,0.0555155010814708,0.006338691233839792,17.583529482671583,1.3458258759517008,80264,0.006276070530141061,43945,404.60638680592314,0.06312435999544885,0.043458358681584146,17.409819650611304
CHA,rim,middle (8–15),other dead ball,504,0.06547619047619048,0.009582008850464598,4.829332460634157,1.3715449696967044,13325,0.00717740353863139,43945,404.60638680592314,0.011468881556491069,0.011935877974537844,3.6174113834702206
CHA,rim,middle (8–15),rebound push,1771,0.07114624505928854,0.007811994691787554,13.83504259915576,1.3180407538058032,48083,0.007346732546098074,43945,404.60638680592314,0.04030037546933667,0.03419383146265556,13.011063339139689
CHA,rim,middle (8–15),second chance,1163,0.029234737747205503,0.0031155896804015964,3.6234307983070564,1.3637761545226283,36772,0.002271262334085996,43945,404.60638680592314,0.02646489930595062,0.0089554463707591,2.641478094542013
CHA,rim,middle (8–15),turnover attack,622,0.04823151125401929,0.003983806085743008,2.477927385332151,1.3803609474470167,17089,0.006075804770359153,43945,404.60638680592314,0.014154056206621914,0.006124291326426179,3.779150567163393
CHA,rim,early (16–23),after a score,449,0.08685968819599109,0.006487151615923768,2.9127310755497717,1.397196493539812,16978,0.007446752802776915,43945,404.60638680592314,0.010217317100921606,0.00719892510482519,3.343592008446835
CHA,rim,early (16–23),other dead ball,108,0.12962962962962962,0.006803056446416696,0.7347300962130032,1.3343532813472512,4068,0.01363511546828802,43945,404.60638680592314,0.0024576174763909432,0.0018159132435183974,1.4725924705751061
CHA,rim,early (16–23),rebound push,2365,0.0985200845665962,0.007659977992221846,18.115847951604664,1.3902391944587387,67256,0.007182983062180963,43945,404.60638680592314,0.05381727158948686,0.04477400392667124,16.98775494205798
CHA,rim,early (16–23),second chance,670,0.11044776119402985,0.011961059282384631,8.013909719197702,1.3514803928719132,24145,0.0127614196941752,43945,404.60638680592314,0.015246330640573444,0.019806681210501307,8.550151195097383
CHA,rim,early (16–23),turnover attack,1241,0.041901692183722805,0.0040192527147831425,4.98789261904588,1.5575424782007343,39844,0.0037397852803434514,43945,404.60638680592314,0.028239845261121856,0.012327765407812047,4.641073532906224
CHA,three,late (0–7),after a score,2107,0.00047460844803037496,7.134306755856294e-05,0.1503198433458921,1.2632173265717581,60211,6.620861986211196e-05,43945,404.60638680592314,0.04794629650699738,0.0003715211826796886,0.1395015620494699
CHA,three,late (0–7),other dead ball,382,0.0,0.0,0.0,1.2512528447245204,11441,8.102951376710335e-05,43945,404.60638680592314,0.008692684036864263,0.0,0.030953274259033478
CHA,three,late (0–7),rebound push,700,0.005714285714285714,0.0008517780536892166,0.5962446375824516,1.2254829196192378,20544,8.273088640251868e-05,43945,404.60638680592314,0.01592900216179315,0.0014736411906133633,0.05791162048176307
CHA,three,late (0–7),second chance,186,0.0,0.0,0.0,1.231644470639895,5203,0.00014020920454352797,43945,404.60638680592314,0.00423256343156218,0.0,0.026078912045096204
CHA,three,late (0–7),turnover attack,309,0.0,0.0,0.0,1.2547302553560715,8394,3.886883828135605e-05,43945,404.60638680592314,0.0070315166685629765,0.0,0.01201047102893902
CHA,three,middle (8–15),after a score,3904,0.0007684426229508197,2.4873498461989035e-05,0.09710613799560519,1.2558198381783183,109627,2.727384872646845e-05,43945,404.60638680592314,0.0888383206280578,0.00024000149568124322,0.10647710542813282
CHA,three,middle (8–15),other dead ball,572,0.0,0.0,0.0,1.2335883513545254,17995,0.000119845929478456,43945,404.60638680592314,0.013016270337922404,0.0,0.06855187166167682
CHA,three,middle (8–15),rebound push,2167,0.0,0.0,0.0,1.2511228676404003,61834,1.0404584197921159e-05,43945,404.60638680592314,0.0493116395494368,0.0,0.022546733956895153
CHA,three,middle (8–15),second chance,799,0.0012515644555694619,0.00013283268792861763,0.10613331765496548,1.2666366385115273,19491,0.00013549020140558147,43945,404.60638680592314,0.01818181818181818,0.00026231251190277,0.10825667092305959
CHA,three,middle (8–15),turnover attack,832,0.0,0.0,0.0,1.2482290021178801,22045,1.0410916405124238e-05,43945,404.60638680592314,0.018932756855159858,0.0,0.008661882449063366
CHA,three,early (16–23),after a score,649,0.0030816640986132513,0.00013844107232599662,0.0898482559395718,1.2639932571833816,21578,0.00010644479590490595,43945,404.60638680592314,0.01476846057571965,0.00022206336545712798,0.06908267254228397
CHA,three,early (16–23),other dead ball,199,0.0,0.0,0.0,1.2491019201783269,5022,0.00031789892876931915,43945,404.60638680592314,0.004528387757424053,0.0,0.06326188682509451
CHA,three,early (16–23),rebound push,2352,0.0,0.0,0.0,1.2752394063681696,72214,2.1681045396897346e-05,43945,404.60638680592314,0.05352144726362498,0.0,0.05099381877350256
CHA,three,early (16–23),second chance,539,0.0,0.0,0.0,1.2759710554066,13045,0.0002206650063292304,43945,404.60638680592314,0.012265331664580726,0.0,0.11893843841145518
CHA,three,early (16–23),turnover attack,575,0.0,0.0,0.0,1.3001770633378222,18922,1.8362996595510883e-05,43945,404.60638680592314,0.013084537490044373,0.0,0.010558723042418759
CHI,mid-range,late (0–7),after a score,1523,0.021011162179908074,0.0013275654674627416,2.0218822069457554,0.9272993811751127,37774,0.0013628006063988987,44265,397.2093531078588,0.03440641590421326,0.005090218020109739,2.075545323545523
CHI,mid-range,late (0–7),other dead ball,208,0.014423076923076924,0.00016886620605703083,0.035124170859862414,0.9346934820445768,7164,0.0014651568720382769,44265,397.2093531078588,0.004698972099853157,8.842735092978725e-05,0.3047526293839616
CHI,mid-range,late (0–7),rebound push,508,0.027559055118110236,0.0012505264695266266,0.6352674465195264,0.8963845379839417,13361,0.001897253901621738,44265,397.2093531078588,0.011476335705410595,0.0015993265051516168,0.9638049820238429
CHI,mid-range,late (0–7),second chance,94,0.06382978723404255,0.003233104458283933,0.3039118190786897,0.9247069568235217,2573,0.0020484346194213784,44265,397.2093531078588,0.0021235739297413305,0.00076511747948736,0.19255285422560955
CHI,mid-range,late (0–7),turnover attack,192,0.020833333333333332,0.001691918275222922,0.324848308842801,0.9148015428254151,5618,0.001703101156536643,44265,397.2093531078588,0.0043375127075567605,0.0008178264340985727,0.32699542205503546
CHI,mid-range,middle (8–15),after a score,2295,0.21089324618736383,0.009270232746571822,21.27518415338233,0.9347272243785498,59116,0.009230823245253882,44265,397.2093531078588,0.0518468315825144,0.053561639440059296,21.18473934785766
CHI,mid-range,middle (8–15),other dead ball,413,0.324455205811138,0.018522390093574172,7.6497471086461335,0.9041466802321286,11785,0.017592352363402647,44265,397.2093531078588,0.00933017056365074,0.019258728549045295,7.265641526085293
CHI,mid-range,middle (8–15),rebound push,1439,0.31549687282835304,0.013787712945644178,19.84051892878197,0.9215444359461002,34308,0.01320737556514952,44265,397.2093531078588,0.03250875409465718,0.04994977780242362,19.00541343825016
CHI,mid-range,middle (8–15),second chance,210,0.30952380952380953,0.014596454351628966,3.065255413842083,0.9211838117754525,6250,0.01419988631121416,44265,397.2093531078588,0.004744154523890207,0.007716976928813,2.981976125354974
CHI,mid-range,middle (8–15),turnover attack,434,0.27419354838709675,0.014311856162768886,6.211345574641697,0.9274918147837677,12275,0.012774855296131201,44265,397.2093531078588,0.00980458601603976,0.015637460513058612,5.544287198520942
CHI,mid-range,early (16–23),after a score,251,0.4342629482071713,0.02372704311083864,5.955487820820498,0.95316200765477,6626,0.020990360954200912,44265,397.2093531078588,0.005670394216649723,0.014993322222206928,5.268580599504429
CHI,mid-range,early (16–23),other dead ball,101,0.5544554455445545,0.03522270940486811,3.5574936498916787,0.9162753458886306,3632,0.03569070903022185,44265,397.2093531078588,0.0022817124138710043,0.008956218231159505,3.6047616120524064
CHI,mid-range,early (16–23),rebound push,789,0.43346007604562736,0.026541987436767694,20.94162808760971,0.9512600312409923,18399,0.020208350650541707,44265,397.2093531078588,0.017824466282616063,0.05272189066988861,15.944388663277406
CHI,mid-range,early (16–23),second chance,233,0.7167381974248928,0.04735496111796012,11.033705940484708,0.9313644379040337,5438,0.039655743631359645,44265,397.2093531078588,0.005263752400316277,0.02777806175548087,9.239788266106798
CHI,mid-range,early (16–23),turnover attack,102,0.5392156862745098,0.027230182068088794,2.777478570945057,0.9511761962364923,3273,0.021689207581074777,44265,397.2093531078588,0.002304303625889529,0.00699248028580751,2.2122991732696273
CHI,other,late (0–7),after a score,1,1.0,0.3768817116241829,0.3768817116241829,0.2231182883758171,13,,44265,397.2093531078588,2.2591212018524794e-05,0.0009488238599503569,
CHI,paint (non-RA),late (0–7),after a score,1154,0.11351819757365685,0.012203124568717328,14.082405752299795,1.0075526380016238,34630,0.012700564811662521,44265,397.2093531078588,0.02607025866937761,0.035453358895292275,14.65645179265855
CHI,paint (non-RA),late (0–7),other dead ball,236,0.09745762711864407,0.009272919169932413,2.1884089241040496,1.0113278957534575,7248,0.010104988280229639,44265,397.2093531078588,0.005331526036371851,0.005509459701745255,2.384777234134195
CHI,paint (non-RA),late (0–7),rebound push,396,0.17424242424242425,0.019472051747327412,7.710932491941655,0.9659083374088138,11060,0.015217063988591456,44265,397.2093531078588,0.008946119959335818,0.01941276667230899,6.025957339482217
CHI,paint (non-RA),late (0–7),second chance,69,0.13043478260869565,0.017145218165032488,1.1830200533872417,1.0000556928186357,2713,0.010103361481748192,44265,397.2093531078588,0.0015587936292782109,0.0029783287934461167,0.6971319422406252
CHI,paint (non-RA),late (0–7),turnover attack,138,0.12318840579710146,0.011393446049251445,1.5722955547966995,1.0159684056714657,5206,0.015698449223662616,44265,397.2093531078588,0.0031175872585564217,0.003958354813386673,2.166385992865441
CHI,paint (non-RA),middle (8–15),after a score,1845,0.1831978319783198,0.029701397275999356,54.79907797421881,1.0327226347831167,53931,0.02844624805676054,44265,397.2093531078588,0.041680786174178246,0.13796019037683283,52.4833276647232
CHI,paint (non-RA),middle (8–15),other dead ball,342,0.22514619883040934,0.03688226159685889,12.61373346612574,0.9908539009940799,9624,0.033404863515880075,44265,397.2093531078588,0.007726194510335479,0.031755882300940154,11.424463322430986
CHI,paint (non-RA),middle (8–15),rebound push,1105,0.1665158371040724,0.029410273226028672,32.498351914761685,1.0379340643163615,32822,0.032959406317193386,44265,397.2093531078588,0.024963289280469897,0.08181668347053508,36.42014398049869
CHI,paint (non-RA),middle (8–15),second chance,209,0.22966507177033493,0.02905557769834265,6.072615738953614,1.026247682163002,7538,0.02877018277862828,44265,397.2093531078588,0.004721563311871682,0.015288199261774802,6.012968200733311
CHI,paint (non-RA),middle (8–15),turnover attack,397,0.21158690176322417,0.03717526403926141,14.758579823586782,1.0114297005198685,11228,0.03156854800129544,44265,397.2093531078588,0.008968711171354343,0.03715567044963117,12.532713556514288
CHI,paint (non-RA),early (16–23),after a score,213,0.2535211267605634,0.041024111549159074,8.738135759970882,1.0598184727613267,6380,0.03730405591916841,44265,397.2093531078588,0.0048119281599457815,0.02199881672372935,7.945763910782872
CHI,paint (non-RA),early (16–23),other dead ball,70,0.2714285714285714,0.058409433515413806,4.088660346078966,1.0043601311242214,2153,0.04870651855549135,44265,397.2093531078588,0.0015813848412967355,0.010293464426475187,3.4094562988843946
CHI,paint (non-RA),early (16–23),rebound push,706,0.26062322946175637,0.04916564307796669,34.71094401304448,1.0334997532723025,21284,0.0405823070642736,44265,397.2093531078588,0.015949395685078506,0.087387025862956,28.65110878737716
CHI,paint (non-RA),early (16–23),second chance,183,0.3879781420765027,0.0653235328873216,11.954206518379852,1.0344160380443863,5265,0.05486110841304818,44265,397.2093531078588,0.004134191799390037,0.030095480946879388,10.039582839587817
CHI,paint (non-RA),early (16–23),turnover attack,156,0.30128205128205127,0.05776161437942033,9.010811843189572,1.0497342399925056,4704,0.04263414850085676,44265,397.2093531078588,0.003524229074889868,0.02268529623657367,6.650927166133655
CHI,rim,late (0–7),after a score,1433,0.01256106071179344,0.0033667630698931057,4.824571479156821,1.3053079219236303,41090,0.003322965709581713,44265,397.2093531078588,0.03237320682254603,0.012146167861880003,4.761809861830595
CHI,rim,late (0–7),other dead ball,226,0.01327433628318584,0.00573609009798739,1.2963563621451502,1.3272316211101254,7953,0.002359383082515829,44265,397.2093531078588,0.005105613916186603,0.003263660213441992,0.5332205766485774
CHI,rim,late (0–7),rebound push,464,0.01293103448275862,0.002041631784201339,0.9473171478694214,1.3269222253018111,13518,0.003873904942650122,44265,397.2093531078588,0.010482322376595504,0.002384931624739928,1.7974918933896566
CHI,rim,late (0–7),second chance,132,0.015151515151515152,0.0010148679014706221,0.13396256299412213,1.3583800967715427,3903,0.0016886623877104521,44265,397.2093531078588,0.002982039986445273,0.0003372593367854199,0.2229034351777797
CHI,rim,late (0–7),turnover attack,217,0.009216589861751152,0.002608579091762312,0.5660616629124217,1.3059753987427998,6300,0.0027858161705283783,44265,397.2093531078588,0.00490229300801988,0.0014250965101486734,0.6045221090046581
CHI,rim,middle (8–15),after a score,2752,0.04614825581395349,0.006136762833698779,16.88837131833904,1.3555647127348154,80264,0.006276070530141061,44265,397.2093531078588,0.06217101547498023,0.04251755701672298,17.2717460989482
CHI,rim,middle (8–15),other dead ball,440,0.04772727272727273,0.003974661891347395,1.748851232192854,1.3603483299974035,13325,0.00717740353863139,44265,397.2093531078588,0.00994013328815091,0.0044028450450862575,3.1580575569978118
CHI,rim,middle (8–15),rebound push,1663,0.050511124473842456,0.005699065455774143,9.4775458529524,1.3443703913883884,48083,0.007346732546098074,44265,397.2093531078588,0.03756918558680673,0.0238603290149083,12.217616224161096
CHI,rim,middle (8–15),second chance,1141,0.014022787028921999,0.002631355998190138,3.0023771939349473,1.4230219242530346,36772,0.002271262334085996,44265,397.2093531078588,0.02577657291313679,0.007558676980900994,2.5915103231921215
CHI,rim,middle (8–15),turnover attack,571,0.02626970227670753,0.00322350593558952,1.840621889221616,1.3793771400058261,17089,0.006075804770359153,44265,397.2093531078588,0.012899582062577658,0.004633883554906651,3.4692845238750762
CHI,rim,early (16–23),after a score,590,0.08813559322033898,0.01100741196340496,6.494373058408926,1.409804220524491,16978,0.007446752802776915,44265,397.2093531078588,0.01332881509092963,0.016350000340111415,4.39358415363838
CHI,rim,early (16–23),other dead ball,139,0.11510791366906475,0.014918575907966391,2.0736820512073284,1.426759986736352,4068,0.01363511546828802,44265,397.2093531078588,0.003140178470574946,0.005220627447421254,1.8952810500920347
CHI,rim,early (16–23),rebound push,2192,0.05976277372262774,0.00642603187681011,14.085861873967762,1.4264947243843178,67256,0.007182983062180963,44265,397.2093531078588,0.04951993674460635,0.03546205990306292,15.745098872300671
CHI,rim,early (16–23),second chance,831,0.12876052948255115,0.009882955656458378,8.212736150516912,1.3292574703829814,24145,0.0127614196941752,44265,397.2093531078588,0.018773297187394105,0.02067608953882517,10.604739765859591
CHI,rim,early (16–23),turnover attack,1373,0.02112163146394756,0.0014758051423634075,2.0262804604649585,1.6256792911655853,39844,0.0037397852803434514,44265,397.2093531078588,0.031017734101434543,0.005101290905188577,5.134725189911559
CHI,three,late (0–7),after a score,1837,0.0,0.0,0.0,1.2616147385574925,60211,6.620861986211196e-05,44265,397.2093531078588,0.04150005647803005,0.0,0.12162523468669967
CHI,three,late (0–7),other dead ball,320,0.0,0.0,0.0,1.2601151446478835,11441,8.102951376710335e-05,44265,397.2093531078588,0.007229187845927934,0.0,0.02592944440547307
CHI,three,late (0–7),rebound push,574,0.0,0.0,0.0,1.2284763646485086,20544,8.273088640251868e-05,44265,397.2093531078588,0.012967355698633231,0.0,0.04748752879504572
CHI,three,late (0–7),second chance,156,0.0,0.0,0.0,1.2415519361328864,5203,0.00014020920454352797,44265,397.2093531078588,0.003524229074889868,0.0,0.021872635908790364
CHI,three,late (0–7),turnover attack,238,0.0,0.0,0.0,1.2444934395020926,8394,3.886883828135605e-05,44265,397.2093531078588,0.005376708460408901,0.0,0.00925078351096274
CHI,three,middle (8–15),after a score,3466,0.0005770340450086555,1.0981758429585874e-05,0.038062774716944636,1.2536400446267082,109627,2.727384872646845e-05,44265,397.2093531078588,0.07830114085620693,9.582547444850578e-05,0.09453115968593964
CHI,three,middle (8–15),other dead ball,493,0.0,0.0,0.0,1.2356990881146512,17995,0.000119845929478456,44265,397.2093531078588,0.011137467525132724,0.0,0.05908404323287881
CHI,three,middle (8–15),rebound push,1875,0.0,0.0,0.0,1.2558801400807902,61834,1.0404584197921159e-05,44265,397.2093531078588,0.04235852253473399,0.0,0.019508595371102173
CHI,three,middle (8–15),second chance,588,0.003401360544217687,0.0013366736307828943,0.7859640949003418,1.2584571454102251,19491,0.00013549020140558147,44265,397.2093531078588,0.01328363266689258,0.001978714974234053,0.07966823842648191
CHI,three,middle (8–15),turnover attack,641,0.0,0.0,0.0,1.24998071690008,22045,1.0410916405124238e-05,44265,397.2093531078588,0.014480966903874393,0.0,0.006673397415684637
CHI,three,early (16–23),after a score,656,0.001524390243902439,6.349938175343194e-05,0.04165559443025135,1.258685474029136,21578,0.00010644479590490595,44265,397.2093531078588,0.014819835084152265,0.00010487062830804019,0.0698277861136183
CHI,three,early (16–23),other dead ball,182,0.005494505494505495,0.00048271890506936666,0.08785484072262473,1.2269800822359775,5022,0.00031789892876931915,44265,397.2093531078588,0.0041116005873715125,0.0002211801913404806,0.057857605036016085
CHI,three,early (16–23),rebound push,2113,0.0,0.0,0.0,1.2714200731833674,72214,2.1681045396897346e-05,44265,397.2093531078588,0.04773523099514289,0.0,0.04581204892364409
CHI,three,early (16–23),second chance,438,0.00228310502283105,0.0014815169384645853,0.6489044190474884,1.268799091724304,13045,0.0002206650063292304,44265,397.2093531078588,0.00989495086411386,0.0016336584573608565,0.09665127277220291
CHI,three,early (16–23),turnover attack,512,0.0,0.0,0.0,1.2832352815553931,18922,1.8362996595510883e-05,44265,397.2093531078588,0.011566700553484695,0.0,0.009401854256901572
CLE,mid-range,late (0–7),after a score,1317,0.03492786636294609,0.0018630285845159446,2.453608645807499,0.9500457891563217,37774,0.0013628006063988987,42469,314.08391067018397,0.031010854976571144,0.007811952673959177,1.7948083986273495
CLE,mid-range,late (0–7),other dead ball,228,0.06140350877192982,0.0030141685969593767,0.6872304401067378,0.9273046989819723,7164,0.0014651568720382769,42469,314.08391067018397,0.005368621818267442,0.0021880472598559525,0.33405576682472715
CLE,mid-range,late (0–7),rebound push,434,0.04608294930875576,0.0010994715848203554,0.4771706678120342,0.929721441084759,13361,0.001897253901621738,42469,314.08391067018397,0.01021921872424592,0.0015192458180804615,0.8234081933038343
CLE,mid-range,late (0–7),second chance,86,0.046511627906976744,0.0021938372986884586,0.18867000768720743,0.942209471886017,2573,0.0020484346194213784,42469,314.08391067018397,0.0020250064753114037,0.0006006993713387876,0.17616537727023854
CLE,mid-range,late (0–7),turnover attack,187,0.053475935828877004,0.003040171537246284,0.568512077465055,0.9368699145458944,5618,0.001703101156536643,42469,314.08391067018397,0.004403211754456192,0.0018100643113236172,0.3184799162723523
CLE,mid-range,middle (8–15),after a score,1581,0.2783048703352309,0.014055514916233585,22.2217690825653,0.954438877846122,59116,0.009230823245253882,42469,314.08391067018397,0.03722715392403871,0.07075105832434739,14.593931550746388
CLE,mid-range,middle (8–15),other dead ball,405,0.35802469135802467,0.02091578557979774,8.470893159818084,0.9293221759698878,11785,0.017592352363402647,42469,314.08391067018397,0.009536367703501377,0.026970159476628765,7.124902707178072
CLE,mid-range,middle (8–15),rebound push,942,0.3227176220806794,0.01627561443228872,15.331628795215973,0.9514266940023749,34308,0.01320737556514952,42469,314.08391067018397,0.022180884880736537,0.048813798715450746,12.441347782370848
CLE,mid-range,middle (8–15),second chance,194,0.33505154639175255,0.01875198077064025,3.6378842695042084,0.9326076888957248,6250,0.01419988631121416,42469,314.08391067018397,0.004568037862911771,0.011582523478333502,2.7547779443755473
CLE,mid-range,middle (8–15),turnover attack,335,0.3074626865671642,0.01566132662761212,5.246544420250061,0.9431928420366189,12275,0.012774855296131201,42469,314.08391067018397,0.007888106618945585,0.016704276284178716,4.279576524203953
CLE,mid-range,early (16–23),after a score,173,0.3352601156069364,0.021820953897817415,3.775025024322413,0.9938637409743616,6626,0.020990360954200912,42469,314.08391067018397,0.004073559537545033,0.012019160791354655,3.6313324450767577
CLE,mid-range,early (16–23),other dead ball,101,0.6237623762376238,0.053291959317806836,5.38248789109849,0.9254249711451793,3632,0.03569070903022185,42469,314.08391067018397,0.002378205279144788,0.017137101609609608,3.6047616120524064
CLE,mid-range,early (16–23),rebound push,499,0.40080160320641284,0.025940275224945984,12.944197337248045,0.9807247839259214,18399,0.020208350650541707,42469,314.08391067018397,0.011749746874190586,0.041212545111362305,10.083966974620312
CLE,mid-range,early (16–23),second chance,172,0.6162790697674418,0.04449334748127261,7.652855766778889,0.9620835262423121,5438,0.039655743631359645,42469,314.08391067018397,0.0040500129506228074,0.02436564085835988,6.820787904593859
CLE,mid-range,early (16–23),turnover attack,82,0.36585365853658536,0.024554015185735068,2.0134292452302756,1.0039164493726287,3273,0.021689207581074777,42469,314.08391067018397,0.001930820127622501,0.0064104819662174775,1.7785150216481318
CLE,paint (non-RA),late (0–7),after a score,1240,0.11612903225806452,0.013821164341464071,17.138243783415447,1.011338250334782,34630,0.012700564811662521,42469,314.08391067018397,0.029197767783559772,0.05456581251438927,15.748700366461525
CLE,paint (non-RA),late (0–7),other dead ball,277,0.06859205776173286,0.006800228841311785,1.8836633890433645,1.0142641194882476,7248,0.010104988280229639,42469,314.08391067018397,0.006522404577456497,0.005997325316741164,2.79908175362361
CLE,paint (non-RA),late (0–7),rebound push,375,0.12266666666666666,0.01645527487788164,6.170728079205616,0.9896491135510768,11060,0.015217063988591456,42469,314.08391067018397,0.008829970095834609,0.019646750023070838,5.706398995721796
CLE,paint (non-RA),late (0–7),second chance,111,0.09009009009009009,0.007409063611397614,0.8224060608651352,1.02184876205044,2713,0.010103361481748192,42469,314.08391067018397,0.002613671148367044,0.002618427856142987,1.1214731244740492
CLE,paint (non-RA),late (0–7),turnover attack,191,0.10471204188481675,0.013634442248463111,2.6041784694564543,1.0151559718899743,5206,0.015698449223662616,42469,314.08391067018397,0.004497398102145094,0.008291346296280274,2.99840380171956
CLE,paint (non-RA),middle (8–15),after a score,1625,0.1476923076923077,0.02289823210451359,37.20962716983458,1.0450468269615965,53931,0.02844624805676054,42469,314.08391067018397,0.03826320374861664,0.11847033835779,46.22515309223588
CLE,paint (non-RA),middle (8–15),other dead ball,289,0.1903114186851211,0.03277344798399596,9.471526467374833,1.018771206688995,9624,0.033404863515880075,42469,314.08391067018397,0.0068049636205232055,0.03015603838848268,9.654005556089341
CLE,paint (non-RA),middle (8–15),rebound push,926,0.1468682505399568,0.02730883283441674,25.2879792046699,1.0319899294898376,32822,0.032959406317193386,42469,314.08391067018397,0.021804139489980928,0.08051344989531961,30.520410249721074
CLE,paint (non-RA),middle (8–15),second chance,226,0.23008849557522124,0.028684487504708485,6.4826941760641175,1.0155509068051858,7538,0.02877018277862828,42469,314.08391067018397,0.0053215286444229905,0.02064000719499294,6.502061307969992
CLE,paint (non-RA),middle (8–15),turnover attack,319,0.18181818181818182,0.029154659192184892,9.300336282306981,1.0342772118623667,11228,0.03156854800129544,42469,314.08391067018397,0.007511361228189974,0.0296109923697211,10.070366812413244
CLE,paint (non-RA),early (16–23),after a score,176,0.17613636363636365,0.029447082457585417,5.182686512535033,1.0812842936478988,6380,0.03730405591916841,42469,314.08391067018397,0.00414419929831171,0.01650096148343401,6.56551384177364
CLE,paint (non-RA),early (16–23),other dead ball,67,0.14925373134328357,0.03053039646528341,2.0455365631739886,1.0764614360540246,2153,0.04870651855549135,42469,314.08391067018397,0.0015776213237891168,0.006512707253323727,3.2633367432179208
CLE,paint (non-RA),early (16–23),rebound push,617,0.24473257698541329,0.04450796273119969,27.46141300515021,1.0461835510928175,21284,0.0405823070642736,42469,314.08391067018397,0.01452824413101321,0.08743336437244993,25.03928345865681
CLE,paint (non-RA),early (16–23),second chance,124,0.25806451612903225,0.04261713524274287,5.2845247701001155,1.0806630491484035,5265,0.05486110841304818,42469,314.08391067018397,0.002919776778355977,0.01682520049761268,6.802777443217974
CLE,paint (non-RA),early (16–23),turnover attack,108,0.21296296296296297,0.040269426584333995,4.349098071108071,1.1031160198039116,4704,0.04263414850085676,42469,314.08391067018397,0.0025430313876003675,0.013846930464626732,4.60448803809253
CLE,rim,late (0–7),after a score,1529,0.02223675604970569,0.003414229553844131,5.220356987827676,1.4032877222774556,41090,0.003322965709581713,42469,314.08391067018397,0.03600273140408298,0.01662089909887016,5.080814569950439
CLE,rim,late (0–7),other dead ball,300,0.013333333333333334,0.0006524452553500814,0.19573357660502444,1.4200833992490909,7953,0.002359383082515829,42469,314.08391067018397,0.007063976076667687,0.0006231888038689192,0.7078149247547486
CLE,rim,late (0–7),rebound push,495,0.030303030303030304,0.0027872879236484484,1.379707522205982,1.4005156507634207,13518,0.003873904942650122,42469,314.08391067018397,0.011655560526501683,0.004392799106652736,1.9175829466118104
CLE,rim,late (0–7),second chance,127,0.0,0.0,0.0,1.3873536632841497,3903,0.0016886623877104521,42469,314.08391067018397,0.002990416539122654,0.0,0.21446012323922742
CLE,rim,late (0–7),turnover attack,219,0.0045662100456621,0.0005658399009556018,0.1239189383092768,1.4008117848797839,6300,0.0027858161705283783,42469,314.08391067018397,0.005156702535967412,0.0003945408666265707,0.6100937413457148
CLE,rim,middle (8–15),after a score,2483,0.03745469190495369,0.004549070389153823,11.295341776268943,1.4620925237983269,80264,0.006276070530141061,42469,314.08391067018397,0.05846617532788622,0.035962815644288305,15.583483126340255
CLE,rim,middle (8–15),other dead ball,400,0.0475,0.006957435316735082,2.782974126694033,1.4681134941272842,13325,0.00717740353863139,42469,314.08391067018397,0.009418634768890249,0.008860607093040188,2.8709614154525562
CLE,rim,middle (8–15),rebound push,1427,0.04835318850735809,0.006632200881401972,9.464150657760614,1.4151564929721903,48083,0.007346732546098074,42469,314.08391067018397,0.03360097953801596,0.030132554824493427,10.483787343281952
CLE,rim,middle (8–15),second chance,1247,0.02566158781074579,0.002131134744538403,2.6575250264393886,1.412142959410725,36772,0.002271262334085996,42469,314.08391067018397,0.029362593892015353,0.008461194401103933,2.8322641306052367
CLE,rim,middle (8–15),turnover attack,473,0.02959830866807611,0.003208328747824881,1.5175394977211687,1.4639167560293898,17089,0.006075804770359153,42469,314.08391067018397,0.01113753561421272,0.004831637171363165,2.873855656379879
CLE,rim,early (16–23),after a score,477,0.05870020964360587,0.005435788432214341,2.5928710821662406,1.517726125034592,16978,0.007446752802776915,42469,314.08391067018397,0.011231721961901623,0.00825534512937527,3.552101086924589
CLE,rim,early (16–23),other dead ball,127,0.09448818897637795,0.02284346309827016,2.9011198134803102,1.4882828035045594,4068,0.01363511546828802,42469,314.08391067018397,0.002990416539122654,0.009236766720364558,1.7316596644725784
CLE,rim,early (16–23),rebound push,2273,0.06511218653761548,0.006060594837704148,13.77573206610153,1.5091393144941678,67256,0.007182983062180963,42469,314.08391067018397,0.05352139207421884,0.04386003739162326,16.32692050033733
CLE,rim,early (16–23),second chance,703,0.10099573257467995,0.007392267917314405,5.196764345872027,1.4240704895954424,24145,0.0127614196941752,42469,314.08391067018397,0.016553250606324614,0.01654578336974762,8.971278045005166
CLE,rim,early (16–23),turnover attack,1256,0.028662420382165606,0.0019860798952605193,2.4945163484472124,1.6389144983882413,39844,0.0037397852803434514,42469,314.08391067018397,0.029574513174315382,0.00794219717630387,4.697170312111375
CLE,three,late (0–7),after a score,2430,0.0016460905349794238,6.43372954010594e-05,0.15633962782457433,1.2703550195569622,60211,6.620861986211196e-05,42469,314.08391067018397,0.05721820622100827,0.0004977638857430836,0.16088694626493205
CLE,three,late (0–7),other dead ball,429,0.0,0.0,0.0,1.2549850182145097,11441,8.102951376710335e-05,42469,314.08391067018397,0.010101485789634792,0.0,0.03476166140608734
CLE,three,late (0–7),rebound push,831,0.0012033694344163659,1.9114177272749072e-05,0.01588388131365448,1.237001045287502,20544,8.273088640251868e-05,42469,314.08391067018397,0.01956721373236949,5.057209482574855e-05,0.06874936660049302
CLE,three,late (0–7),second chance,181,0.0,0.0,0.0,1.2377335730384575,5203,0.00014020920454352797,42469,314.08391067018397,0.004261932232922838,0.0,0.025377866022378563
CLE,three,late (0–7),turnover attack,302,0.0,0.0,0.0,1.2560894512735146,8394,3.886883828135605e-05,42469,314.08391067018397,0.007111069250512138,0.0,0.011738389160969526
CLE,three,middle (8–15),after a score,3456,0.0011574074074074073,0.00011290243994796231,0.39019083246015773,1.2578740401719672,109627,2.727384872646845e-05,42469,314.08391067018397,0.08137700440321176,0.0012423139779034807,0.09425842119867496
CLE,three,middle (8–15),other dead ball,586,0.0,0.0,0.0,1.2393189780178413,17995,0.000119845929478456,42469,314.08391067018397,0.013798299936424216,0.0,0.07022971467437521
CLE,three,middle (8–15),rebound push,1999,0.0005002501250625312,2.2503722037970647e-05,0.044984940353903324,1.2582637397656413,61834,1.0404584197921159e-05,42469,314.08391067018397,0.04706962725752902,0.0001432258668007401,0.020798763811644395
CLE,three,middle (8–15),second chance,605,0.0,0.0,0.0,1.2537023900729114,19491,0.00013549020140558147,42469,314.08391067018397,0.014245685087946502,0.0,0.08197157185037679
CLE,three,middle (8–15),turnover attack,719,0.0,0.0,0.0,1.253232282494183,22045,1.0410916405124238e-05,42469,314.08391067018397,0.016929995997080224,0.0,0.007485448895284327
CLE,three,early (16–23),after a score,538,0.0037174721189591076,0.0002268012461007657,0.12201907040221194,1.2610652701708491,21578,0.00010644479590490595,42469,314.08391067018397,0.012668063764157385,0.0003884919483517983,0.0572673001968394
CLE,three,early (16–23),other dead ball,197,0.0,0.0,0.0,1.24533967264453,5022,0.00031789892876931915,42469,314.08391067018397,0.004638677623678448,0.0,0.06262608896755588
CLE,three,early (16–23),rebound push,2239,0.0,0.0,0.0,1.276706430641067,72214,2.1681045396897346e-05,42469,314.08391067018397,0.05272080811886317,0.0,0.04854386064365316
CLE,three,early (16–23),second chance,525,0.0,0.0,0.0,1.2805045842847198,13045,0.0002206650063292304,42469,314.08391067018397,0.012361958134168452,0.0,0.11584912832284595
CLE,three,early (16–23),turnover attack,489,0.002044989775051125,1.9819461586687293e-05,0.009691716715890086,1.2916561869447196,18922,1.8362996595510883e-05,42469,314.08391067018397,0.011514281004968329,3.085709387408657e-05,0.008979505335204823
DAL,mid-range,late (0–7),after a score,1402,0.01783166904422254,0.0008259568834718263,1.1579915506275005,0.9615527458179521,37774,0.0013628006063988987,44188,268.52873686209784,0.03172807096949398,0.004312356152861896,1.910646450171256
DAL,mid-range,late (0–7),other dead ball,247,0.016194331983805668,0.0006224424565783857,0.15374328677486127,0.9527135657048624,7164,0.0014651568720382769,44188,268.52873686209784,0.005589752874083462,0.0005725394182069075,0.36189374739345437
DAL,mid-range,late (0–7),rebound push,580,0.022413793103448276,0.0013235377569343519,0.7676518990219241,0.9386749507982292,13361,0.001897253901621738,44188,268.52873686209784,0.013125735493799221,0.0028587327672723144,1.100407262940608
DAL,mid-range,late (0–7),second chance,88,0.022727272727272728,0.0008929955016568259,0.07858360414580068,0.9555271454687181,2573,0.0020484346194213784,44188,268.52873686209784,0.001991490902507468,0.0002926450444898084,0.1802622465090813
DAL,mid-range,late (0–7),turnover attack,205,0.004878048780487805,0.00020406760017505917,0.04183385803588713,0.9618404686666853,5618,0.001703101156536643,44188,268.52873686209784,0.004639268579704897,0.0001557891290322897,0.34913573709001183
DAL,mid-range,middle (8–15),after a score,1883,0.16728624535315986,0.008901338162187243,16.76121975939858,0.9666415455647462,59116,0.009230823245253882,44188,268.52873686209784,0.0426133791979723,0.06241871896193462,17.38164017081306
DAL,mid-range,middle (8–15),other dead ball,449,0.24721603563474387,0.017499073649274863,7.857084068524413,0.9391809012559337,11785,0.017592352363402647,44188,268.52873686209784,0.010161129718475605,0.029259751341099094,7.898966211167789
DAL,mid-range,middle (8–15),rebound push,1239,0.21711057304277642,0.010743129645349837,13.310737630588447,0.9583414392433552,34308,0.01320737556514952,44188,268.52873686209784,0.028039286684167646,0.04956913657037808,16.363938325220253
DAL,mid-range,middle (8–15),second chance,189,0.25925925925925924,0.016576400944016443,3.1329397784191078,0.9502598712618322,6250,0.01419988631121416,44188,268.52873686209784,0.004277179324703539,0.011667055880235344,2.6837785128194764
DAL,mid-range,middle (8–15),turnover attack,437,0.20823798627002288,0.010319011988421264,4.509408238940092,0.9567781753216916,12275,0.012774855296131201,44188,268.52873686209784,0.009889562777224586,0.016793019218855097,5.582611764409335
DAL,mid-range,early (16–23),after a score,146,0.3013698630136986,0.026566906326841114,3.878768323718803,0.9916626738746366,6626,0.020990360954200912,44188,268.52873686209784,0.00330406445188739,0.014444518560822536,3.0645926993133332
DAL,mid-range,early (16–23),other dead ball,103,0.5242718446601942,0.042143585200981167,4.34078927570106,0.9466947389827459,3632,0.03569070903022185,44188,268.52873686209784,0.002330949579071241,0.016165082837783055,3.67614303011285
DAL,mid-range,early (16–23),rebound push,512,0.267578125,0.017244068615649012,8.828963131212294,1.0026443308768545,18399,0.020208350650541707,44188,268.52873686209784,0.01158685616004345,0.03287902529309696,10.346675533077354
DAL,mid-range,early (16–23),second chance,185,0.5891891891891892,0.03802145241909531,7.033968697532632,0.9614021261262583,5438,0.039655743631359645,44188,268.52873686209784,0.0041866570109532,0.026194472814076903,7.3363125718015345
DAL,mid-range,early (16–23),turnover attack,91,0.4065934065934066,0.025686822335830126,2.3375008325605413,1.0153871291369105,3273,0.021689207581074777,44188,268.52873686209784,0.0020593826378202226,0.008704844255685596,1.9737178898778047
DAL,other,late (0–7),after a score,1,1.0,0.5015924799421894,0.5015924799421894,0.2231182883758171,13,,44188,268.52873686209784,2.2630578437584864e-05,0.0018679284973502882,
DAL,other,late (0–7),rebound push,2,1.0,0.47890355134577844,0.9578071026915569,0.2231182883758171,10,,44188,268.52873686209784,4.526115687516973e-05,0.0035668700262178493,
DAL,paint (non-RA),late (0–7),after a score,1166,0.07375643224699828,0.008278886585476127,9.653181758665164,1.0319820716770953,34630,0.012700564811662521,44188,268.52873686209784,0.02638725445822395,0.035948412343005685,14.808858570398499
DAL,paint (non-RA),late (0–7),other dead ball,232,0.09482758620689655,0.009675009829820093,2.2446022805182615,1.004365144692285,7248,0.010104988280229639,44188,268.52873686209784,0.005250294197519689,0.008358890399395021,2.3443572810132762
DAL,paint (non-RA),late (0–7),rebound push,452,0.05752212389380531,0.007654378267528643,3.4597789769229466,1.0216746699299286,11060,0.015217063988591456,44188,268.52873686209784,0.010229021453788359,0.012884203818750713,6.878112922843338
DAL,paint (non-RA),late (0–7),second chance,84,0.07142857142857142,0.005553667503047542,0.4665080702559935,1.0137076462588428,2713,0.010103361481748192,44188,268.52873686209784,0.0019009685887571286,0.0017372742884332985,0.8486823644668481
DAL,paint (non-RA),late (0–7),turnover attack,208,0.09134615384615384,0.010505095564456491,2.18505987740695,1.0119409162011048,5206,0.015698449223662616,44188,268.52873686209784,0.004707160315017652,0.00813715471550846,3.265277438521824
DAL,paint (non-RA),middle (8–15),after a score,1648,0.14320388349514562,0.02155893922382194,35.529131840858554,1.0613922626411447,53931,0.02844624805676054,44188,268.52873686209784,0.03729519326513986,0.13231035253818826,46.879416797541374
DAL,paint (non-RA),middle (8–15),other dead ball,337,0.16023738872403562,0.027004807392643042,9.100620091320705,1.0327781030829166,9624,0.033404863515880075,44188,268.52873686209784,0.0076265049334661,0.03389067478462948,11.257439004851586
DAL,paint (non-RA),middle (8–15),rebound push,1075,0.16,0.025661278159635266,27.58587402160791,1.0440114918570604,32822,0.032959406317193386,44188,268.52873686209784,0.02432787182040373,0.10272969047545387,35.43136179098289
DAL,paint (non-RA),middle (8–15),second chance,205,0.15121951219512195,0.025619173837050844,5.251930636595423,1.045952062943518,7538,0.02877018277862828,44188,268.52873686209784,0.004639268579704897,0.01955816981812467,5.897887469618798
DAL,paint (non-RA),middle (8–15),turnover attack,354,0.1440677966101695,0.025297047164861496,8.95515469636097,1.041849101214888,11228,0.03156854800129544,44188,268.52873686209784,0.008011224766905042,0.03334896220421974,11.175265992458584
DAL,paint (non-RA),early (16–23),after a score,140,0.14285714285714285,0.025364855187711054,3.5510797262795477,1.1213012402976643,6380,0.03730405591916841,44188,268.52873686209784,0.003168280981261881,0.013224207463885678,5.2225678286835775
DAL,paint (non-RA),early (16–23),other dead ball,56,0.23214285714285715,0.03431637250965549,1.9217168605407076,1.057346923472462,2153,0.04870651855549135,44188,268.52873686209784,0.0012673123925047525,0.007156466317151001,2.7275650391075157
DAL,paint (non-RA),early (16–23),rebound push,553,0.20433996383363473,0.03289373073564998,18.19023309681444,1.0850696744647461,21284,0.0405823070642736,44188,268.52873686209784,0.01251470987598443,0.06774035922328857,22.4420158065433
DAL,paint (non-RA),early (16–23),second chance,121,0.24793388429752067,0.04309347920350745,5.214310983624402,1.0674725852514508,5265,0.05486110841304818,44188,268.52873686209784,0.0027382999909477687,0.019418074372807986,6.63819411797883
DAL,paint (non-RA),early (16–23),turnover attack,117,0.1623931623931624,0.02408434136518264,2.817867939726369,1.1213397940065193,4704,0.04263414850085676,44188,268.52873686209784,0.0026477776771974292,0.010493729545130497,4.988195374600242
DAL,rim,late (0–7),after a score,1258,0.014308426073131956,0.0037595913236376454,4.729565885136158,1.4070976457885385,41090,0.003322965709581713,44188,268.52873686209784,0.028469267674481758,0.017612885460244105,4.180290862653795
DAL,rim,late (0–7),other dead ball,229,0.0,0.0,0.0,1.4575221642437601,7953,0.002359383082515829,44188,268.52873686209784,0.005182402462206934,0.0,0.5402987258961248
DAL,rim,late (0–7),rebound push,451,0.0066518847006651885,0.001518035243760902,0.6846338949361668,1.416372003394726,13518,0.003873904942650122,44188,268.52873686209784,0.010206390875350774,0.0025495740341852447,1.747131129135205
DAL,rim,late (0–7),second chance,111,0.009009009009009009,0.000623369895496603,0.06919405840012294,1.4258208933261243,3903,0.0016886623877104521,44188,268.52873686209784,0.00251199420657192,0.0002576784116616068,0.18744152503586017
DAL,rim,late (0–7),turnover attack,187,0.016042780748663103,0.0025183124144753425,0.47092442150688907,1.4190163725867135,6300,0.0027858161705283783,44188,268.52873686209784,0.00423191816782837,0.0017537207637807902,0.5209476238888068
DAL,rim,middle (8–15),after a score,2311,0.04586758978797058,0.006654077566842892,15.377573256973923,1.4735246499338452,80264,0.006276070530141061,44188,268.52873686209784,0.05229926676925862,0.05726602462242628,14.503998995155992
DAL,rim,middle (8–15),other dead ball,429,0.04428904428904429,0.005341240411087631,2.2913921363565937,1.48255877323683,13325,0.00717740353863139,44188,268.52873686209784,0.009708518149723906,0.008533135645490826,3.0791061180728665
DAL,rim,middle (8–15),rebound push,1536,0.047526041666666664,0.005556034576198952,8.53406910904159,1.4447850319297035,48083,0.007346732546098074,44188,268.52873686209784,0.03476056848013035,0.0317808410703702,11.284581190806641
DAL,rim,middle (8–15),second chance,1077,0.02321262766945218,0.0015034210298488534,1.6191844491472152,1.4369889407881704,36772,0.002271262334085996,44188,268.52873686209784,0.0243731329772789,0.006029836761861144,2.4461495338106176
DAL,rim,middle (8–15),turnover attack,510,0.029411764705882353,0.0022689032490208275,1.157140657000622,1.4879921621101737,17089,0.006075804770359153,44188,268.52873686209784,0.011541595003168282,0.00430918742821506,3.098660432883168
DAL,rim,early (16–23),after a score,420,0.06904761904761905,0.005080151722447739,2.1336637234280507,1.4775509572423622,16978,0.007446752802776915,44188,268.52873686209784,0.009504842943785643,0.007945755632566758,3.1276361771663046
DAL,rim,early (16–23),other dead ball,145,0.11724137931034483,0.01678526285885099,2.4338631145333935,1.448428824515333,4068,0.01363511546828802,44188,268.52873686209784,0.0032814338734498054,0.009063697029131363,1.9770917429017627
DAL,rim,early (16–23),rebound push,1655,0.056797583081571,0.0048521140990024055,8.030248833848981,1.4986042658554184,67256,0.007182983062180963,44188,268.52873686209784,0.03745360731420295,0.029904616271937003,11.887836967909493
DAL,rim,early (16–23),second chance,537,0.0856610800744879,0.007317501987648844,3.929498567367429,1.4479875501567414,24145,0.0127614196941752,44188,268.52873686209784,0.012152620620983072,0.01463343779621401,6.852882375772082
DAL,rim,early (16–23),turnover attack,969,0.0412796697626419,0.004874589509763958,4.723477234961275,1.6066475258637547,39844,0.0037397852803434514,44188,268.52873686209784,0.021929030506019735,0.017590211350031425,3.6238519366528044
DAL,three,late (0–7),after a score,2377,0.00042069835927639884,2.8121602231317153e-05,0.06684504850384088,1.2684006979298201,60211,6.620861986211196e-05,44188,268.52873686209784,0.05379288494613922,0.00024893070769617094,0.15737788941224012
DAL,three,late (0–7),other dead ball,524,0.0019083969465648854,0.00030293309235826873,0.15873694039573283,1.2567927192662867,11441,8.102951376710335e-05,44188,268.52873686209784,0.01185842310129447,0.0005911357653957599,0.042459465213962155
DAL,three,late (0–7),rebound push,964,0.001037344398340249,1.823555642065267e-05,0.017579076389509174,1.2406253805176457,20544,8.273088640251868e-05,44188,268.52873686209784,0.02181587761383181,6.54644139578136e-05,0.07975257449202801
DAL,three,late (0–7),second chance,244,0.0,0.0,0.0,1.237418347370349,5203,0.00014020920454352797,44188,268.52873686209784,0.005521861138770707,0.0,0.03421104590862083
DAL,three,late (0–7),turnover attack,346,0.0,0.0,0.0,1.2518171907748357,8394,3.886883828135605e-05,44188,268.52873686209784,0.007830180139404364,0.0,0.013448618045349192
DAL,three,middle (8–15),after a score,4098,0.0007320644216691069,2.4090997111089654e-05,0.09872490616124541,1.2597475963681302,109627,2.727384872646845e-05,44188,268.52873686209784,0.09274011043722277,0.0003676511769835096,0.1117682320810677
DAL,three,middle (8–15),other dead ball,735,0.0,0.0,0.0,1.2440274574450654,17995,0.000119845929478456,44188,268.52873686209784,0.016633475151624874,0.0,0.08808675816666516
DAL,three,middle (8–15),rebound push,2622,0.0007627765064836003,7.5382918677156485e-06,0.01976540127715043,1.2585671224699544,61834,1.0404584197921159e-05,44188,268.52873686209784,0.05933737666334751,7.3606279566648e-05,0.02728081976694928
DAL,three,middle (8–15),second chance,736,0.002717391304347826,0.0002563038253622449,0.18863961546661223,1.256465297396922,19491,0.00013549020140558147,44188,268.52873686209784,0.01665610573006246,0.000702493214212256,0.09972078823450796
DAL,three,middle (8–15),turnover attack,905,0.0,0.0,0.0,1.2525849820629964,22045,1.0410916405124238e-05,44188,268.52873686209784,0.020480673486014303,0.0,0.009421879346637435
DAL,three,early (16–23),after a score,585,0.0,0.0,0.0,1.25772283180064,21578,0.00010644479590490595,44188,268.52873686209784,0.013238888385987146,0.0,0.06227020560436998
DAL,three,early (16–23),other dead ball,192,0.0,0.0,0.0,1.2626135542969914,5022,0.00031789892876931915,44188,268.52873686209784,0.004345071060016294,0.0,0.06103659432370928
DAL,three,early (16–23),rebound push,2379,0.0004203446826397646,6.886152135894632e-06,0.01638215593129333,1.277982916339905,72214,2.1681045396897346e-05,44188,268.52873686209784,0.05383814610301439,6.100708670039415e-05,0.05157920699921879
DAL,three,early (16–23),second chance,516,0.0,0.0,0.0,1.2736653363324757,13045,0.0002206650063292304,44188,268.52873686209784,0.01167737847379379,0.0,0.11386314326588289
DAL,three,early (16–23),turnover attack,633,0.0,0.0,0.0,1.2922475198667165,18922,1.8362996595510883e-05,44188,268.52873686209784,0.01432515615099122,0.0,0.011623776844958389
DEN,mid-range,late (0–7),after a score,1132,0.05653710247349823,0.003547480747496786,4.015748206166362,0.9457519741695393,37774,0.0013628006063988987,44581,522.2840105031128,0.02539198313182746,0.007688820881761281,1.5426902864435534
DEN,mid-range,late (0–7),other dead ball,239,0.04602510460251046,0.0034570595364708367,0.82623722921653,0.9262592649245737,7164,0.0014651568720382769,44581,522.2840105031128,0.005361028240730356,0.0015819692209620222,0.35017249241714815
DEN,mid-range,late (0–7),rebound push,398,0.08542713567839195,0.004503842767576835,1.79252942149558,0.9162222913230942,13361,0.001897253901621738,44581,522.2840105031128,0.008927570041048877,0.003432097068736315,0.7551070528454518
DEN,mid-range,late (0–7),second chance,92,0.10869565217391304,0.0046679385854293785,0.4294503498595028,0.9206526076961343,2573,0.0020484346194213784,44581,522.2840105031128,0.00206365940647361,0.0008222544462845342,0.1884559849867668
DEN,mid-range,late (0–7),turnover attack,180,0.05,0.0016290922752746097,0.29323660954942976,0.9488647687522928,5618,0.001703101156536643,44581,522.2840105031128,0.004037594490926628,0.000561450482213608,0.30655820817659574
DEN,mid-range,middle (8–15),after a score,1777,0.3404614518851998,0.020080461273984024,35.68297968386961,0.9533443586439931,59116,0.009230823245253882,44581,522.2840105031128,0.03986003005764788,0.06832102642678345,16.40317290681615
DEN,mid-range,middle (8–15),other dead ball,369,0.43089430894308944,0.032751660561782255,12.085362747297653,0.925165807042313,11785,0.017592352363402647,44581,522.2840105031128,0.008277068706399587,0.023139446171549272,6.4915780220955766
DEN,mid-range,middle (8–15),rebound push,948,0.41561181434599154,0.027527929699370374,26.096477355003113,0.9432751687970073,34308,0.01320737556514952,44581,522.2840105031128,0.02126466431888024,0.04996606602960054,12.520592035761744
DEN,mid-range,middle (8–15),second chance,236,0.4364406779661017,0.029741280078538143,7.0189420985350015,0.9344993549207715,6250,0.01419988631121416,44581,522.2840105031128,0.005293734999214912,0.01343893735474249,3.351173169446542
DEN,mid-range,middle (8–15),turnover attack,326,0.401840490797546,0.02914877941572607,9.502502089526699,0.9420915526385913,12275,0.012774855296131201,44581,522.2840105031128,0.0073125322446782265,0.018194127904419283,4.164602826538771
DEN,mid-range,early (16–23),after a score,187,0.45989304812834225,0.032280655335551765,6.03648254774818,0.9864515553059617,6626,0.020990360954200912,44581,522.2840105031128,0.004194612054462664,0.011557854397903692,3.9251974984355704
DEN,mid-range,early (16–23),other dead ball,114,0.631578947368421,0.05597514027002357,6.381165990782687,0.937515524518133,3632,0.03569070903022185,44581,522.2840105031128,0.0025571431775868645,0.012217808438431328,4.06874082944529
DEN,mid-range,early (16–23),rebound push,464,0.4956896551724138,0.03957308965787262,18.361913601252898,0.9741005422754915,18399,0.020208350650541707,44581,522.2840105031128,0.010408021354388642,0.03515695145169194,9.376674701851352
DEN,mid-range,early (16–23),second chance,131,0.6641221374045801,0.05702508846093442,7.470286588382408,0.9535251520544531,5438,0.039655743631359645,44581,522.2840105031128,0.0029384715461743794,0.014303111790051413,5.194902415708113
DEN,mid-range,early (16–23),turnover attack,82,0.4024390243902439,0.03221709093280139,2.641801456489714,0.9975151008103238,3273,0.021689207581074777,44581,522.2840105031128,0.0018393486014221306,0.005058170273956662,1.7785150216481318
DEN,other,late (0–7),after a score,2,1.0,0.419950683124802,0.839901366249604,0.2469778321933441,13,,44581,522.2840105031128,4.486216101029587e-05,0.0016081314942813058,
DEN,other,late (0–7),rebound push,1,1.0,0.4743327644501895,0.4743327644501895,0.2231182883758171,10,,44581,522.2840105031128,2.2431080505147934e-05,0.0009081893278587408,
DEN,other,middle (8–15),other dead ball,1,1.0,0.5550273958015485,0.5550273958015485,0.34165124372663214,5,,44581,522.2840105031128,2.2431080505147934e-05,0.0010626926818358736,
DEN,paint (non-RA),late (0–7),after a score,1298,0.11171032357473036,0.014776420987268224,19.179794441474154,1.0485086874604874,34630,0.012700564811662521,44581,522.2840105031128,0.029115542495682017,0.03672292096975817,16.485333125537952
DEN,paint (non-RA),late (0–7),other dead ball,298,0.06375838926174497,0.008763662465581964,2.611571414743425,1.0559962148637836,7248,0.010104988280229639,44581,522.2840105031128,0.006684461990534084,0.005000289808274458,3.0112865075084323
DEN,paint (non-RA),late (0–7),rebound push,393,0.13740458015267176,0.019300705082902537,7.585177097580697,1.020127483103314,11060,0.015217063988591456,44581,522.2840105031128,0.008815414638523138,0.014523088865527294,5.980306147516442
DEN,paint (non-RA),late (0–7),second chance,90,0.15555555555555556,0.01468483818417263,1.3216354365755367,1.016880427423692,2713,0.010103361481748192,44581,522.2840105031128,0.002018797245463314,0.0025304918588306274,0.9093025333573372
DEN,paint (non-RA),late (0–7),turnover attack,171,0.14619883040935672,0.02173152197114381,3.716090257065592,1.0210348792964004,5206,0.015698449223662616,44581,522.2840105031128,0.0038357147663802965,0.007115075672115457,2.6844348172463075
DEN,paint (non-RA),middle (8–15),after a score,1822,0.17618002195389681,0.033092044529581255,60.293705132897045,1.0666193160474522,53931,0.02844624805676054,44581,522.2840105031128,0.04086942868037954,0.11544237219672207,51.82906395941771
DEN,paint (non-RA),middle (8–15),other dead ball,374,0.20588235294117646,0.030289458332051395,11.328257416187222,1.0502890544678591,9624,0.033404863515880075,44581,522.2840105031128,0.008389224108925328,0.0216898415198941,12.493418954939148
DEN,paint (non-RA),middle (8–15),rebound push,1172,0.18686006825938567,0.03351164046195193,39.27564262140766,1.0625477376661003,32822,0.032959406317193386,44581,522.2840105031128,0.026289226352033377,0.07519977987373899,38.62842420375065
DEN,paint (non-RA),middle (8–15),second chance,280,0.2392857142857143,0.034963218757036535,9.78970125197023,1.0558000698562557,7538,0.02877018277862828,44581,522.2840105031128,0.006280702541441421,0.018744018685427254,8.05565117801592
DEN,paint (non-RA),middle (8–15),turnover attack,377,0.2493368700265252,0.04174213187420737,15.736783716576179,1.028932642623339,11228,0.03156854800129544,44581,522.2840105031128,0.00845651735044077,0.030130701687415315,11.90134259648838
DEN,paint (non-RA),early (16–23),after a score,173,0.27167630057803466,0.0470309713938409,8.136358051134476,1.0754038278219977,6380,0.03730405591916841,44581,522.2840105031128,0.0038805769273905924,0.015578416891025968,6.453601674016135
DEN,paint (non-RA),early (16–23),other dead ball,82,0.36585365853658536,0.059658778742107836,4.892019856852842,1.006301351964168,2153,0.04870651855549135,44581,522.2840105031128,0.0018393486014221306,0.009366589362252143,3.993934521550291
DEN,paint (non-RA),early (16–23),rebound push,652,0.2960122699386503,0.05083943338878555,33.14731056948818,1.0664220975423973,21284,0.0405823070642736,44581,522.2840105031128,0.014625064489356453,0.06346606425411644,26.459664205906385
DEN,paint (non-RA),early (16–23),second chance,181,0.32044198895027626,0.06158709502388286,11.147264199322798,1.088307877594592,5265,0.05486110841304818,44581,522.2840105031128,0.004060025571431776,0.02134329976631816,9.929860622761721
DEN,paint (non-RA),early (16–23),turnover attack,166,0.24096385542168675,0.03594054374014155,5.966130260863498,1.131198452610773,4704,0.04263414850085676,44581,522.2840105031128,0.0037235593638545567,0.011423153190380772,7.077268651142223
DEN,rim,late (0–7),after a score,1523,0.03151674326986211,0.003692792028768571,5.624122259814534,1.3422075600743741,41090,0.003322965709581713,44581,522.2840105031128,0.0341625356093403,0.010768321730540542,5.060876775692949
DEN,rim,late (0–7),other dead ball,312,0.02564102564102564,0.0030271193936328156,0.9444612508134385,1.3669786284351544,7953,0.002359383082515829,44581,522.2840105031128,0.006998497117606155,0.0018083288628798825,0.7361275217449386
DEN,rim,late (0–7),rebound push,528,0.026515151515151516,0.0036478083195848137,1.9260427927407817,1.3265989800212385,13518,0.003873904942650122,44581,522.2840105031128,0.01184361050671811,0.0036877307250617096,2.0454218097192642
DEN,rim,late (0–7),second chance,144,0.020833333333333332,0.0009545779046834096,0.137459218274411,1.352511474960044,3903,0.0016886623877104521,44581,522.2840105031128,0.0032300755927413024,0.00026318863972496005,0.24316738383030512
DEN,rim,late (0–7),turnover attack,215,0.03255813953488372,0.002700414151243744,0.580589042517405,1.3519498620648234,6300,0.0027858161705283783,44581,522.2840105031128,0.004822682308606806,0.001111634725248677,0.5989504766636013
DEN,rim,middle (8–15),after a score,2849,0.08073008073008073,0.010513403712095824,29.952687175761003,1.3861822135553696,80264,0.006276070530141061,44581,522.2840105031128,0.06390614835916646,0.057349424017227285,17.880524940371885
DEN,rim,middle (8–15),other dead ball,480,0.1,0.01675222752955732,8.041069214187514,1.3785506196345776,13325,0.00717740353863139,44581,522.2840105031128,0.010766918642471007,0.015395970492073087,3.4451536985430673
DEN,rim,middle (8–15),rebound push,1784,0.09360986547085202,0.012918400450981232,23.046426404550516,1.3516009346360538,48083,0.007346732546098074,44581,522.2840105031128,0.04001704762118391,0.044126233890158816,13.106570862238964
DEN,rim,middle (8–15),second chance,1336,0.040419161676646706,0.004891744952062571,6.535371255955595,1.3786129455492058,36772,0.002271262334085996,44581,522.2840105031128,0.029967923554877637,0.01251306018283063,3.0344064783388904
DEN,rim,middle (8–15),turnover attack,546,0.07692307692307693,0.01197989806103048,6.541024341322642,1.3956562646053268,17089,0.006075804770359153,44581,522.2840105031128,0.012247369955810772,0.012523883959269051,3.3173894046160974
DEN,rim,early (16–23),after a score,476,0.13655462184873948,0.013746664238388322,6.543412177472841,1.4129169419148926,16978,0.007446752802776915,44581,522.2840105031128,0.010677194320450415,0.012528455870532232,3.5446543341218115
DEN,rim,early (16–23),other dead ball,176,0.1534090909090909,0.020529422443820777,3.613178350112457,1.3948380865869865,4068,0.01363511546828802,44581,522.2840105031128,0.003947870168906036,0.006918033631992497,2.3997803224186915
DEN,rim,early (16–23),rebound push,2298,0.12010443864229765,0.010910303041189135,25.071876388652633,1.4391542528598984,67256,0.007182983062180963,44581,522.2840105031128,0.05154662300082995,0.04800429629178397,16.506495076891852
DEN,rim,early (16–23),second chance,899,0.20467185761957732,0.020700546297422386,18.609791121382724,1.3019882832704055,24145,0.0127614196941752,44581,522.2840105031128,0.02016554137412799,0.03563155437872975,11.472516305063504
DEN,rim,early (16–23),turnover attack,1269,0.05673758865248227,0.007697072668775019,9.7675852166755,1.6164021887223763,39844,0.0037397852803434514,44581,522.2840105031128,0.028465041161032725,0.018701673840764238,4.74578752075584
DEN,three,late (0–7),after a score,2090,0.0,0.0,0.0,1.2726395951736047,60211,6.620861986211196e-05,44581,522.2840105031128,0.04688095825575918,0.0,0.138376015511814
DEN,three,late (0–7),other dead ball,439,0.0,0.0,0.0,1.2563258846514898,11441,8.102951376710335e-05,44581,522.2840105031128,0.009847244341759943,0.0,0.03557195654375837
DEN,three,late (0–7),rebound push,747,0.0,0.0,0.0,1.2416907094157694,20544,8.273088640251868e-05,44581,522.2840105031128,0.016756017137345505,0.0,0.06179997214268145
DEN,three,late (0–7),second chance,202,0.0049504950495049506,1.2725767905793968e-05,0.0025706051169703814,1.2549464261599217,5203,0.00014020920454352797,44581,522.2840105031128,0.004531078262039883,4.921852986642525e-06,0.028322259317792652
DEN,three,late (0–7),turnover attack,243,0.00411522633744856,0.0004919311655770054,0.1195392732352123,1.2497005945953341,8394,3.886883828135605e-05,44581,522.2840105031128,0.005450752562750948,0.00022887791092831062,0.00944512770236952
DEN,three,middle (8–15),after a score,3600,0.0005555555555555556,1.7434521489255173e-05,0.06276427736131862,1.2555961650979508,109627,2.727384872646845e-05,44581,522.2840105031128,0.08075188981853255,0.00012017269550499584,0.09818585541528642
DEN,three,middle (8–15),other dead ball,644,0.0,0.0,0.0,1.2401019453921376,17995,0.000119845929478456,44581,522.2840105031128,0.01444561584531527,0.0,0.07718077858412566
DEN,three,middle (8–15),rebound push,2000,0.0005,3.475582290273549e-05,0.06951164580547098,1.2537083681400032,61834,1.0404584197921159e-05,44581,522.2840105031128,0.044862161010295866,0.00013309165972458332,0.020809168395842317
DEN,three,middle (8–15),second chance,610,0.001639344262295082,0.0006653590598913226,0.4058690265337068,1.253266585374288,19491,0.00013549020140558147,44581,522.2840105031128,0.01368295910814024,0.0007771040628694258,0.08264902285740469
DEN,three,middle (8–15),turnover attack,682,0.0,0.0,0.0,1.2528874225064224,22045,1.0410916405124238e-05,44581,522.2840105031128,0.015297996904510891,0.0,0.00710024498829473
DEN,three,early (16–23),after a score,614,0.003257328990228013,7.745456625449693e-05,0.047557103680261115,1.2577210300693857,21578,0.00010644479590490595,44581,522.2840105031128,0.013772683430160831,9.105602071648655e-05,0.06535710468561225
DEN,three,early (16–23),other dead ball,200,0.0,0.0,0.0,1.2493259862575319,5022,0.00031789892876931915,44581,522.2840105031128,0.004486216101029587,0.0,0.06357978575386383
DEN,three,early (16–23),rebound push,2366,0.0,0.0,0.0,1.2881595809854842,72214,2.1681045396897346e-05,44581,522.2840105031128,0.05307193647518001,0.0,0.051297353409059124
DEN,three,early (16–23),second chance,441,0.0022675736961451248,2.1050193491062335e-05,0.00928313532955849,1.2671763782377543,13045,0.0002206650063292304,44581,522.2840105031128,0.009892106502770238,1.77741135912166e-05,0.09731326779119061
DEN,three,early (16–23),turnover attack,660,0.0,0.0,0.0,1.312439407115907,18922,1.8362996595510883e-05,44581,522.2840105031128,0.014804513133397635,0.0,0.012119577753037182
DET,mid-range,late (0–7),after a score,1296,0.04089506172839506,0.0026288966248227135,3.4070500257702365,0.9287012936507892,37774,0.0013628006063988987,43363,442.63655131977674,0.029887231049512256,0.007697172806022654,1.7661895858929728
DET,mid-range,late (0–7),other dead ball,251,0.035856573705179286,0.0016541917344780731,0.41520212535399637,0.9269457389811303,7164,0.0014651568720382769,43363,442.63655131977674,0.005788344902336093,0.0009380204235642512,0.3677543748816075
DET,mid-range,late (0–7),rebound push,428,0.06074766355140187,0.003128942325748157,1.3391873154202112,0.8984664181516044,13361,0.001897253901621738,43363,442.63655131977674,0.009870165809561146,0.003025478378202738,0.8120246698941038
DET,mid-range,late (0–7),second chance,73,0.0273972602739726,0.0012240288609481288,0.08935410684921341,0.9082046997177028,2573,0.0020484346194213784,43363,442.63655131977674,0.0016834628600419712,0.00020186789044599428,0.14953572721776062
DET,mid-range,late (0–7),turnover attack,194,0.041237113402061855,0.0012597299241867241,0.24438760529222447,0.9207735143676465,5618,0.001703101156536643,43363,442.63655131977674,0.004473860203399211,0.0005521179951442148,0.33040162436810877
DET,mid-range,middle (8–15),after a score,1780,0.18089887640449437,0.00929316707590963,16.541837395119142,0.9349584888443606,59116,0.009230823245253882,43363,442.63655131977674,0.041048820422941217,0.03737115099464237,16.43086537655191
DET,mid-range,middle (8–15),other dead ball,375,0.304,0.019522528593748385,7.320948222655644,0.9012632691879834,11785,0.017592352363402647,43363,442.63655131977674,0.008647925650900537,0.016539411851161666,6.5971321362759925
DET,mid-range,middle (8–15),rebound push,1024,0.2919921875,0.015670334112506953,16.04642213120712,0.9205258307542241,34308,0.01320737556514952,43363,442.63655131977674,0.023614602310725735,0.03625191386333254,13.524352578713108
DET,mid-range,middle (8–15),second chance,177,0.288135593220339,0.01474912262622384,2.6105947048416196,0.9185000488661682,6250,0.01419988631121416,43363,442.63655131977674,0.004081820907225054,0.005897829036164776,2.5133798770849065
DET,mid-range,middle (8–15),turnover attack,398,0.24371859296482412,0.013149124804623215,5.2333516722400395,0.9194711323692611,12275,0.012774855296131201,43363,442.63655131977674,0.009178331757489104,0.011823134932341536,5.084392407860218
DET,mid-range,early (16–23),after a score,141,0.3971631205673759,0.03025459011260736,4.265897205877637,0.9495751519901623,6626,0.020990360954200912,43363,442.63655131977674,0.003251620044738602,0.009637471630298778,2.9596408945423285
DET,mid-range,early (16–23),other dead ball,77,0.4025974025974026,0.020309152320766053,1.563804728698986,0.9450581679386478,3632,0.03569070903022185,43363,442.63655131977674,0.0017757074003182437,0.0035329317563954103,2.748184595327082
DET,mid-range,early (16–23),rebound push,526,0.33460076045627374,0.020581319414884097,10.825774012229035,0.9641515348833264,18399,0.020208350650541707,43363,442.63655131977674,0.012130157046329821,0.024457478669465103,10.629592442184938
DET,mid-range,early (16–23),second chance,170,0.6,0.03560673061604123,6.053144204727009,0.9347053999509405,5438,0.039655743631359645,43363,442.63655131977674,0.003920392961741577,0.013675201893469475,6.74147641733114
DET,mid-range,early (16–23),turnover attack,92,0.34782608695652173,0.02264107241146856,2.0829786618551074,0.9741524524008811,3273,0.021689207581074777,43363,442.63655131977674,0.002121624426354265,0.004705844231897352,1.9954070974588796
DET,other,late (0–7),rebound push,1,1.0,0.3231586775253659,0.3231586775253659,0.2231182883758171,10,,43363,442.63655131977674,2.30611350690681e-05,0.0007300768012985542,
DET,other,middle (8–15),other dead ball,1,1.0,0.5979975739740098,0.5979975739740098,0.2231182883758171,5,,43363,442.63655131977674,2.30611350690681e-05,0.001350990044068897,
DET,paint (non-RA),late (0–7),after a score,1362,0.14904552129221732,0.017324118667457755,23.59544962507746,0.9501355539712053,34630,0.012700564811662521,43363,442.63655131977674,0.03140926596407075,0.05330660008696672,17.298169273484355
DET,paint (non-RA),late (0–7),other dead ball,263,0.13307984790874525,0.011254328933336513,2.959888509467503,0.9378775912267938,7248,0.010104988280229639,43363,442.63655131977674,0.0060650785231649105,0.006686950051102246,2.657611917700395
DET,paint (non-RA),late (0–7),rebound push,415,0.1783132530120482,0.020790279614220964,8.6279660399017,0.9242648401645173,11060,0.015217063988591456,43363,442.63655131977674,0.00957037105366326,0.01949221322589906,6.315081555265454
DET,paint (non-RA),late (0–7),second chance,97,0.13402061855670103,0.011693799124736622,1.1342985150994522,0.9685767838001778,2713,0.010103361481748192,43363,442.63655131977674,0.0022369301016996056,0.002562595681981974,0.9800260637295746
DET,paint (non-RA),late (0–7),turnover attack,228,0.18421052631578946,0.02117184804910026,4.827181355194859,0.9381320938471905,5206,0.015698449223662616,43363,442.63655131977674,0.005257938795747527,0.010905519078354483,3.5792464229950762
DET,paint (non-RA),middle (8–15),after a score,1829,0.259704756697649,0.03929539872050578,71.87128425980508,0.9699475380486613,53931,0.02844624805676054,43363,442.63655131977674,0.042178816041325555,0.16237087525987579,52.02818769581503
DET,paint (non-RA),middle (8–15),other dead ball,304,0.2631578947368421,0.04249945979585175,12.919835777938932,0.9616600848389598,9624,0.033404863515880075,43363,442.63655131977674,0.007010585060996702,0.02918836173699802,10.155078508827543
DET,paint (non-RA),middle (8–15),rebound push,1245,0.2746987951807229,0.046586061503359595,57.999646571682696,0.956628939927925,32822,0.032959406317193386,43363,442.63655131977674,0.028711113160989784,0.13103221231674028,41.03446086490577
DET,paint (non-RA),middle (8–15),second chance,254,0.28346456692913385,0.03528202548913583,8.961634474240501,0.9719193904989983,7538,0.02877018277862828,43363,442.63655131977674,0.005857528307543297,0.02024603356302198,7.307626425771583
DET,paint (non-RA),middle (8–15),turnover attack,411,0.24087591240875914,0.036144679850932025,14.855463418733063,0.9829620946999044,11228,0.03156854800129544,43363,442.63655131977674,0.009478126513386989,0.03356131203905241,12.974673228532424
DET,paint (non-RA),early (16–23),after a score,177,0.2598870056497175,0.03136525841619414,5.551650739666363,1.0312937432450626,6380,0.03730405591916841,43363,442.63655131977674,0.004081820907225054,0.012542232951873079,6.602817897692809
DET,paint (non-RA),early (16–23),other dead ball,58,0.29310344827586204,0.05202405523303317,3.0173952035159237,1.00015305960374,2153,0.04870651855549135,43363,442.63655131977674,0.0013375458340059497,0.006816868590086334,2.8249780762184984
DET,paint (non-RA),early (16–23),rebound push,766,0.3224543080939948,0.05265772653391978,40.33581852498255,0.9921218683740595,21284,0.0405823070642736,43363,442.63655131977674,0.017664829462906165,0.09112627144034133,31.086047211233577
DET,paint (non-RA),early (16–23),second chance,254,0.44881889763779526,0.07831158694837145,19.891143084886348,0.976712055199082,5265,0.05486110841304818,43363,442.63655131977674,0.005857528307543297,0.04493786838339128,13.934721536914237
DET,paint (non-RA),early (16–23),turnover attack,160,0.35,0.05128343641599146,8.205349826558633,0.9999894670288845,4704,0.04263414850085676,43363,442.63655131977674,0.003689781611050896,0.018537442970069568,6.821463760137082
DET,rim,late (0–7),after a score,1459,0.011651816312542838,0.0016512204811689078,2.4091306820254363,1.3132791371235433,41090,0.003322965709581713,43363,442.63655131977674,0.03364619606577036,0.005442683562490059,4.848206970279719
DET,rim,late (0–7),other dead ball,275,0.01090909090909091,0.0027575343907934357,0.7583219574681949,1.2946691993471917,7953,0.002359383082515829,43363,442.63655131977674,0.006341812143993727,0.0017131932625246654,0.6488303476918529
DET,rim,late (0–7),rebound push,380,0.010526315789473684,0.0019040743685208104,0.723548260037908,1.2990538249921433,13518,0.003873904942650122,43363,442.63655131977674,0.008763231326245877,0.0016346328785559112,1.4720838782070464
DET,rim,late (0–7),second chance,134,0.022388059701492536,0.0016971152300991415,0.22741344083328496,1.2848230016805733,3903,0.0016886623877104521,43363,442.63655131977674,0.0030901920992551252,0.0005137701352389971,0.22628075995320057
DET,rim,late (0–7),turnover attack,205,0.01951219512195122,0.0013113530164541763,0.2688273683731061,1.3082414005801186,6300,0.0027858161705283783,43363,442.63655131977674,0.00472753268915896,0.0006073320596131598,0.5710923149583176
DET,rim,middle (8–15),after a score,2351,0.04338579327945555,0.005624114305390359,13.222292731972734,1.3425654539459773,80264,0.006276070530141061,43363,442.63655131977674,0.0542167285473791,0.0298716694148931,14.755041816361635
DET,rim,middle (8–15),other dead ball,423,0.05673758865248227,0.005851709488555869,2.4752731136591324,1.30992318534764,13325,0.00717740353863139,43363,442.63655131977674,0.009754860134215806,0.005592111872096403,3.036041696841078
DET,rim,middle (8–15),rebound push,1470,0.05238095238095238,0.007189099308380616,10.567975983319506,1.3328605709229406,48083,0.007346732546098074,43363,442.63655131977674,0.033899868551530106,0.023875063981521075,10.799696842764169
DET,rim,middle (8–15),second chance,1268,0.021293375394321766,0.002221119050225292,2.81637895568567,1.3332239841159774,36772,0.002271262334085996,43363,442.63655131977674,0.02924151926757835,0.0063627347251108855,2.879960639621043
DET,rim,middle (8–15),turnover attack,563,0.04085257548845471,0.004824420919276045,2.7161489775524137,1.3327076818269945,17089,0.006075804770359153,43363,442.63655131977674,0.01298341904388534,0.006136296176747882,3.420678085712203
DET,rim,early (16–23),after a score,379,0.06068601583113457,0.004279298860295645,1.6218542680520491,1.3943793891710048,16978,0.007446752802776915,43363,442.63655131977674,0.008740170191176809,0.003664076685976985,2.822319312252451
DET,rim,early (16–23),other dead ball,87,0.13793103448275862,0.00840731639847002,0.7314365266668917,1.343991816342283,4068,0.01363511546828802,43363,442.63655131977674,0.0020063187510089247,0.0016524539703872657,1.1862550457410577
DET,rim,early (16–23),rebound push,2171,0.09120221096269,0.00963228947531299,20.911700450904505,1.378812915503952,67256,0.007182983062180963,43363,442.63655131977674,0.050065724234946846,0.04724350121686433,15.59425622799487
DET,rim,early (16–23),second chance,1094,0.07952468007312614,0.01082978099247457,11.84778040576718,1.2956291667494741,24145,0.0127614196941752,43363,442.63655131977674,0.025228881765560502,0.026766385131190652,13.960993145427668
DET,rim,early (16–23),turnover attack,1204,0.04152823920265781,0.0058967839361342275,7.09972785910561,1.556609824494495,39844,0.0037397852803434514,43363,442.63655131977674,0.027765606623157992,0.01603963305320556,4.502701477533516
DET,three,late (0–7),after a score,2196,0.0004553734061930783,0.00023245261530134283,0.5104659432017489,1.2648324351688838,60211,6.620861986211196e-05,43363,442.63655131977674,0.050642252611673544,0.0011532394730614322,0.14539412921719785
DET,three,late (0–7),other dead ball,406,0.0,0.0,0.0,1.2505568587388554,11441,8.102951376710335e-05,43363,442.63655131977674,0.009362820838041649,0.0,0.03289798258944396
DET,three,late (0–7),rebound push,663,0.0,0.0,0.0,1.2348771804384486,20544,8.273088640251868e-05,43363,442.63655131977674,0.01528953255079215,0.0,0.05485057768486988
DET,three,late (0–7),second chance,174,0.0,0.0,0.0,1.2284360338596145,5203,0.00014020920454352797,43363,442.63655131977674,0.0040126375020178495,0.0,0.02439640159057387
DET,three,late (0–7),turnover attack,302,0.0,0.0,0.0,1.24788816150376,8394,3.886883828135605e-05,43363,442.63655131977674,0.006964462790858566,0.0,0.011738389160969526
DET,three,middle (8–15),after a score,3555,0.0,0.0,0.0,1.2508145465692242,109627,2.727384872646845e-05,43363,442.63655131977674,0.08198233517053709,0.0,0.09695853222259534
DET,three,middle (8–15),other dead ball,588,0.0,0.0,0.0,1.232133198042041,17995,0.000119845929478456,43363,442.63655131977674,0.013559947420612043,0.0,0.07046940653333213
DET,three,middle (8–15),rebound push,2003,0.0,0.0,0.0,1.2491523765256738,61834,1.0404584197921159e-05,43363,442.63655131977674,0.046191453543343405,0.0,0.02084038214843608
DET,three,middle (8–15),second chance,573,0.0017452006980802793,2.299842716181482e-05,0.013178098763719892,1.2497854866748355,19491,0.00013549020140558147,43363,442.63655131977674,0.013214030394576021,2.9771826850782494e-05,0.07763588540539818
DET,three,middle (8–15),turnover attack,755,0.0,0.0,0.0,1.2521990117009902,22045,1.0410916405124238e-05,43363,442.63655131977674,0.017411156977146416,0.0,0.0078602418858688
DET,three,early (16–23),after a score,541,0.0,0.0,0.0,1.2483637076596084,21578,0.00010644479590490595,43363,442.63655131977674,0.012476074072365843,0.0,0.05758663458455412
DET,three,early (16–23),other dead ball,122,0.0,0.0,0.0,1.2441318942032376,5022,0.00031789892876931915,43363,442.63655131977674,0.002813458478426308,0.0,0.03878366930985694
DET,three,early (16–23),rebound push,2323,0.0,0.0,0.0,1.2723759979502667,72214,2.1681045396897346e-05,43363,442.63655131977674,0.05357101676544519,0.0,0.05036506845699253
DET,three,early (16–23),second chance,363,0.0,0.0,0.0,1.2711254615534286,13045,0.0002206650063292304,43363,442.63655131977674,0.00837119203007172,0.0,0.08010139729751063
DET,three,early (16–23),turnover attack,509,0.0,0.0,0.0,1.285345180313685,18922,1.8362996595510883e-05,43363,442.63655131977674,0.011738117750155663,0.0,0.00934676526711504
GSW,mid-range,late (0–7),after a score,1151,0.01737619461337967,0.0009629562255322414,1.1083626155876098,0.9654334784142453,37774,0.0013628006063988987,44466,469.08724863975186,0.025884945801286377,0.002362806959263151,1.5685834979651325
GSW,mid-range,late (0–7),other dead ball,219,0.0365296803652968,0.0012873459942221843,0.28192877273465833,0.9500597052438794,7164,0.0014651568720382769,44466,469.08724863975186,0.0049251113210093105,0.000601015639525885,0.32086935497638264
GSW,mid-range,late (0–7),rebound push,378,0.05026455026455026,0.002668920004600366,1.0088517617389383,0.9253654076250246,13361,0.001897253901621738,44466,469.08724863975186,0.00850087707461881,0.0021506697627453803,0.7171619748130169
GSW,mid-range,late (0–7),second chance,89,0.06741573033707865,0.0018701414495606297,0.16644258901089604,0.9286699726200701,2573,0.0020484346194213784,44466,469.08724863975186,0.0020015292583097197,0.00035482224147755526,0.18231068112850268
GSW,mid-range,late (0–7),turnover attack,157,0.03184713375796178,0.0006816754781989356,0.1070230500772329,0.9610034254696278,5618,0.001703101156536643,44466,469.08724863975186,0.003530787568029506,0.00022815169328856372,0.26738688157625295
GSW,mid-range,middle (8–15),after a score,2253,0.27030625832223704,0.014734973368698528,33.197894999677786,0.9691710977823159,59116,0.009230823245253882,44466,469.08724863975186,0.05066792605586291,0.0707712586431293,20.797044771556997
GSW,mid-range,middle (8–15),other dead ball,444,0.32432432432432434,0.02277128403886825,10.110450113257503,0.9403459053602262,11785,0.017592352363402647,44466,469.08724863975186,0.009985157198758601,0.021553453312950943,7.811004449350775
GSW,mid-range,middle (8–15),rebound push,1193,0.35456831517183574,0.02036828120768385,24.299359480766835,0.9546102032382406,34308,0.01320737556514952,44466,469.08724863975186,0.026829487698466242,0.051801364354348886,15.756399049223377
GSW,mid-range,middle (8–15),second chance,201,0.31343283582089554,0.02062031029223687,4.144682368739611,0.9534621715754067,6250,0.01419988631121416,44466,469.08724863975186,0.004520307650789367,0.008835632136150072,2.8541771485540464
GSW,mid-range,middle (8–15),turnover attack,453,0.3068432671081678,0.01773445701579377,8.033709028154579,0.9585925089084709,12275,0.012774855296131201,44466,469.08724863975186,0.010187559033868573,0.017126257538337568,5.787009449147434
GSW,mid-range,early (16–23),after a score,335,0.41492537313432837,0.030156675976808923,10.10248645223099,1.0087151073537666,6626,0.020990360954200912,44466,469.08724863975186,0.007533846084648945,0.02153647638371314,7.031770919657306
GSW,mid-range,early (16–23),other dead ball,159,0.6289308176100629,0.05269107096289004,8.377880283099516,0.9584502402202849,3632,0.03569070903022185,44466,469.08724863975186,0.0035757657536094993,0.017859961675346103,5.674822735805273
GSW,mid-range,early (16–23),rebound push,771,0.45265888456549935,0.034582286441457444,26.66294284636369,0.997812645980606,18399,0.020208350650541707,44466,469.08724863975186,0.017339090541087572,0.05684005038226953,15.580638351567655
GSW,mid-range,early (16–23),second chance,183,0.5300546448087432,0.043996113878856394,8.05128883983072,0.9971632513674427,5438,0.039655743631359645,44466,469.08724863975186,0.004115503980569424,0.017163734173498976,7.257001084538815
GSW,mid-range,early (16–23),turnover attack,119,0.4789915966386555,0.03836262253119613,4.565152081212339,0.9959066933519743,3273,0.021689207581074777,44466,469.08724863975186,0.0026762020420096253,0.0097319892929306,2.5810157021478983
GSW,paint (non-RA),late (0–7),after a score,908,0.11013215859030837,0.013547783124828508,12.301387077344286,1.0042988350021473,34630,0.012700564811662521,44466,469.08724863975186,0.02042009625331714,0.026224091814509045,11.53211284898957
GSW,paint (non-RA),late (0–7),other dead ball,173,0.13872832369942195,0.017254770096586425,2.9850752267094514,0.9674163752159679,7248,0.010104988280229639,44466,469.08724863975186,0.0038906130526694554,0.006363582116899366,1.7481629724797274
GSW,paint (non-RA),late (0–7),rebound push,269,0.11152416356877323,0.007514289045029665,2.02134375311298,0.9873353413205854,11060,0.015217063988591456,44466,469.08724863975186,0.006049565960509153,0.004309099765500821,4.0933902129311015
GSW,paint (non-RA),late (0–7),second chance,81,0.13580246913580246,0.01180145382612826,0.955917759916389,0.9987286682394196,2713,0.010103361481748192,44466,469.08724863975186,0.001821616515989745,0.0020378250798510017,0.8183722800216036
GSW,paint (non-RA),late (0–7),turnover attack,127,0.14173228346456693,0.015262568785179549,1.9383462357178027,0.9878604489593392,5206,0.015698449223662616,44466,469.08724863975186,0.0028561147843296003,0.004132165692711907,1.9937030514051521
GSW,paint (non-RA),middle (8–15),after a score,1625,0.20553846153846153,0.0331114325693025,53.806077925116554,1.0383424454012717,53931,0.02844624805676054,44466,469.08724863975186,0.03654477578374488,0.11470377436424066,46.22515309223588
GSW,paint (non-RA),middle (8–15),other dead ball,290,0.20344827586206896,0.03157529745131182,9.156836260880429,1.0267321955801614,9624,0.033404863515880075,44466,469.08724863975186,0.006521836909099087,0.019520539702226412,9.687410419605222
GSW,paint (non-RA),middle (8–15),rebound push,917,0.21155943293347873,0.03614751348791976,33.14726986842242,1.0267911254006317,32822,0.032959406317193386,44466,469.08724863975186,0.020622498088427112,0.07066333600954212,30.223775592866335
GSW,paint (non-RA),middle (8–15),second chance,233,0.2875536480686695,0.04232458362394329,9.861627984378787,1.0087728692770894,7538,0.02877018277862828,44466,469.08724863975186,0.005239958620069266,0.021023014402918226,6.70345258742039
GSW,paint (non-RA),middle (8–15),turnover attack,287,0.2578397212543554,0.04207545455152928,12.075655456288903,1.0118953538313677,11228,0.03156854800129544,44466,469.08724863975186,0.006454369630729096,0.025742877239374132,9.06017327637179
GSW,paint (non-RA),early (16–23),after a score,239,0.28451882845188287,0.048535985213154366,11.600100465943893,1.0526352810890345,6380,0.03730405591916841,44466,469.08724863975186,0.005374893176809247,0.024729089310318263,8.91566936468125
GSW,paint (non-RA),early (16–23),other dead ball,97,0.26804123711340205,0.046480136584610636,4.508573248707232,1.0750129134982007,2153,0.04870651855549135,44466,469.08724863975186,0.0021814420006296947,0.009611374561515125,4.724532299882661
GSW,paint (non-RA),early (16–23),rebound push,649,0.32973805855161786,0.0522146949557625,33.88733702628986,1.0514319032324406,21284,0.0405823070642736,44466,469.08724863975186,0.014595421220707956,0.07224101086643384,26.337917284713566
GSW,paint (non-RA),early (16–23),second chance,136,0.375,0.07075781430196977,9.62306274506789,1.0521669288589548,5265,0.05486110841304818,44466,469.08724863975186,0.003058516619439572,0.020514441125766305,7.461110744174552
GSW,paint (non-RA),early (16–23),turnover attack,190,0.2736842105263158,0.0337409462972512,6.410779796477727,1.1163677897102653,4704,0.04263414850085676,44466,469.08724863975186,0.004272927630099402,0.013666497682611401,8.100488215162786
GSW,rim,late (0–7),after a score,1097,0.02643573381950775,0.005727075577408799,6.282601908417452,1.3819673132607466,41090,0.003322965709581713,44466,469.08724863975186,0.024670534790626548,0.013393248114579096,3.6452933834111394
GSW,rim,late (0–7),other dead ball,222,0.013513513513513514,0.0009097571567902795,0.20196608880744205,1.3659300193011257,7953,0.002359383082515829,44466,469.08724863975186,0.004992578599379301,0.00043055122345171085,0.523783044318514
GSW,rim,late (0–7),rebound push,379,0.018469656992084433,0.0028403292709029285,1.07648479367221,1.3736750969464557,13518,0.003873904942650122,44466,469.08724863975186,0.008523366167408807,0.002294849831867686,1.4682099732643963
GSW,rim,late (0–7),second chance,121,0.0,0.0,0.0,1.3704214633578753,3903,0.0016886623877104521,44466,469.08724863975186,0.002721180227589619,0.0,0.20432814891296472
GSW,rim,late (0–7),turnover attack,183,0.01639344262295082,0.00287013152317046,0.5252340687401942,1.4657320323254048,6300,0.0027858161705283783,44466,469.08724863975186,0.004115503980569424,0.0011196937675523168,0.5098043592066932
GSW,rim,middle (8–15),after a score,2623,0.060236370568051846,0.008877623111904756,23.286005422526173,1.4639518780761092,80264,0.006276070530141061,44466,469.08724863975186,0.05898889038816174,0.04964109659780858,16.462133000560005
GSW,rim,middle (8–15),other dead ball,393,0.06870229007633588,0.008964566986743399,3.523074825790156,1.4657367232326788,13325,0.00717740353863139,44466,469.08724863975186,0.008838213466468762,0.007510489436680032,2.8207195906821365
GSW,rim,middle (8–15),rebound push,1507,0.08161911081619111,0.010936890843170404,16.4818945006578,1.4232249051080201,48083,0.007346732546098074,44466,469.08724863975186,0.033891062834525254,0.03513609578698122,11.071525946969798
GSW,rim,middle (8–15),second chance,1036,0.05308880308880309,0.005399342467923063,5.593718796768293,1.3746498517891295,36772,0.002271262334085996,44466,469.08724863975186,0.02329870013043674,0.011924687385958213,2.3530277781130917
GSW,rim,middle (8–15),turnover attack,564,0.05851063829787234,0.008718445844736472,4.91720345643137,1.4928860075090513,17089,0.006075804770359153,44466,469.08724863975186,0.012683848333558224,0.010482492267035952,3.426753890482562
GSW,rim,early (16–23),after a score,618,0.11326860841423948,0.013287294700491517,8.211548124903757,1.4580147846891238,16978,0.007446752802776915,44466,469.08724863975186,0.013898259344218055,0.01750537485023396,4.602093232116133
GSW,rim,early (16–23),other dead ball,162,0.1728395061728395,0.020798824252038405,3.3694095288302215,1.4508114473656273,4068,0.01363511546828802,44466,469.08724863975186,0.00364323303197949,0.007182905821040235,2.208888705862659
GSW,rim,early (16–23),rebound push,2278,0.10755048287971905,0.012559731084067206,28.611067409505093,1.4832704503118903,67256,0.007182983062180963,44466,469.08724863975186,0.051230153375612826,0.06099306150928381,16.362835415648235
GSW,rim,early (16–23),second chance,601,0.18469217970049917,0.020951616224757653,12.59192135107935,1.333380252847231,24145,0.0127614196941752,44466,469.08724863975186,0.013515944766788107,0.026843452657460007,7.669613236199295
GSW,rim,early (16–23),turnover attack,1271,0.06451612903225806,0.006243227363344452,7.935141978810798,1.6047731003216927,39844,0.0037397852803434514,44466,469.08724863975186,0.028583636936086,0.01691613234386766,4.753267091316527
GSW,three,late (0–7),after a score,1746,0.000572737686139748,0.0001437755106323713,0.2510320415641203,1.2835318765520447,60211,6.620861986211196e-05,44466,469.08724863975186,0.0392659560113345,0.0005351500009690246,0.11560025027924747
GSW,three,late (0–7),other dead ball,340,0.0,0.0,0.0,1.267426556642154,11441,8.102951376710335e-05,44466,469.08724863975186,0.00764629154859893,0.0,0.027550034680815138
GSW,three,late (0–7),rebound push,657,0.0,0.0,0.0,1.2552189314182258,20544,8.273088640251868e-05,44466,469.08724863975186,0.014775333963027932,0.0,0.05435419236645477
GSW,three,late (0–7),second chance,185,0.0,0.0,0.0,1.247751797104402,5203,0.00014020920454352797,44466,469.08724863975186,0.004160482166149417,0.0,0.025938702840552674
GSW,three,late (0–7),turnover attack,264,0.0,0.0,0.0,1.2657507847066707,8394,3.886883828135605e-05,44466,469.08724863975186,0.0059371204965591685,0.0,0.010261373306277997
GSW,three,middle (8–15),after a score,4038,0.0012382367508667657,0.00017321900291271253,0.6994583337615332,1.2905840151415378,109627,2.727384872646845e-05,44466,469.08724863975186,0.09081095668600729,0.0014911049826867092,0.1101318011574796
GSW,three,middle (8–15),other dead ball,674,0.0,0.0,0.0,1.2670666693212074,17995,0.000119845929478456,44466,469.08724863975186,0.015157648540457877,0.0,0.08077615646847934
GSW,three,middle (8–15),rebound push,2315,0.0012958963282937365,0.0001062901355556124,0.24606166381124273,1.283972823587553,61834,1.0404584197921159e-05,44466,469.08724863975186,0.05206224980884271,0.0005245541517591163,0.02408661241818748
GSW,three,middle (8–15),second chance,664,0.0,0.0,0.0,1.2850457031509104,19491,0.00013549020140558147,44466,469.08724863975186,0.01493275761255791,0.0,0.08996549373330609
GSW,three,middle (8–15),turnover attack,843,0.0,0.0,0.0,1.2971909206194803,22045,1.0410916405124238e-05,44466,469.08724863975186,0.018958305221967345,0.0,0.008776402529519733
GSW,three,early (16–23),after a score,1033,0.00484027105517909,0.0002651874998936197,0.2739386873901092,1.3118656737619574,21578,0.00010644479590490595,44466,469.08724863975186,0.023231232852066748,0.0005839823789379697,0.10995747416976784
GSW,three,early (16–23),other dead ball,227,0.013215859030837005,0.00028010457084971926,0.06358373758288627,1.2790962471524407,5022,0.00031789892876931915,44466,469.08724863975186,0.005105024063329285,0.00013554778512369479,0.07216305683063545
GSW,three,early (16–23),rebound push,2835,0.0038800705467372134,0.0001334574670423859,0.3783519190651641,1.3119894375984398,72214,2.1681045396897346e-05,44466,469.08724863975186,0.06375657805964108,0.0008065704624508554,0.06146576370020398
GSW,three,early (16–23),second chance,469,0.0042643923240938165,2.2439940794503794e-05,0.01052433223262228,1.3350037647181114,13045,0.0002206650063292304,44466,469.08724863975186,0.010547384518508523,2.2435767041505583e-05,0.10349188796840905
GSW,three,early (16–23),turnover attack,795,0.0025157232704402514,7.443969376903279e-05,0.059179556546381074,1.347763892228661,18922,1.8362996595510883e-05,44466,469.08724863975186,0.017878828768047497,0.00012615895383638877,0.014598582293431153
HOU,mid-range,late (0–7),after a score,574,0.02613240418118467,0.0012762616640270756,0.7325741951515414,0.9578821767868648,37774,0.0013628006063988987,44184,357.15062585830566,0.012991128010139416,0.002051163128696797,0.7822475480729678
HOU,mid-range,late (0–7),other dead ball,113,0.035398230088495575,0.005077795962140876,0.573790943721919,0.9411247240851344,7164,0.0014651568720382769,44184,357.15062585830566,0.0025574868730762266,0.001606579695451975,0.16556272654032528
HOU,mid-range,late (0–7),rebound push,192,0.041666666666666664,0.0021346028645900825,0.4098437500012958,0.9328074309880421,13361,0.001897253901621738,44184,357.15062585830566,0.0043454644215100485,0.001147537538304344,0.3642727491113737
HOU,mid-range,late (0–7),second chance,56,0.10714285714285714,0.0015927511960571342,0.08919406697919952,0.9324768627043348,2573,0.0020484346194213784,44184,357.15062585830566,0.0012674271229404308,0.0002497379551410501,0.11471233868759718
HOU,mid-range,late (0–7),turnover attack,83,0.07228915662650602,0.005742815887357492,0.47665371865067185,0.9688637136083995,5618,0.001703101156536643,44184,357.15062585830566,0.0018785080572152816,0.0013346013814344465,0.14135739599254138
HOU,mid-range,middle (8–15),after a score,826,0.2179176755447942,0.011850995001604709,9.78892187132549,0.9649698459316681,59116,0.009230823245253882,44184,357.15062585830566,0.018694550063371358,0.027408385041467358,7.6246600005797065
HOU,mid-range,middle (8–15),other dead ball,192,0.3072916666666667,0.01843128526947684,3.5388067717395533,0.9459527632317893,11785,0.017592352363402647,44184,357.15062585830566,0.0043454644215100485,0.009908443428413656,3.377731653773308
HOU,mid-range,middle (8–15),rebound push,471,0.2929936305732484,0.016453948056772374,7.749809534739788,0.9534438809351761,34308,0.01320737556514952,44184,357.15062585830566,0.010659967409016839,0.021698994691988622,6.220673891185424
HOU,mid-range,middle (8–15),second chance,124,0.25806451612903225,0.011945053942088822,1.481186688819014,0.9535180710940407,6250,0.01419988631121416,44184,357.15062585830566,0.0028064457722252398,0.004147232516419146,1.760785902590556
HOU,mid-range,middle (8–15),turnover attack,156,0.20512820512820512,0.014409093871112043,2.2478186438934786,0.9706348986928719,12275,0.012774855296131201,44184,357.15062585830566,0.0035306898424769147,0.006293755298598491,1.9928774261964675
HOU,mid-range,early (16–23),after a score,116,0.3448275862068966,0.014908632144105016,1.7294013287161818,0.9801106673228073,6626,0.020990360954200912,44184,357.15062585830566,0.002625384754662321,0.004842218390518226,2.4348818706873057
HOU,mid-range,early (16–23),other dead ball,32,0.34375,0.02714953752356041,0.8687852007539332,0.9840247502229357,3632,0.03569070903022185,44184,357.15062585830566,0.0007242440702516748,0.0024325456483971306,1.142102688967099
HOU,mid-range,early (16–23),rebound push,248,0.39919354838709675,0.025584679942771985,6.345000625807452,0.9698554730792329,18399,0.020208350650541707,44184,357.15062585830566,0.0056128915444504796,0.01776561530743261,5.011670961334343
HOU,mid-range,early (16–23),second chance,87,0.5747126436781609,0.0430380061556853,3.744306535544621,0.9599003969125767,5438,0.039655743631359645,44184,357.15062585830566,0.001969038565996741,0.010483830251021653,3.450049695928289
HOU,mid-range,early (16–23),turnover attack,45,0.37777777777777777,0.01281631412437687,0.5767341355969592,0.9875462044403697,3273,0.021689207581074777,44184,357.15062585830566,0.0010184682237914177,0.0016148204534457966,0.9760143411483649
HOU,paint (non-RA),late (0–7),after a score,786,0.17557251908396945,0.02372276608824433,18.646094145360046,0.9797333214602386,34630,0.012700564811662521,44184,357.15062585830566,0.017789244975556763,0.05220792795910601,9.982643941966742
HOU,paint (non-RA),late (0–7),other dead ball,166,0.13855421686746988,0.016061334896370946,2.666181592797577,0.9622620451178856,7248,0.010104988280229639,44184,357.15062585830566,0.0037570161144305633,0.0074651460749654295,1.67742805451812
HOU,paint (non-RA),late (0–7),rebound push,235,0.17446808510638298,0.020360450712415993,4.784705917417758,0.9511950631934196,11060,0.015217063988591456,44184,357.15062585830566,0.005318667390910737,0.013396885154321475,3.576010037318992
HOU,paint (non-RA),late (0–7),second chance,79,0.17721518987341772,0.02100199795075973,1.6591578381100187,0.9468130784227282,2713,0.010103361481748192,44184,357.15062585830566,0.0017879775484338223,0.004645540895029162,0.7981655570581071
HOU,paint (non-RA),late (0–7),turnover attack,123,0.17886178861788618,0.02308462183911782,2.8394084862114917,0.9933932107646676,5206,0.015698449223662616,44184,357.15062585830566,0.0027838131450298753,0.007950170826070415,1.9309092545105018
HOU,paint (non-RA),middle (8–15),after a score,1345,0.26765799256505574,0.04582339085396007,61.63246069857629,0.986203765471365,53931,0.02844624805676054,44184,357.15062585830566,0.03044088357776571,0.17256713620607814,38.26020363634293
HOU,paint (non-RA),middle (8–15),other dead ball,193,0.21761658031088082,0.034220964235612446,6.604646097473202,0.9869798837363247,9624,0.033404863515880075,44184,357.15062585830566,0.0043680970487054134,0.018492606814284288,6.447138658564854
HOU,paint (non-RA),middle (8–15),rebound push,801,0.2958801498127341,0.05685162624045272,45.53815261860263,0.9650821463207652,32822,0.032959406317193386,44184,357.15062585830566,0.018128734383487236,0.12750405381249208,26.4004844600719
HOU,paint (non-RA),middle (8–15),second chance,202,0.23267326732673269,0.03765115760320445,7.605533835847299,1.0011369373548382,7538,0.02877018277862828,44184,357.15062585830566,0.004571790693463697,0.02129503152225942,5.811576921282913
HOU,paint (non-RA),middle (8–15),turnover attack,286,0.27972027972027974,0.048223419101954004,13.791897863158844,0.9816540886662973,11228,0.03156854800129544,44184,357.15062585830566,0.006472931377874343,0.03861647401572966,9.028604728370496
HOU,paint (non-RA),early (16–23),after a score,184,0.2826086956521739,0.04249335037639603,7.81877646925687,1.0365629558937122,6380,0.03730405591916841,44184,357.15062585830566,0.00416440340394713,0.02189209790817742,6.863946289126988
HOU,paint (non-RA),early (16–23),other dead ball,54,0.24074074074074073,0.04375863201840659,2.3629661289939556,1.0446429855742478,2153,0.04870651855549135,44184,357.15062585830566,0.0012221618685497012,0.0066161612437756956,2.630152001996533
HOU,paint (non-RA),early (16–23),rebound push,491,0.3075356415478615,0.0570718162156858,28.022261761901728,1.0132285079767132,21284,0.0405823070642736,44184,357.15062585830566,0.011112619952924136,0.07846062622614346,19.925912768558337
HOU,paint (non-RA),early (16–23),second chance,117,0.28205128205128205,0.052663530000334906,6.161633010039184,1.0440227034533078,5265,0.05486110841304818,44184,357.15062585830566,0.002648017381857686,0.01725219715136023,6.418749684326637
HOU,paint (non-RA),early (16–23),turnover attack,132,0.4090909090909091,0.07837595736429863,10.34562637208742,0.9955886848381302,4704,0.04263414850085676,44184,357.15062585830566,0.0029875067897881585,0.02896712373728808,5.627707602113093
HOU,rim,late (0–7),after a score,1410,0.02624113475177305,0.0040263891565557736,5.67720871074364,1.3662829342637852,41090,0.003322965709581713,44184,357.15062585830566,0.03191200434546442,0.0158958386173905,4.685381650510215
HOU,rim,late (0–7),other dead ball,290,0.03103448275862069,0.008244402876312954,2.3908768341307565,1.3548943637250919,7953,0.002359383082515829,44184,357.15062585830566,0.006563461886655803,0.006694309518245958,0.6842210939295904
HOU,rim,late (0–7),rebound push,421,0.026128266033254157,0.005643770704188286,2.3760274664632686,1.3746927902209045,13518,0.003873904942650122,44184,357.15062585830566,0.009528336049248597,0.006652732193183733,1.6309139808557014
HOU,rim,late (0–7),second chance,167,0.017964071856287425,0.0013747152290454667,0.22957744325059293,1.3375146254562458,3903,0.0016886623877104521,44184,357.15062585830566,0.003779648741625928,0.000642802858594666,0.2820066187476455
HOU,rim,late (0–7),turnover attack,236,0.0211864406779661,0.0013475199915860387,0.31801471801430514,1.3706313636478784,6300,0.0027858161705283783,44184,357.15062585830566,0.005341300018106102,0.0008904218416250875,0.6574526162446973
HOU,rim,middle (8–15),after a score,3132,0.05076628352490421,0.0054138039249775165,16.95603389302958,1.4131803817061797,80264,0.006276070530141061,44184,357.15062585830566,0.07088538837588267,0.04747586218638363,19.656652900401802
HOU,rim,middle (8–15),other dead ball,459,0.058823529411764705,0.009558232604980597,4.3872287656860935,1.3773675177140767,13325,0.00717740353863139,44184,357.15062585830566,0.010388375882672461,0.01228397333797943,3.294428224231808
HOU,rim,middle (8–15),rebound push,1703,0.06694069289489137,0.008011225816813988,13.643117566034222,1.386120740439824,48083,0.007346732546098074,44184,357.15062585830566,0.03854336411370632,0.038199898245304856,12.51148552600502
HOU,rim,middle (8–15),second chance,1115,0.028699551569506727,0.002395494417859482,2.6709762759133224,1.3883518468051639,36772,0.002271262334085996,44184,357.15062585830566,0.025235379322831795,0.007478570895667403,2.5324575025058853
HOU,rim,middle (8–15),turnover attack,695,0.03884892086330935,0.006442395632933946,4.4774649648890925,1.4249724373203922,17089,0.006075804770359153,44184,357.15062585830566,0.01572967590077856,0.012536629199875634,4.222684315399611
HOU,rim,early (16–23),after a score,796,0.0728643216080402,0.006558360155704816,5.220454683941034,1.4428935720376697,16978,0.007446752802776915,44184,357.15062585830566,0.018015571247510413,0.014616955161131857,5.927615231010424
HOU,rim,early (16–23),other dead ball,141,0.10638297872340426,0.008092488640480353,1.1410408983077298,1.4392743612117602,4068,0.01363511546828802,44184,357.15062585830566,0.003191200434546442,0.003194845019704435,1.9225512810286107
HOU,rim,early (16–23),rebound push,2311,0.07269580268282129,0.008021769323973641,18.538308907703083,1.4806355292909181,67256,0.007182983062180963,44184,357.15062585830566,0.05230400144848814,0.05190613585836999,16.599873856700206
HOU,rim,early (16–23),second chance,805,0.15527950310559005,0.016738187291179665,13.47424076939963,1.356577537066574,24145,0.0127614196941752,44184,357.15062585830566,0.018219264892268695,0.03772705350023757,10.272942853811035
HOU,rim,early (16–23),turnover attack,1450,0.036551724137931035,0.0026007353097234494,3.7710661990990015,1.6332521215973175,39844,0.0037397852803434514,44184,357.15062585830566,0.03281730943327901,0.01055875567916579,5.422688656498004
HOU,three,late (0–7),after a score,2473,0.0,0.0,0.0,1.2785072965288866,60211,6.620861986211196e-05,44184,357.15062585830566,0.05597048705413724,0.0,0.16373391691900288
HOU,three,late (0–7),other dead ball,466,0.002145922746781116,0.00039071381521381475,0.18207263788963768,1.2634221432133748,11441,8.102951376710335e-05,44184,357.15062585830566,0.010546804273040014,0.000509792296883367,0.03775975341547016
HOU,three,late (0–7),rebound push,769,0.0013003901170351106,0.0001986415719289108,0.1527553688133324,1.245149357861656,20544,8.273088640251868e-05,44184,357.15062585830566,0.01740449031323556,0.0004277057290498376,0.06362005164353686
HOU,three,late (0–7),second chance,294,0.0,0.0,0.0,1.2546663832547835,5203,0.00014020920454352797,44184,357.15062585830566,0.006653992395437262,0.0,0.041221506135797226
HOU,three,late (0–7),turnover attack,340,0.0029411764705882353,0.0005355077584989343,0.18207263788963768,1.2716595881406652,8394,3.886883828135605e-05,44184,357.15062585830566,0.007695093246424045,0.000509792296883367,0.013215405015661057
HOU,three,middle (8–15),after a score,5023,0.00019908421262193908,4.953976349180713e-06,0.02488382320193472,1.2652699789409771,109627,2.727384872646845e-05,44184,357.15062585830566,0.11368368640231757,6.967318940610513e-05,0.13699654215305102
HOU,three,middle (8–15),other dead ball,774,0.0,0.0,0.0,1.2431840262136924,17995,0.000119845929478456,44184,357.15062585830566,0.017517653449212384,0.0,0.09276074941632494
HOU,three,middle (8–15),rebound push,2693,0.0,0.0,0.0,1.268996423636566,61834,1.0404584197921159e-05,44184,357.15062585830566,0.06094966503711751,0.0,0.028019545245001682
HOU,three,middle (8–15),second chance,776,0.001288659793814433,0.00020163207568840027,0.1564664907341986,1.2627863677656335,19491,0.00013549020140558147,44184,357.15062585830566,0.017562918703603114,0.00043809664440088206,0.10514039629073121
HOU,three,middle (8–15),turnover attack,1076,0.0,0.0,0.0,1.261998366033848,22045,1.0410916405124238e-05,44184,357.15062585830566,0.024352706862212567,0.0,0.011202146051913681
HOU,three,early (16–23),after a score,1181,0.0,0.0,0.0,1.2762063068803247,21578,0.00010644479590490595,44184,357.15062585830566,0.026729132717725874,0.0,0.12571130396369393
HOU,three,early (16–23),other dead ball,214,0.0,0.0,0.0,1.2611405248502245,5022,0.00031789892876931915,44184,357.15062585830566,0.004843382219808076,0.0,0.0680303707566343
HOU,three,early (16–23),rebound push,2948,0.0010176390773405698,0.00010153970314492608,0.2993390448712421,1.2805494277508693,72214,2.1681045396897346e-05,44184,357.15062585830566,0.06672098497193554,0.0008381310942739339,0.06391572183005338
HOU,three,early (16–23),second chance,626,0.001597444089456869,7.838164700463191e-05,0.04906691102489957,1.2867533140439074,13045,0.0002206650063292304,44184,357.15062585830566,0.014168024624298389,0.0001373843624296662,0.13813629396209823
HOU,three,early (16–23),turnover attack,891,0.0,0.0,0.0,1.2886429120179088,18922,1.8362996595510883e-05,44184,357.15062585830566,0.02016567083107007,0.0,0.016361429966600196
IND,mid-range,late (0–7),after a score,1354,0.024372230428360415,0.0014189097205104153,1.9212037615711024,0.9465943720894006,37774,0.0013628006063988987,44845,334.69106423468463,0.03019288660943249,0.005740230220858118,1.8452320210641089
IND,mid-range,late (0–7),other dead ball,280,0.025,0.0008783847011743133,0.24594771632880774,0.9335658274475248,7164,0.0014651568720382769,44845,334.69106423468463,0.006243728397814695,0.000734849963476616,0.41024392417071753
IND,mid-range,late (0–7),rebound push,554,0.02888086642599278,0.0018235690996969338,1.0102572812321013,0.9203146272097011,13361,0.001897253901621738,44845,334.69106423468463,0.012353662615676218,0.0030184770051814446,1.0510786614984429
IND,mid-range,late (0–7),second chance,93,0.0,0.0,0.0,0.9401906030686757,2573,0.0020484346194213784,44845,334.69106423468463,0.0020738097892741667,0.0,0.1905044196061882
IND,mid-range,late (0–7),turnover attack,205,0.014634146341463415,0.0006008551150270623,0.12317529858054777,0.9392918557491222,5618,0.001703101156536643,44845,334.69106423468463,0.004571301148400045,0.0003680268514553992,0.34913573709001183
IND,mid-range,middle (8–15),after a score,2691,0.16573764399851357,0.006630616756745618,17.84298969240246,0.9563780302592957,59116,0.009230823245253882,44845,334.69106423468463,0.06000668970899766,0.053311819761913314,24.840145352978197
IND,mid-range,middle (8–15),other dead ball,501,0.2694610778443114,0.015688687864190344,7.860032619959362,0.9297490590954002,11785,0.017592352363402647,44845,334.69106423468463,0.011171814026089865,0.023484441205301868,8.813768534064726
IND,mid-range,middle (8–15),rebound push,1512,0.22023809523809523,0.008456726554684721,12.7865705506833,0.949004530739103,34308,0.01320737556514952,44845,334.69106423468463,0.033716133348199354,0.03820409899475949,19.969551854506072
IND,mid-range,middle (8–15),second chance,222,0.25225225225225223,0.011595576204860994,2.5742179174791406,0.9367368742686765,6250,0.01419988631121416,44845,334.69106423468463,0.0049503846582673655,0.007691325501520126,3.1523747610895434
IND,mid-range,middle (8–15),turnover attack,555,0.23963963963963963,0.009922017169600322,5.506719529128178,0.9442780421474324,12275,0.012774855296131201,44845,334.69106423468463,0.012375961645668414,0.016453141770366712,7.090044689352816
IND,mid-range,early (16–23),after a score,292,0.273972602739726,0.0181826562687445,5.309335630473394,1.002372741209189,6626,0.020990360954200912,44845,334.69106423468463,0.006511316757721039,0.015863392237895242,6.1291853986266664
IND,mid-range,early (16–23),other dead ball,127,0.49606299212598426,0.029841034621159716,3.789811396887284,0.9452999442488137,3632,0.03569070903022185,44845,334.69106423468463,0.0028319768090088082,0.011323312158193375,4.5327200468381745
IND,mid-range,early (16–23),rebound push,710,0.3126760563380282,0.016995714255589593,12.066957121468612,0.9924839023130475,18399,0.020208350650541707,44845,334.69106423468463,0.015832311294458692,0.03605401640782165,14.347928961884612
IND,mid-range,early (16–23),second chance,187,0.6310160427807486,0.04209177816002336,7.871162515924368,0.9433958047359554,5438,0.039655743631359645,44845,334.69106423468463,0.004169918608540529,0.023517695442281442,7.415624059064253
IND,mid-range,early (16–23),turnover attack,128,0.328125,0.018481529916677182,2.3656358293346793,1.003454668555887,3273,0.021689207581074777,44845,334.69106423468463,0.0028542758390010035,0.007068117682627764,2.7762185703775715
IND,paint (non-RA),late (0–7),after a score,990,0.10707070707070707,0.010879323828035145,10.770530589754793,0.9914563735119448,34630,0.012700564811662521,44845,334.69106423468463,0.022076039692273387,0.03218051433307022,12.573559163545896
IND,paint (non-RA),late (0–7),other dead ball,202,0.08415841584158416,0.010863309587866807,2.194388536749095,1.0029194628822262,7248,0.010104988280229639,44845,334.69106423468463,0.004504404058423459,0.006556459885676525,2.041207632606387
IND,paint (non-RA),late (0–7),rebound push,403,0.13399503722084366,0.016816353862506937,6.776990606590296,0.969675794894215,11060,0.015217063988591456,44845,334.69106423468463,0.008986509086854721,0.020248495794432938,6.132476787402357
IND,paint (non-RA),late (0–7),second chance,114,0.05263157894736842,0.007833025929004648,0.8929649559065299,1.006314937714702,2713,0.010103361481748192,44845,334.69106423468463,0.0025420894191102686,0.0026680274776633562,1.1517832089192939
IND,paint (non-RA),late (0–7),turnover attack,160,0.13125,0.012495948372350265,1.9993517395760425,0.9895532009111495,5206,0.015698449223662616,44845,334.69106423468463,0.0035678447987512545,0.005973723093408019,2.5117518757860187
IND,paint (non-RA),middle (8–15),after a score,1838,0.19586507072905332,0.026561777065145876,48.82054624573812,1.0192035755411646,53931,0.02844624805676054,44845,334.69106423468463,0.04098561712565504,0.14586749233169027,52.28420392832587
IND,paint (non-RA),middle (8–15),other dead ball,250,0.188,0.024153176084153762,6.038294021038441,1.01157500807355,9624,0.033404863515880075,44845,334.69106423468463,0.0055747574980488344,0.01804139598063605,8.351215878970018
IND,paint (non-RA),middle (8–15),rebound push,1003,0.2073778664007976,0.028818084259423393,28.904538512201665,1.013502975721479,32822,0.032959406317193386,44845,334.69106423468463,0.022365927082171926,0.08636184709112481,33.05828453614497
IND,paint (non-RA),middle (8–15),second chance,235,0.225531914893617,0.031034264451612965,7.293052146129047,1.0086665800862167,7538,0.02877018277862828,44845,334.69106423468463,0.005240272048165905,0.021790399940331766,6.760992952977646
IND,paint (non-RA),middle (8–15),turnover attack,408,0.2107843137254902,0.028803308113203672,11.751749710187099,1.017843575967032,11228,0.03156854800129544,44845,334.69106423468463,0.009098004236815699,0.03511223025048197,12.879967584528538
IND,paint (non-RA),early (16–23),after a score,217,0.2073732718894009,0.03339937784202332,7.247664991719061,1.074723685053123,6380,0.03730405591916841,44845,334.69106423468463,0.004838889508306389,0.021654790839103533,8.094980134459545
IND,paint (non-RA),early (16–23),other dead ball,60,0.4166666666666667,0.064323170281024,3.85939021686144,0.9792188318953232,2153,0.04870651855549135,44845,334.69106423468463,0.0013379417995317204,0.011531201843366944,2.922391113329481
IND,paint (non-RA),early (16–23),rebound push,606,0.23927392739273928,0.03876754712124665,23.49313355547547,1.0626877548196965,21284,0.0405823070642736,44845,334.69106423468463,0.013513212175270376,0.07019348905891953,24.592878080949802
IND,paint (non-RA),early (16–23),second chance,172,0.27906976744186046,0.05161931823998882,8.878522737278077,1.0650968254350703,5265,0.05486110841304818,44845,334.69106423468463,0.0038354331586575984,0.026527516525067657,9.436110647044286
IND,paint (non-RA),early (16–23),turnover attack,155,0.2709677419354839,0.04528164062886537,7.018654297474132,1.0670700392423038,4704,0.04263414850085676,44845,334.69106423468463,0.0034563496487902776,0.020970545818195695,6.608293017632798
IND,rim,late (0–7),after a score,1301,0.010760953112990008,0.0026107705061014065,3.3966124284379298,1.3409391466223426,41090,0.003322965709581713,44845,334.69106423468463,0.029011038019846138,0.010148500487172352,4.323178388165808
IND,rim,late (0–7),other dead ball,284,0.02112676056338028,0.006309010557090523,1.7917589982137085,1.3883604491953803,7953,0.002359383082515829,44845,334.69106423468463,0.006332924517783476,0.0053534712745044516,0.6700647954344954
IND,rim,late (0–7),rebound push,474,0.023206751054852322,0.002866732757330124,1.3588313269744787,1.3488233355167125,13518,0.003873904942650122,44845,334.69106423468463,0.010569740216300591,0.004059956993717852,1.8362309428161578
IND,rim,late (0–7),second chance,137,0.0,0.0,0.0,1.3638461217829985,3903,0.0016886623877104521,44845,334.69106423468463,0.0030549671089307616,0.0,0.23134674711633194
IND,rim,late (0–7),turnover attack,236,0.012711864406779662,0.00210915650162203,0.4977609343827991,1.3763288645377494,6300,0.0027858161705283783,44845,334.69106423468463,0.0052625710781581,0.0014872250489298103,0.6574526162446973
IND,rim,middle (8–15),after a score,2837,0.03877335213253437,0.005905519793821592,16.753959655071856,1.3933096781393486,80264,0.006276070530141061,44845,334.69106423468463,0.06326234808785818,0.05005798315345526,17.80521209401019
IND,rim,middle (8–15),other dead ball,488,0.06967213114754098,0.008917198867622182,4.351593047399625,1.3997605430901425,13325,0.00717740353863139,44845,334.69106423468463,0.010881926636191325,0.013001820222927427,3.5025729268521184
IND,rim,middle (8–15),rebound push,1697,0.050677666470241606,0.006243613292407717,10.595411757215896,1.3765958573560917,48083,0.007346732546098074,44845,334.69106423468463,0.03784145389675549,0.03165728903292864,12.467405130728432
IND,rim,middle (8–15),second chance,1280,0.01953125,0.0023695096629930625,3.03297236863112,1.378628415883633,36772,0.002271262334085996,44845,334.69106423468463,0.028542758390010036,0.009062005809944202,2.907215787630075
IND,rim,middle (8–15),turnover attack,619,0.04361873990306947,0.004371901617145639,2.7062071010131508,1.3897852690600816,17089,0.006075804770359153,44845,334.69106423468463,0.013803099565168914,0.008085686742791448,3.7609231528523157
IND,rim,early (16–23),after a score,632,0.06645569620253164,0.006333736257534636,4.00292131476189,1.4720114401793436,16978,0.007446752802776915,44845,334.69106423468463,0.014092986955067454,0.01196004836255518,4.70634777135501
IND,rim,early (16–23),other dead ball,121,0.08264462809917356,0.007696404066006745,0.9312648919868162,1.4353867197384036,4068,0.01363511546828802,44845,334.69106423468463,0.002698182629055636,0.0027824611754014897,1.6498489716628504
IND,rim,early (16–23),rebound push,2234,0.06669650850492391,0.005153703805537114,11.513374301569913,1.4659543347417419,67256,0.007182983062180963,44845,334.69106423468463,0.04981603300256439,0.03440000505509989,16.04678416091227
IND,rim,early (16–23),second chance,750,0.124,0.013288130915828932,9.9660981868717,1.3691293765266985,24145,0.0127614196941752,44845,334.69106423468463,0.016724272494146503,0.029777007072658186,9.5710647706314
IND,rim,early (16–23),turnover attack,1534,0.039765319426336376,0.003366418614547063,5.164086154715195,1.6157308323487953,39844,0.0037397852803434514,44845,334.69106423468463,0.03420671200802765,0.01542941149780488,5.736830620046854
IND,three,late (0–7),after a score,1680,0.0017857142857142857,0.00021178036594764305,0.35579101479204034,1.2667750549229306,60211,6.620861986211196e-05,44845,334.69106423468463,0.03746237038688817,0.0010630430651191825,0.1112304813683481
IND,three,late (0–7),other dead ball,302,0.0,0.0,0.0,1.2505449244663012,11441,8.102951376710335e-05,44845,334.69106423468463,0.006734307057642993,0.0,0.02447091315766521
IND,three,late (0–7),rebound push,655,0.0,0.0,0.0,1.2359764612592459,20544,8.273088640251868e-05,44845,334.69106423468463,0.014605864644887947,0.0,0.05418873059364973
IND,three,late (0–7),second chance,172,0.0,0.0,0.0,1.233545222704901,5203,0.00014020920454352797,44845,334.69106423468463,0.0038354331586575984,0.0,0.024115983181486812
IND,three,late (0–7),turnover attack,246,0.0,0.0,0.0,1.25721734527017,8394,3.886883828135605e-05,44845,334.69106423468463,0.005485561378080053,0.0,0.009561734217213588
IND,three,middle (8–15),after a score,3387,0.0002952465308532625,1.6416318877686195e-05,0.05560207203872314,1.2574051683425604,109627,2.727384872646845e-05,44845,334.69106423468463,0.07552681458356561,0.00016612953849205574,0.09237652563654865
IND,three,middle (8–15),other dead ball,557,0.003590664272890485,0.0002214222833544104,0.12333221182840659,1.2362849083853973,17995,0.000119845929478456,44845,334.69106423468463,0.012420559705652805,0.00036849568156359955,0.0667541827195
IND,three,middle (8–15),rebound push,1845,0.0005420054200542005,1.170020423905768e-06,0.002158687682106142,1.2594966067079845,61834,1.0404584197921159e-05,44845,334.69106423468463,0.0411417103356004,6.449791801410254e-06,0.01919645784516454
IND,three,middle (8–15),second chance,590,0.001694915254237288,4.722110685053588e-05,0.02786045304181617,1.270309155611895,19491,0.00013549020140558147,44845,334.69106423468463,0.01315642769539525,8.324229720779304e-05,0.07993921882929307
IND,three,middle (8–15),turnover attack,672,0.001488095238095238,5.911650875362712e-05,0.039726293882437425,1.2588743083038603,22045,1.0410916405124238e-05,44845,334.69106423468463,0.014984948154755267,0.00011869541235968413,0.006996135824243488
IND,three,early (16–23),after a score,681,0.002936857562408223,0.00010085934439713852,0.06868521353445134,1.2710476726876907,21578,0.00010644479590490595,44845,334.69106423468463,0.015185639424685026,0.00020521974105137573,0.07248890601124094
IND,three,early (16–23),other dead ball,146,0.00684931506849315,0.004413908311095172,0.6444306134198952,1.238175416753912,5022,0.00031789892876931915,44845,334.69106423468463,0.0032556583788605196,0.0019254491149725522,0.0464132436003206
IND,three,early (16–23),rebound push,1977,0.0005058168942842691,2.6594981654578876e-05,0.052578278731102435,1.2867355397783304,72214,2.1681045396897346e-05,44845,334.69106423468463,0.04408518229457019,0.00015709495815590302,0.042863426749666055
IND,three,early (16–23),second chance,387,0.0,0.0,0.0,1.272929199861274,13045,0.0002206650063292304,44845,334.69106423468463,0.008629724606979597,0.0,0.08539735744941217
IND,three,early (16–23),turnover attack,700,0.0014285714285714286,6.32245776499255e-05,0.04425720435494784,1.3087399086637297,18922,1.8362996595510883e-05,44845,334.69106423468463,0.015609320994536737,0.00013223300256356646,0.012854097616857619
LAC,mid-range,late (0–7),after a score,1332,0.023273273273273273,0.0019722269634206454,2.6270063152763,0.9532977506012869,37774,0.0013628006063988987,43744,321.25743980185837,0.03044989027066569,0.008177262188531901,1.8152504077233331
LAC,mid-range,late (0–7),other dead ball,278,0.025179856115107913,0.0014106253728216299,0.39215385364441313,0.9462360657772174,7164,0.0014651568720382769,43744,321.25743980185837,0.006355157278712509,0.0012206841151640923,0.407313610426641
LAC,mid-range,late (0–7),rebound push,454,0.06167400881057269,0.003602554398709126,1.6355596970139432,0.9180400650203245,13361,0.001897253901621738,43744,321.25743980185837,0.010378566203365034,0.005091118506151035,0.861353271336269
LAC,mid-range,late (0–7),second chance,80,0.05,0.0031645456622239583,0.25316365297791665,0.9329424253667791,2573,0.0020484346194213784,43744,321.25743980185837,0.0018288222384784199,0.0007880398135964109,0.16387476955371028
LAC,mid-range,late (0–7),turnover attack,199,0.04020100502512563,0.0011799176617818543,0.234803614694589,0.9378847169568307,5618,0.001703101156536643,43744,321.25743980185837,0.0045491953182150695,0.0007308892669984812,0.33891713015079195
LAC,mid-range,middle (8–15),after a score,2183,0.26019239578561615,0.011592538407303418,25.306511343143363,0.9607905381052911,59116,0.009230823245253882,43744,321.25743980185837,0.04990398683247988,0.07877330828120785,20.150887144389227
LAC,mid-range,middle (8–15),other dead ball,443,0.32505643340857787,0.0183825521043178,8.143470582212785,0.9399328154421798,11785,0.017592352363402647,43744,321.25743980185837,0.01012710314557425,0.025348737720239024,7.793412096987373
LAC,mid-range,middle (8–15),rebound push,1234,0.32576985413290116,0.016838369163814842,20.778547548147515,0.9547972026181927,34308,0.01320737556514952,43744,321.25743980185837,0.028209583028529626,0.06467880576077266,16.29790144739451
LAC,mid-range,middle (8–15),second chance,205,0.32682926829268294,0.02030447048709802,4.162416449855094,0.9429966513406711,6250,0.01419988631121416,43744,321.25743980185837,0.004686356986100951,0.012956638303605805,2.910976693798903
LAC,mid-range,middle (8–15),turnover attack,425,0.30823529411764705,0.01669861524039211,7.096911477166647,0.9568357133574802,12275,0.012774855296131201,43744,321.25743980185837,0.009715618141916606,0.022091041631732488,5.42931350085576
LAC,mid-range,early (16–23),after a score,265,0.32075471698113206,0.021477070316122733,5.691423633772525,0.9936037506070763,6626,0.020990360954200912,43744,321.25743980185837,0.0060579736649597656,0.017716083516331384,5.562445652863242
LAC,mid-range,early (16–23),other dead ball,156,0.46794871794871795,0.03668428229214811,5.722748037575105,0.9529686246956931,3632,0.03569070903022185,43744,321.25743980185837,0.003566203365032919,0.017813589129966043,5.567750608714608
LAC,mid-range,early (16–23),rebound push,791,0.2945638432364096,0.017484606644581194,13.830323855863723,0.9916725157628331,18399,0.020208350650541707,43744,321.25743980185837,0.018082479882955377,0.04305059476410519,15.98480536457849
LAC,mid-range,early (16–23),second chance,165,0.6,0.04337448582940348,7.156790161851575,0.9548191199997452,5438,0.039655743631359645,43744,321.25743980185837,0.003771945866861741,0.022277430107970918,6.543197699174342
LAC,mid-range,early (16–23),turnover attack,136,0.35294117647058826,0.024743971229757494,3.365180087247019,1.0128754786763778,3273,0.021689207581074777,43744,321.25743980185837,0.003108997805413314,0.010475026163822253,2.9497322310261698
LAC,paint (non-RA),late (0–7),after a score,1105,0.06515837104072399,0.007989816795878802,8.828747559446077,1.0455598152798382,34630,0.012700564811662521,43744,321.25743980185837,0.025260607168983176,0.027481846225542277,14.034124116887085
LAC,paint (non-RA),late (0–7),other dead ball,230,0.05652173913043478,0.0059352939483527,1.365117608121121,1.0387776625963734,7248,0.010104988280229639,43744,321.25743980185837,0.005257863935625457,0.00424929492360732,2.3241473044528167
LAC,paint (non-RA),late (0–7),rebound push,332,0.1144578313253012,0.01660464893015373,5.512743444811039,0.987294512784228,11060,0.015217063988591456,43744,321.25743980185837,0.007589612289685442,0.0171598934742527,5.052065244212364
LAC,paint (non-RA),late (0–7),second chance,91,0.02197802197802198,0.0025478653152290116,0.23185574368584005,1.0454002211545688,2713,0.010103361481748192,43744,321.25743980185837,0.0020802852962692026,0.0007217132273383038,0.9194058948390854
LAC,paint (non-RA),late (0–7),turnover attack,146,0.0410958904109589,0.004958802858593929,0.7239852173547136,1.0426681588510618,5206,0.015698449223662616,43744,321.25743980185837,0.0033376005852231165,0.0022535982911438416,2.2919735866547417
LAC,paint (non-RA),middle (8–15),after a score,1612,0.14950372208436724,0.02296197134781083,37.01469781267106,1.0545841218401595,53931,0.02844624805676054,43744,321.25743980185837,0.03685076810534016,0.11521818089411588,45.855351867497994
LAC,paint (non-RA),middle (8–15),other dead ball,336,0.15773809523809523,0.02628006667873287,8.830102404054244,1.0416124883773916,9624,0.033404863515880075,43744,321.25743980185837,0.007681053401609363,0.027486063542996476,11.224034141335705
LAC,paint (non-RA),middle (8–15),rebound push,1050,0.1438095238095238,0.021898143691414067,22.99305087598477,1.056140209520609,32822,0.032959406317193386,43744,321.25743980185837,0.02400329188002926,0.07157204169393298,34.60737663305306
LAC,paint (non-RA),middle (8–15),second chance,240,0.16666666666666666,0.02083248822121133,4.99979717309072,1.0761434688301426,7538,0.02877018277862828,43744,321.25743980185837,0.005486466715435259,0.015563210539729257,6.904843866870787
LAC,paint (non-RA),middle (8–15),turnover attack,367,0.13896457765667575,0.02261685838067695,8.30038702570844,1.0543954926518053,11228,0.03156854800129544,43744,321.25743980185837,0.008389722019019752,0.025837182263632127,11.585657116475426
LAC,paint (non-RA),early (16–23),after a score,217,0.12903225806451613,0.01827637271351167,3.965972878832032,1.109027887901946,6380,0.03730405591916841,43744,321.25743980185837,0.004960680321872714,0.012345154967549144,8.094980134459545
LAC,paint (non-RA),early (16–23),other dead ball,72,0.2361111111111111,0.04187188147002646,3.0147754658419053,1.0385380194736318,2153,0.04870651855549135,43744,321.25743980185837,0.0016459400146305778,0.009384297738602802,3.5068693359953773
LAC,paint (non-RA),early (16–23),rebound push,792,0.18055555555555555,0.026487737712344885,20.97828826817715,1.0939927613984384,21284,0.0405823070642736,43744,321.25743980185837,0.018105340160936356,0.06530055235799646,32.14118719490469
LAC,paint (non-RA),early (16–23),second chance,141,0.2553191489361702,0.045587003607119904,6.427767508603907,1.0837154740757042,5265,0.05486110841304818,43744,321.25743980185837,0.003223299195318215,0.020008151445670346,7.7354162862397935
LAC,paint (non-RA),early (16–23),turnover attack,187,0.24064171122994651,0.03208422560303843,5.9997501877681865,1.0960319856635423,4704,0.04263414850085676,43744,321.25743980185837,0.004274871982443307,0.01867583266388678,7.972585769660214
LAC,rim,late (0–7),after a score,1365,0.020512820512820513,0.0038923398588463142,5.313043907325219,1.35880225605436,41090,0.003322965709581713,43744,321.25743980185837,0.03120427944403804,0.016538275068749036,4.535848193579039
LAC,rim,late (0–7),other dead ball,255,0.0196078431372549,0.00267295783305254,0.6816042474283976,1.3686588513605626,7953,0.002359383082515829,43744,321.25743980185837,0.005829370885149963,0.0021216761481034963,0.6016426860415364
LAC,rim,late (0–7),rebound push,404,0.03217821782178218,0.007147326949376922,2.8875200875482765,1.3147643851585111,13518,0.003873904942650122,43744,321.25743980185837,0.009235552304316021,0.00898818122104568,1.5650575968306493
LAC,rim,late (0–7),second chance,120,0.03333333333333333,0.0030182599742302318,0.3621911969076278,1.3525482344454252,3903,0.0016886623877104521,43744,321.25743980185837,0.0027432333577176297,0.0011274173047354672,0.20263948652525426
LAC,rim,late (0–7),turnover attack,205,0.014634146341463415,0.00045264074351713006,0.09279135242101166,1.3505398490969454,6300,0.0027858161705283783,43744,321.25743980185837,0.004686356986100951,0.00028883798762214657,0.5710923149583176
LAC,rim,middle (8–15),after a score,2476,0.05452342487883683,0.005409819225297199,13.394712401835864,1.411219739739414,80264,0.006276070530141061,43744,321.25743980185837,0.0566020482809071,0.04169463720465838,15.539550632629268
LAC,rim,middle (8–15),other dead ball,474,0.052742616033755275,0.005850157028068635,2.772974431304533,1.4126634583655076,13325,0.00717740353863139,43744,321.25743980185837,0.010835771762984638,0.00863162712438603,3.402089277311279
LAC,rim,middle (8–15),rebound push,1531,0.062050947093403,0.007159093256194808,10.96057177523425,1.3911522312181321,48083,0.007346732546098074,43744,321.25743980185837,0.03499908558888076,0.03411772123314682,11.247847528076152
LAC,rim,middle (8–15),second chance,1225,0.017959183673469388,0.0013543484864808359,1.659076895939024,1.4142252650994325,36772,0.002271262334085996,43744,321.25743980185837,0.028003840526700803,0.0051643220993178906,2.782296359255345
LAC,rim,middle (8–15),turnover attack,574,0.050522648083623695,0.0060145532936977586,3.4523535905825136,1.4095875843787928,17089,0.006075804770359153,43744,321.25743980185837,0.013121799561082663,0.010746377088455347,3.4875119381861537
LAC,rim,early (16–23),after a score,606,0.08085808580858085,0.006710122100982635,4.066333993195477,1.474073410692825,16978,0.007446752802776915,43744,321.25743980185837,0.01385332845647403,0.012657555870779104,4.51273219848281
LAC,rim,early (16–23),other dead ball,147,0.14965986394557823,0.016718468773490636,2.4576149097031235,1.4413086258285777,4068,0.01363511546828802,43744,321.25743980185837,0.0033604608632040968,0.007649985977659861,2.0043619738383387
LAC,rim,early (16–23),rebound push,2345,0.07889125799573561,0.00617715282192726,14.485423367419424,1.476659063029207,67256,0.007182983062180963,43744,321.25743980185837,0.05360735186539868,0.04508976780850144,16.844095280814358
LAC,rim,early (16–23),second chance,640,0.1078125,0.007953044314279175,5.089948361138672,1.4047683130995097,24145,0.0127614196941752,43744,321.25743980185837,0.014630577907827359,0.015843830307176683,8.167308604272128
LAC,rim,early (16–23),turnover attack,1206,0.06053067993366501,0.0055745441409468435,6.7229002339818935,1.6083536092604511,39844,0.0037397852803434514,43744,321.25743980185837,0.02756949524506218,0.020926831260712188,4.510181048094203
LAC,three,late (0–7),after a score,2023,0.0014829461196243204,0.00011896369643233996,0.24066355788262372,1.276289558039458,60211,6.620861986211196e-05,43744,321.25743980185837,0.046246342355523044,0.0007491299128544931,0.1339400379810525
LAC,three,late (0–7),other dead ball,369,0.0027100271002710027,0.00026312022342133383,0.09709136244247218,1.2691054195199518,11441,8.102951376710335e-05,43744,321.25743980185837,0.008435442574981711,0.00030222292284454215,0.029899890580061136
LAC,three,late (0–7),rebound push,704,0.0014204545454545455,5.5251609590238934e-05,0.03889713315152821,1.2474132531726303,20544,8.273088640251868e-05,43744,321.25743980185837,0.016093635698610095,0.00012107776609163901,0.058242544027373146
LAC,three,late (0–7),second chance,175,0.0,0.0,0.0,1.2624429428118271,5203,0.00014020920454352797,43744,321.25743980185837,0.004000548646671543,0.0,0.024536610795117396
LAC,three,late (0–7),turnover attack,301,0.0,0.0,0.0,1.2520875729803413,8394,3.886883828135605e-05,43744,321.25743980185837,0.006880943672275055,0.0,0.011699520322688171
LAC,three,middle (8–15),after a score,3393,0.0014736221632773356,3.960812028496594e-05,0.13439035212688943,1.266825794793971,109627,2.727384872646845e-05,43744,321.25743980185837,0.07756492318946598,0.00041832603848731794,0.09254016872890745
LAC,three,middle (8–15),other dead ball,614,0.0,0.0,0.0,1.2402349405226527,17995,0.000119845929478456,43744,321.25743980185837,0.014036210680321872,0.0,0.07358540069977199
LAC,three,middle (8–15),rebound push,1961,0.0005099439061703213,1.0750202571388007e-05,0.021081147242491882,1.269304277911471,61834,1.0404584197921159e-05,43744,321.25743980185837,0.044829005120702266,6.562072852069692e-05,0.02040338961212339
LAC,three,middle (8–15),second chance,604,0.0,0.0,0.0,1.2770254953757871,19491,0.00013549020140558147,43744,321.25743980185837,0.01380760790051207,0.0,0.0818360816489712
LAC,three,middle (8–15),turnover attack,688,0.0,0.0,0.0,1.2612301338053593,22045,1.0410916405124238e-05,43744,321.25743980185837,0.01572787125091441,0.0,0.007162710486725476
LAC,three,early (16–23),after a score,617,0.004862236628849271,0.0001828929825506081,0.1128449702337252,1.2663969837800066,21578,0.00010644479590490595,43744,321.25743980185837,0.014104791514264813,0.00035126025502576526,0.06567643907332697
LAC,three,early (16–23),other dead ball,170,0.0,0.0,0.0,1.2532477277863425,5022,0.00031789892876931915,43744,321.25743980185837,0.0038862472567666425,0.0,0.05404281789078426
LAC,three,early (16–23),rebound push,2351,0.0,0.0,0.0,1.3058296203335973,72214,2.1681045396897346e-05,43744,321.25743980185837,0.05374451353328456,0.0,0.05097213772810566
LAC,three,early (16–23),second chance,339,0.008849557522123894,0.0018565222484354473,0.6293610422196166,1.2783272992301784,13045,0.0002206650063292304,43744,321.25743980185837,0.007749634235552304,0.0019590551509337402,0.07480543714560911
LAC,three,early (16–23),turnover attack,598,0.0,0.0,0.0,1.3259189367202908,18922,1.8362996595510883e-05,43744,321.25743980185837,0.013670446232626188,0.0,0.010981071964115508
LAL,mid-range,late (0–7),after a score,1230,0.01869918699186992,0.001005746945066453,1.237068742431737,0.934640636866358,37774,0.0013628006063988987,44614,294.47700306348605,0.02756982113237997,0.004200901019646136,1.6762447458706453
LAL,mid-range,late (0–7),other dead ball,267,0.02247191011235955,0.0008396963231811976,0.22419891828937977,0.925215574413385,7164,0.0014651568720382769,44614,294.47700306348605,0.00598466848971175,0.0007613461015869036,0.39119688483421994
LAL,mid-range,late (0–7),rebound push,441,0.02040816326530612,0.0005402673880356015,0.23825791812370023,0.909588881199861,13361,0.001897253901621738,44614,294.47700306348605,0.009884789527950867,0.0008090883690239621,0.8366889706151864
LAL,mid-range,late (0–7),second chance,93,0.010752688172043012,0.00027028593392333986,0.025136591854870605,0.9063263611708281,2573,0.0020484346194213784,44614,294.47700306348605,0.002084547451472632,8.536011842477026e-05,0.1905044196061882
LAL,mid-range,late (0–7),turnover attack,174,0.022988505747126436,0.0011431158471869763,0.19890215741053385,0.9218009694503712,5618,0.001703101156536643,44614,294.47700306348605,0.003900121038239118,0.000675442073035675,0.2963396012373759
LAL,mid-range,middle (8–15),after a score,1983,0.13363590519415028,0.007124170099354493,14.12722930701996,0.9400192873575176,59116,0.009230823245253882,44614,294.47700306348605,0.04444793114269063,0.047973964554285695,18.30472249533845
LAL,mid-range,middle (8–15),other dead ball,374,0.2192513368983957,0.011872342136397221,4.4402559590125605,0.920341321092413,11785,0.017592352363402647,44614,294.47700306348605,0.008383018783341552,0.015078447256729549,6.5795397839125895
LAL,mid-range,middle (8–15),rebound push,1013,0.18460019743336623,0.009399586720855987,9.521781348227115,0.9293321000796799,34308,0.01320737556514952,44614,294.47700306348605,0.02270587707894383,0.03233454989411965,13.379071447496463
LAL,mid-range,middle (8–15),second chance,187,0.10695187165775401,0.0033457496685780743,0.6256551880240999,0.9319402751704755,6250,0.01419988631121416,44614,294.47700306348605,0.004191509391670776,0.002124631742089604,2.655378740197048
LAL,mid-range,middle (8–15),turnover attack,394,0.16751269035532995,0.007924308487584256,3.122177544108197,0.9312959733531606,12275,0.012774855296131201,44614,294.47700306348605,0.008831308557851796,0.010602449466775812,5.0332929866756935
LAL,mid-range,early (16–23),after a score,275,0.2545454545454545,0.013688936569440101,3.764457556596028,0.9668367411213402,6626,0.020990360954200912,44614,294.47700306348605,0.0061639843995158474,0.012783536634215378,5.772349262405251
LAL,mid-range,early (16–23),other dead ball,125,0.392,0.021677769253005557,2.7097211566256947,0.9354956141924969,3632,0.03569070903022185,44614,294.47700306348605,0.0028018110906890214,0.00920180906636539,4.461338628777731
LAL,mid-range,early (16–23),rebound push,585,0.252991452991453,0.014523680917408667,8.49635333668407,0.9673971436477355,18399,0.020208350650541707,44614,294.47700306348605,0.01311247590442462,0.02885234924389783,11.8218851305669
LAL,mid-range,early (16–23),second chance,204,0.5882352941176471,0.030905389909406517,6.3046995415189295,0.9406812344511678,5438,0.039655743631359645,44614,294.47700306348605,0.004572555700004483,0.02140981970045282,8.089771700797368
LAL,mid-range,early (16–23),turnover attack,107,0.24299065420560748,0.010437328132412552,1.1167941101681431,0.988109442811774,3273,0.021689207581074777,44614,294.47700306348605,0.0023983502936298024,0.0037924662997448886,2.320745211175001
LAL,other,early (16–23),second chance,1,1.0,0.7005731266529902,0.7005731266529902,0.2231182883758171,5,,44614,294.47700306348605,2.241448872551217e-05,0.002379041892456214,
LAL,paint (non-RA),late (0–7),after a score,1077,0.11792014856081709,0.013754705267703298,14.813817573316452,0.992611281748524,34630,0.012700564811662521,44614,294.47700306348605,0.024140404357376608,0.05030551594591838,13.678508302160536
LAL,paint (non-RA),late (0–7),other dead ball,203,0.09359605911330049,0.010274132425942679,2.085648882466364,0.9729220674602534,7248,0.010104988280229639,44614,294.47700306348605,0.004550141211278971,0.007082552663770218,2.0513126208866166
LAL,paint (non-RA),late (0–7),rebound push,342,0.13742690058479531,0.013667259368157566,4.674202703909888,0.9818893471686636,11060,0.015217063988591456,44614,294.47700306348605,0.007665755144125162,0.015872895524212397,5.204235884098278
LAL,paint (non-RA),late (0–7),second chance,79,0.1518987341772152,0.011055659520679457,0.873397102133677,0.9739247519882871,2713,0.010103361481748192,44614,294.47700306348605,0.0017707446093154615,0.002965926347550413,0.7981655570581071
LAL,paint (non-RA),late (0–7),turnover attack,194,0.1134020618556701,0.012628849686274726,2.4499968391372966,0.9890875035087163,5206,0.015698449223662616,44614,294.47700306348605,0.004348410812749361,0.008319824005438903,3.0454991493905474
LAL,paint (non-RA),middle (8–15),after a score,1679,0.17153067301965455,0.02469641637180433,41.46528308825947,1.0242920780423577,53931,0.02844624805676054,44614,294.47700306348605,0.03763392657013494,0.14080991947381372,47.76125048730095
LAL,paint (non-RA),middle (8–15),other dead ball,296,0.17905405405405406,0.025860578040378057,7.654731099951905,1.0019678516050072,9624,0.033404863515880075,44614,294.47700306348605,0.006634688662751602,0.025994325602062815,9.887839600700502
LAL,paint (non-RA),middle (8–15),rebound push,947,0.1805702217529039,0.02872059951030026,27.198407736254346,1.0181280821252834,32822,0.032959406317193386,44614,294.47700306348605,0.021226520823060025,0.09236173777003111,31.212557782382138
LAL,paint (non-RA),middle (8–15),second chance,196,0.20918367346938777,0.02675760752360679,5.24449107462693,1.0236939641625802,7538,0.02877018277862828,44614,294.47700306348605,0.004393239790200385,0.01780950980914552,5.638955824611143
LAL,paint (non-RA),middle (8–15),turnover attack,299,0.19732441471571907,0.02688602708263801,8.038922097708765,1.0120256518930169,11228,0.03156854800129544,44614,294.47700306348605,0.006701932128928139,0.02729898095293934,9.438995852387336
LAL,paint (non-RA),early (16–23),after a score,251,0.21912350597609562,0.026196936961920457,6.575431177442034,1.0665798204702295,6380,0.03730405591916841,44614,294.47700306348605,0.005626036670103555,0.022329183973746305,9.363318035711272
LAL,paint (non-RA),early (16–23),other dead ball,73,0.1917808219178082,0.029090428427776323,2.1236012752276716,1.047488027378087,2153,0.04870651855549135,44614,294.47700306348605,0.0016362576769623884,0.007211433331416532,3.5555758545508684
LAL,paint (non-RA),early (16–23),rebound push,688,0.22529069767441862,0.03508927346432566,24.141420143456052,1.0444429573616225,21284,0.0405823070642736,44614,294.47700306348605,0.015421168243152374,0.08198066365899351,27.920627260220236
LAL,paint (non-RA),early (16–23),second chance,205,0.23902439024390243,0.03373303723476882,6.915272633127609,1.099380925733571,5265,0.05486110841304818,44614,294.47700306348605,0.0045949701887299955,0.023483234891645346,11.246527224674876
LAL,paint (non-RA),early (16–23),turnover attack,137,0.2116788321167883,0.028514939230428197,3.906546674568663,1.0754252449963047,4704,0.04263414850085676,44614,294.47700306348605,0.0030707849553951675,0.013266050095349733,5.840878344617376
LAL,rim,late (0–7),after a score,1481,0.02160702228224173,0.004115073962501362,6.0944245384645175,1.3388322305386582,41090,0.003322965709581713,44614,294.47700306348605,0.033195857802483526,0.0206957571391428,4.921312215890517
LAL,rim,late (0–7),other dead ball,303,0.006600660066006601,0.0009294706205959043,0.281629598040559,1.4146965658668786,7953,0.002359383082515829,44614,294.47700306348605,0.006791590083830188,0.0009563721279105883,0.7148930740022962
LAL,rim,late (0–7),rebound push,442,0.013574660633484163,0.0031637419429104527,1.39837393876642,1.3301773741110987,13518,0.003873904942650122,44614,294.47700306348605,0.00990720401667638,0.004748669418049415,1.712265984651354
LAL,rim,late (0–7),second chance,134,0.014925373134328358,0.004011125921539804,0.5374908734863337,1.3297898225789107,3903,0.0016886623877104521,44614,294.47700306348605,0.003003541489218631,0.0018252388739858796,0.22628075995320057
LAL,rim,late (0–7),turnover attack,218,0.013761467889908258,0.004594727738734892,1.0016506470442064,1.3230352575448128,6300,0.0027858161705283783,44614,294.47700306348605,0.004886358542161654,0.0034014562652563444,0.6073079251751865
LAL,rim,middle (8–15),after a score,2931,0.038894575230296824,0.00644403768862858,18.887474465370367,1.3918292638205165,80264,0.006276070530141061,44614,294.47700306348605,0.06569686645447617,0.06413904742605124,18.395162723843452
LAL,rim,middle (8–15),other dead ball,468,0.04487179487179487,0.007713083033724485,3.609722859783059,1.4073006427230548,13325,0.00717740353863139,44614,294.47700306348605,0.010489980723539696,0.012258080672618235,3.3590248560794906
LAL,rim,middle (8–15),rebound push,1613,0.05827650340979541,0.00760258784105428,12.262974187620554,1.364028201392963,48083,0.007346732546098074,44614,294.47700306348605,0.03615457031425113,0.041643232103176456,11.850279596856193
LAL,rim,middle (8–15),second chance,1309,0.012223071046600458,0.0007315605725914302,0.9576127895221822,1.4518819282088191,36772,0.002271262334085996,44614,294.47700306348605,0.029340565741695433,0.0032519102665403425,2.9730823953185688
LAL,rim,middle (8–15),turnover attack,583,0.029159519725557463,0.005179537539475602,3.0196703855142757,1.393367861484281,17089,0.006075804770359153,44614,294.47700306348605,0.013067646926973596,0.010254350438574884,3.542194181119386
LAL,rim,early (16–23),after a score,703,0.03840682788051209,0.003476951256465405,2.4442967332951797,1.4515239974625411,16978,0.007446752802776915,44614,294.47700306348605,0.015757385574035058,0.008300467295805152,5.235067220352171
LAL,rim,early (16–23),other dead ball,136,0.08823529411764706,0.012083676543982983,1.6433800099816858,1.3745112622248357,4068,0.01363511546828802,44614,294.47700306348605,0.003048370466669655,0.005580673508917064,1.8543757036871706
LAL,rim,early (16–23),rebound push,2828,0.05304101838755304,0.004954593335834606,14.011589953740266,1.472395647815422,67256,0.007182983062180963,44614,294.47700306348605,0.06338817411574842,0.04758127055075849,20.313476099847765
LAL,rim,early (16–23),second chance,897,0.10256410256410256,0.00978395992557747,8.776212053242991,1.362834968889113,24145,0.0127614196941752,44614,294.47700306348605,0.02010579638678442,0.029802707722310442,11.446993465675154
LAL,rim,early (16–23),turnover attack,1531,0.023514043109079032,0.0023513221832778077,3.5998742625983233,1.6487493475911794,39844,0.0037397852803434514,44614,294.47700306348605,0.034316582238759136,0.012224636304867004,5.725611264205824
LAL,three,late (0–7),after a score,1958,0.0,0.0,0.0,1.2618125028654157,60211,6.620861986211196e-05,44614,294.47700306348605,0.04388756892455283,0.0,0.1296364776900152
LAL,three,late (0–7),other dead ball,319,0.0,0.0,0.0,1.2528461239620485,11441,8.102951376710335e-05,44614,294.47700306348605,0.007150221903438382,0.0,0.02584841489170597
LAL,three,late (0–7),rebound push,653,0.0,0.0,0.0,1.2258049670877258,20544,8.273088640251868e-05,44614,294.47700306348605,0.014636661137759448,0.0,0.0540232688208447
LAL,three,late (0–7),second chance,149,0.0,0.0,0.0,1.2215647093936652,5203,0.00014020920454352797,44614,294.47700306348605,0.0033397588201013136,0.0,0.02089117147698567
LAL,three,late (0–7),turnover attack,309,0.0,0.0,0.0,1.2406626287289721,8394,3.886883828135605e-05,44614,294.47700306348605,0.0069260770161832606,0.0,0.01201047102893902
LAL,three,middle (8–15),after a score,3467,0.0011537352177675222,3.28872318205292e-05,0.11402003272177474,1.2512714891065746,109627,2.727384872646845e-05,44614,294.47700306348605,0.0777110324113507,0.0003871950323305663,0.09455843353466611
LAL,three,middle (8–15),other dead ball,528,0.001893939393939394,0.00104582523811474,0.5521957257245826,1.2262338690778578,17995,0.000119845929478456,44614,294.47700306348605,0.011834850047070427,0.0018751743598991167,0.06327865076462477
LAL,three,middle (8–15),rebound push,1763,0.0,0.0,0.0,1.252675905681726,61834,1.0404584197921159e-05,44614,294.47700306348605,0.03951674362307796,0.0,0.018343281940935003
LAL,three,middle (8–15),second chance,565,0.0,0.0,0.0,1.2567882549622051,19491,0.00013549020140558147,44614,294.47700306348605,0.012664186129914377,0.0,0.07655196379415354
LAL,three,middle (8–15),turnover attack,671,0.0,0.0,0.0,1.2430209612600873,22045,1.0410916405124238e-05,44614,294.47700306348605,0.015040121934818667,0.0,0.006985724907838364
LAL,three,early (16–23),after a score,768,0.005208333333333333,0.0002790478461068286,0.21430874581004433,1.2602690551704618,21578,0.00010644479590490595,44614,294.47700306348605,0.017214327341193346,0.0007277605503335067,0.08174960325496777
LAL,three,early (16–23),other dead ball,163,0.006134969325153374,0.00019487946453925086,0.03176535271989789,1.2299300749830333,5022,0.00031789892876931915,44614,294.47700306348605,0.0036535616622584838,0.00010787040206684535,0.05181752538939902
LAL,three,early (16–23),rebound push,2528,0.0,0.0,0.0,1.2843264863853712,72214,2.1681045396897346e-05,44614,294.47700306348605,0.05666382749809477,0.0,0.054809682763356495
LAL,three,early (16–23),second chance,462,0.0021645021645021645,5.173875693441252e-05,0.023903305703698585,1.264092225882013,13045,0.0002206650063292304,44614,294.47700306348605,0.010355493791186623,8.117206252111066e-05,0.10194723292410444
LAL,three,early (16–23),turnover attack,615,0.0,0.0,0.0,1.306918909883273,18922,1.8362996595510883e-05,44614,294.47700306348605,0.013784910566189985,0.0,0.011293242906239193
MEM,mid-range,late (0–7),after a score,1243,0.02815768302493966,0.0014739331703068354,1.8320989306913964,0.9315501333669802,37774,0.0013628006063988987,44508,307.3176053535744,0.027927563584074774,0.005961581434892198,1.693961153753831
MEM,mid-range,late (0–7),other dead ball,237,0.04219409282700422,0.003079608294544174,0.7298671658069692,0.921237338618511,7164,0.0014651568720382769,44508,307.3176053535744,0.005324885413858183,0.0023749604744161793,0.3472421786730716
MEM,mid-range,late (0–7),rebound push,488,0.0389344262295082,0.0015662338229149198,0.7643221055824808,0.911850703552609,13361,0.001897253901621738,44508,307.3176053535744,0.010964321020940056,0.0024870755604877066,0.9258599039914082
MEM,mid-range,late (0–7),second chance,80,0.075,0.007303251032967658,0.5842600826374127,0.9149433219961625,2573,0.0020484346194213784,44508,307.3176053535744,0.0017974296755639435,0.0019011604687118756,0.16387476955371028
MEM,mid-range,late (0–7),turnover attack,218,0.07339449541284404,0.0031768923932444073,0.6925625417272808,0.9140666623769421,5618,0.001703101156536643,44508,307.3176053535744,0.004897995865911746,0.002253572622142735,0.3712760521249882
MEM,mid-range,middle (8–15),after a score,1645,0.21580547112462006,0.009278809781903454,15.263642091231182,0.9333664887884233,59116,0.009230823245253882,44508,307.3176053535744,0.03695964770378359,0.049667320795598706,15.184704238442636
MEM,mid-range,middle (8–15),other dead ball,400,0.3075,0.02014258760292377,8.057035041169508,0.9015723859021911,11785,0.017592352363402647,44508,307.3176053535744,0.008987148377819719,0.026217290844433548,7.036940945361058
MEM,mid-range,middle (8–15),rebound push,998,0.29759519038076154,0.013024920759082483,12.998870917564318,0.9145629657463643,34308,0.01320737556514952,44508,307.3176053535744,0.022422935202660196,0.04229784005575888,13.18096081401922
MEM,mid-range,middle (8–15),second chance,225,0.29333333333333333,0.016693789219302424,3.7561025743430454,0.9187148703393744,6250,0.01419988631121416,44508,307.3176053535744,0.005055270962523591,0.012222217370272629,3.194974420023186
MEM,mid-range,middle (8–15),turnover attack,413,0.2687651331719128,0.013347863377957339,5.512667575096381,0.9188656390824943,12275,0.012774855296131201,44508,307.3176053535744,0.009279230700098859,0.017938014220675574,5.276015237302186
MEM,mid-range,early (16–23),after a score,121,0.21487603305785125,0.012918734693796985,1.563166897949435,0.9861885477636578,6626,0.020990360954200912,44508,307.3176053535744,0.0027186123842904645,0.005086486653281656,2.5398336754583104
MEM,mid-range,early (16–23),other dead ball,90,0.4444444444444444,0.02194836521301032,1.9753528691709286,0.9295238347231647,3632,0.03569070903022185,44508,307.3176053535744,0.0020221083850094365,0.00642772439573792,3.2121638127199663
MEM,mid-range,early (16–23),rebound push,463,0.28077753779697623,0.016916537780327468,7.832356992291618,0.9580640339978617,18399,0.020208350650541707,44508,307.3176053535744,0.010402624247326324,0.02548619687206124,9.35646635120081
MEM,mid-range,early (16–23),second chance,154,0.577922077922078,0.03170909668104128,4.883200888880356,0.9296110587719166,5438,0.039655743631359645,44508,307.3176053535744,0.0034600521254605915,0.015889753153784165,6.1069845192293855
MEM,mid-range,early (16–23),turnover attack,96,0.22916666666666666,0.009923091052861382,0.9526167410746926,1.0023254659720053,3273,0.021689207581074777,44508,307.3176053535744,0.0021569156106767324,0.003099779265749159,2.0821639277831787
MEM,other,early (16–23),second chance,1,1.0,0.6645309867334511,0.6645309867334511,0.2708373760108711,5,,44508,307.3176053535744,2.2467870944549296e-05,0.002162358990038649,
MEM,paint (non-RA),late (0–7),after a score,1571,0.09357097390197326,0.010980960124248009,17.251088355193623,1.0228901609680272,34630,0.012700564811662521,44508,307.3176053535744,0.03529702525388694,0.05613439664592576,19.95258731912182
MEM,paint (non-RA),late (0–7),other dead ball,338,0.08875739644970414,0.00956922568792801,3.2343982825196678,1.0199408395774654,7248,0.010104988280229639,44508,307.3176053535744,0.007594140379257662,0.01052461110647545,3.415486038717618
MEM,paint (non-RA),late (0–7),rebound push,479,0.08977035490605428,0.012405312426143698,5.942144652122831,1.0042870252038751,11060,0.015217063988591456,44508,307.3176053535744,0.010762110182439113,0.019335516575063404,7.288973650535308
MEM,paint (non-RA),late (0–7),second chance,113,0.05309734513274336,0.005523865974965037,0.6241968551710492,1.046926279135581,2713,0.010103361481748192,44508,307.3176053535744,0.0025388694167340705,0.0020311132336622876,1.1416798474375456
MEM,paint (non-RA),late (0–7),turnover attack,238,0.10084033613445378,0.015103718370198246,3.5946849721071823,0.9985181144180293,5206,0.015698449223662616,44508,307.3176053535744,0.005347353284802732,0.011696970526538605,3.736230915231703
MEM,paint (non-RA),middle (8–15),after a score,2326,0.10834049871023216,0.01756961675079261,40.86692856234361,1.0659923172914885,53931,0.02844624805676054,44508,307.3176053535744,0.05226026781702166,0.13297945789771945,66.16597298002502
MEM,paint (non-RA),middle (8–15),other dead ball,460,0.1565217391304348,0.027245653053416072,12.533000404571393,1.0278883503204697,9624,0.033404863515880075,44508,307.3176053535744,0.010335220634492676,0.04078191482115694,15.366237217304834
MEM,paint (non-RA),middle (8–15),rebound push,1311,0.14035087719298245,0.024066460803729758,31.551130113689712,1.046067485346493,32822,0.032959406317193386,44508,307.3176053535744,0.029455378808304126,0.10266619797908934,43.20978168184053
MEM,paint (non-RA),middle (8–15),second chance,350,0.15428571428571428,0.018585529564504946,6.504935347576731,1.074300884854039,7538,0.02877018277862828,44508,307.3176053535744,0.007863754830592254,0.02116681646042597,10.069563972519898
MEM,paint (non-RA),middle (8–15),turnover attack,492,0.1483739837398374,0.021215552009368883,10.43805158860949,1.0546336040854252,11228,0.03156854800129544,44508,307.3176053535744,0.011054192504718252,0.03396502968516993,15.531725616637356
MEM,paint (non-RA),early (16–23),after a score,225,0.12444444444444444,0.01856404377173946,4.176909848641379,1.1219235843106297,6380,0.03730405591916841,44508,307.3176053535744,0.005055270962523591,0.01359150851066853,8.393412581812893
MEM,paint (non-RA),early (16–23),other dead ball,67,0.2537313432835821,0.04313943022657957,2.890341825180831,1.0298939724736234,2153,0.04870651855549135,44508,307.3176053535744,0.0015053473532848026,0.009405064255448174,3.2633367432179208
MEM,paint (non-RA),early (16–23),rebound push,900,0.14222222222222222,0.02150868426437393,19.357815837936535,1.0867150930536151,21284,0.0405823070642736,44508,307.3176053535744,0.020221083850094364,0.06298960912332055,36.52407635784624
MEM,paint (non-RA),early (16–23),second chance,184,0.25,0.043110674762581035,7.93236415631491,1.0771315779694532,5265,0.05486110841304818,44508,307.3176053535744,0.00413408825379707,0.025811616445431375,10.094443948000865
MEM,paint (non-RA),early (16–23),turnover attack,193,0.19170984455958548,0.02473753566566692,4.774344383473715,1.1033931780197144,4704,0.04263414850085676,44508,307.3176053535744,0.004336299092298014,0.015535538154349299,8.228390660665355
MEM,rim,late (0–7),after a score,1574,0.016518424396442185,0.0028723353109320537,4.521055779407052,1.3455237640648725,41090,0.003322965709581713,44508,307.3176053535744,0.03536442886672059,0.014711346504882131,5.230348026881616
MEM,rim,late (0–7),other dead ball,283,0.01060070671378092,0.0011678147884347206,0.3304915851270259,1.3906274754739636,7953,0.002359383082515829,44508,307.3176053535744,0.0063584074773074505,0.0010754072639176967,0.6677054123519796
MEM,rim,late (0–7),rebound push,501,0.015968063872255488,0.0012332745060080032,0.6178705275100096,1.3088841112552447,13518,0.003873904942650122,44508,307.3176053535744,0.011256403343219196,0.0020105275999373305,1.9408263762677112
MEM,rim,late (0–7),second chance,132,0.030303030303030304,0.003509396583112478,0.4632403489708471,1.3434390877982954,3903,0.0016886623877104521,44508,307.3176053535744,0.0029657589646805067,0.0015073667791921026,0.2229034351777797
MEM,rim,late (0–7),turnover attack,268,0.029850746268656716,0.0058138004391210625,1.5580985176844449,1.3221173769611714,6300,0.0027858161705283783,44508,307.3176053535744,0.006021389413139211,0.005069994333360189,0.7465987337016053
MEM,rim,middle (8–15),after a score,2451,0.046103631170950635,0.005342044779253096,13.093351753949337,1.3990342930093893,80264,0.006276070530141061,44508,307.3176053535744,0.055068751685090324,0.04260527716557339,15.38264886937574
MEM,rim,middle (8–15),other dead ball,501,0.04790419161676647,0.007359641320602587,3.687180301621896,1.3960585207249139,13325,0.00717740353863139,44508,307.3176053535744,0.011256403343219196,0.011997946871217252,3.5958791728543265
MEM,rim,middle (8–15),rebound push,1527,0.056319580877537655,0.007834348558835814,11.963050249342288,1.361644674106539,48083,0.007346732546098074,44508,307.3176053535744,0.034308438932326775,0.03892731832131317,11.21846059789176
MEM,rim,middle (8–15),second chance,1415,0.019787985865724382,0.0011718905125228372,1.6582250752198147,1.3909249175919534,36772,0.002271262334085996,44508,307.3176053535744,0.03179203738653725,0.005395802408755584,3.213836202731684
MEM,rim,middle (8–15),turnover attack,546,0.045787545787545784,0.006223119794083701,3.3978234075697005,1.4019635397238184,17089,0.006075804770359153,44508,307.3176053535744,0.012267457535723916,0.011056390354403693,3.3173894046160974
MEM,rim,early (16–23),after a score,410,0.06097560975609756,0.0055504665944054255,2.2756913037062243,1.4278727142391503,16978,0.007446752802776915,44508,307.3176053535744,0.009211827087265211,0.007405014434783197,3.0531686491385353
MEM,rim,early (16–23),other dead ball,117,0.05128205128205128,0.003121762372373217,0.3652461975676664,1.4268301452699998,4068,0.01363511546828802,44508,307.3176053535744,0.0026287409005122673,0.0011884974736395078,1.5953085097896982
MEM,rim,early (16–23),rebound push,2202,0.06039963669391462,0.005451244973757189,12.00364143221333,1.4820833383784975,67256,0.007182983062180963,44508,307.3176053535744,0.04947425181989755,0.039059400513039036,15.81692870292248
MEM,rim,early (16–23),second chance,842,0.10451306413301663,0.009546469584977403,8.038127390550974,1.3358793087626386,24145,0.0127614196941752,44508,307.3176053535744,0.018917947335310506,0.026155766056106564,10.745115382495518
MEM,rim,early (16–23),turnover attack,1520,0.020394736842105264,0.001951493736437889,2.9662704793855914,1.636076821885115,39844,0.0037397852803434514,44508,307.3176053535744,0.034151163835714926,0.009652133257946106,5.684473626122046
MEM,three,late (0–7),after a score,1966,0.000508646998982706,7.407785173578195e-05,0.14563705651254732,1.2633378674838627,60211,6.620861986211196e-05,44508,307.3176053535744,0.044171834276983915,0.0004738975378419642,0.1301661466489121
MEM,three,late (0–7),other dead ball,369,0.0027100271002710027,0.00046304141392350276,0.17086228173777251,1.2557293634688746,11441,8.102951376710335e-05,44508,307.3176053535744,0.00829064437853869,0.0005559794777822521,0.029899890580061136
MEM,three,late (0–7),rebound push,709,0.0,0.0,0.0,1.2336140969223581,20544,8.273088640251868e-05,44508,307.3176053535744,0.01592972049968545,0.0,0.05865619845938574
MEM,three,late (0–7),second chance,143,0.0,0.0,0.0,1.2482933780520227,5203,0.00014020920454352797,44508,307.3176053535744,0.0032129055450705493,0.0,0.0200499162497245
MEM,three,late (0–7),turnover attack,280,0.0,0.0,0.0,1.247106655331321,8394,3.886883828135605e-05,44508,307.3176053535744,0.006291003864473802,0.0,0.010883274718779694
MEM,three,middle (8–15),after a score,3067,0.00032605151613955004,1.1618852097407144e-05,0.03563501938274771,1.2522541937456955,109627,2.727384872646845e-05,44508,307.3176053535744,0.06890896018693268,0.00011595502100099013,0.08364889404407874
MEM,three,middle (8–15),other dead ball,599,0.0,0.0,0.0,1.2397759773613302,17995,0.000119845929478456,44508,307.3176053535744,0.013458254695785028,0.0,0.07178771175759514
MEM,three,middle (8–15),rebound push,1789,0.0,0.0,0.0,1.2522546874106952,61834,1.0404584197921159e-05,44508,307.3176053535744,0.04019502111979869,0.0,0.018613801130080952
MEM,three,middle (8–15),second chance,679,0.0,0.0,0.0,1.2505620345608703,19491,0.00013549020140558147,44508,307.3176053535744,0.015255684371348971,0.0,0.09199784675438982
MEM,three,middle (8–15),turnover attack,629,0.0,0.0,0.0,1.24976801899098,22045,1.0410916405124238e-05,44508,307.3176053535744,0.014132290824121506,0.0,0.006548466418823146
MEM,three,early (16–23),after a score,584,0.0017123287671232876,4.308834466627584e-05,0.02516359328510509,1.2714794457283767,21578,0.00010644479590490595,44508,307.3176053535744,0.013121236631616788,8.188139191099686e-05,0.06216376080846507
MEM,three,early (16–23),other dead ball,123,0.008130081300813009,0.0005879077816191077,0.07231265713915025,1.2286941249633179,5022,0.00031789892876931915,44508,307.3176053535744,0.002763548126179563,0.00023530268321579967,0.039101568238626254
MEM,three,early (16–23),rebound push,2211,0.0004522840343735866,8.758064599174726e-05,0.1936408082877532,1.3028914851261237,72214,2.1681045396897346e-05,44508,307.3176053535744,0.04967646265839849,0.0006300999516931873,0.04793679137254003
MEM,three,early (16–23),second chance,356,0.0,0.0,0.0,1.2719941491456095,13045,0.0002206650063292304,44508,307.3176053535744,0.007998562056259548,0.0,0.07855674225320602
MEM,three,early (16–23),turnover attack,596,0.0,0.0,0.0,1.3206743163336458,18922,1.8362996595510883e-05,44508,307.3176053535744,0.013390851082951379,0.0,0.010944345970924486
MIA,mid-range,late (0–7),after a score,1375,0.03636363636363636,0.0018415855037753398,2.532180067691092,0.9274074487774507,37774,0.0013628006063988987,43073,434.34905402179635,0.03192255008938314,0.005829827518316693,1.8738508337984858
MIA,mid-range,late (0–7),other dead ball,233,0.06437768240343347,0.004056049151892331,0.9450594523909132,0.9234763928111174,7164,0.0014651568720382769,43073,434.34905402179635,0.005409421215146379,0.002175806401879463,0.34138155118491853
MIA,mid-range,late (0–7),rebound push,533,0.07317073170731707,0.003776486476121242,2.012867291772622,0.8968861897832114,13361,0.001897253901621738,43073,434.34905402179635,0.012374341234648156,0.00463421589879096,1.0112363295643862
MIA,mid-range,late (0–7),second chance,77,0.03896103896103896,0.0020272279076632635,0.1560965488900713,0.9219872871636624,2573,0.0020484346194213784,43073,434.34905402179635,0.001787662805005456,0.000359380427894838,0.15772946569544613
MIA,mid-range,late (0–7),turnover attack,194,0.0979381443298969,0.006693317042599838,1.2985035062643686,0.9148627217420328,5618,0.001703101156536643,43073,434.34905402179635,0.004503981612611148,0.002989539160362043,0.33040162436810877
MIA,mid-range,middle (8–15),after a score,1601,0.32292317301686446,0.015743868463078674,25.205933409388955,0.9372687274377818,59116,0.009230823245253882,43073,434.34905402179635,0.03716945650407448,0.058031514460542784,14.778548015651465
MIA,mid-range,middle (8–15),other dead ball,349,0.504297994269341,0.0362819758693252,12.662409578394495,0.9036429339723294,11785,0.017592352363402647,43073,434.34905402179635,0.008102523622687065,0.029152612308346537,6.139730974827524
MIA,mid-range,middle (8–15),rebound push,1153,0.42671292281006074,0.024089984800818146,27.77575247534332,0.9260399108748442,34308,0.01320737556514952,43073,434.34905402179635,0.026768509274951825,0.06394799808623386,15.228104026617396
MIA,mid-range,middle (8–15),second chance,202,0.4752475247524752,0.024797150591531238,5.00902441948931,0.9098965817632715,6250,0.01419988631121416,43073,434.34905402179635,0.004689712813131196,0.01153225585070101,2.8683770348652606
MIA,mid-range,middle (8–15),turnover attack,383,0.391644908616188,0.019794212136247685,7.581183248182864,0.9281422093281427,12275,0.012774855296131201,43073,434.34905402179635,0.008891881224897268,0.017454126302304383,4.89276957841825
MIA,mid-range,early (16–23),after a score,132,0.42424242424242425,0.02963401512308118,3.9116899962467158,0.9712472373006119,6626,0.020990360954200912,43073,434.34905402179635,0.0030645648085807814,0.009005867423969157,2.7707276459545205
MIA,mid-range,early (16–23),other dead ball,97,0.6185567010309279,0.04442985069528315,4.309695517442465,0.9224434605369428,3632,0.03569070903022185,43073,434.34905402179635,0.002251990806305574,0.009922193861221574,3.461998775931519
MIA,mid-range,early (16–23),rebound push,502,0.4721115537848606,0.03430682418929209,17.222025743024627,0.9563718918860477,18399,0.020208350650541707,43073,434.34905402179635,0.011654632832632971,0.03965019742430565,10.144592026571937
MIA,mid-range,early (16–23),second chance,152,0.7631578947368421,0.051565826335167216,7.838005602945417,0.9293093799071492,5438,0.039655743631359645,43073,434.34905402179635,0.0035288928098809,0.018045407329359796,6.027673031966666
MIA,mid-range,early (16–23),turnover attack,85,0.5411764705882353,0.02774920250023875,2.3586822125202938,0.9637080549462647,3273,0.021689207581074777,43073,434.34905402179635,0.001973394005525503,0.005430384136169734,1.843582644391356
MIA,other,late (0–7),after a score,1,1.0,0.45997288871409653,0.45997288871409653,0.2231182883758171,13,,43073,434.34905402179635,2.321640006500592e-05,0.001058993646826302,
MIA,paint (non-RA),late (0–7),after a score,1175,0.11319148936170213,0.014053538932474767,16.51290824565785,0.9929343070702505,34630,0.012700564811662521,43073,434.34905402179635,0.027279270076381958,0.03801759919299653,14.923163653703462
MIA,paint (non-RA),late (0–7),other dead ball,240,0.10416666666666667,0.014286981878635785,3.4288756508725884,0.9824481522506189,7248,0.010104988280229639,43073,434.34905402179635,0.005571936015601421,0.00789428598755627,2.4251971872551135
MIA,paint (non-RA),late (0–7),rebound push,436,0.11238532110091744,0.019934252349825456,8.691334024523899,0.9777456102323986,11060,0.015217063988591456,43073,434.34905402179635,0.01012235042834258,0.020010021764863228,6.634639899025875
MIA,paint (non-RA),late (0–7),second chance,83,0.07228915662650602,0.007474914332235305,0.6204178895755303,0.9725068170385927,2713,0.010103361481748192,43073,434.34905402179635,0.0019269612053954915,0.001428385497403194,0.8385790029850999
MIA,paint (non-RA),late (0–7),turnover attack,214,0.1308411214953271,0.021379875344409986,4.575293323703737,0.9770476425456144,5206,0.015698449223662616,43073,434.34905402179635,0.004968309613911267,0.010533678573348847,3.3594681338637997
MIA,paint (non-RA),middle (8–15),after a score,1671,0.19509275882704968,0.02986341400274699,49.90176479859022,1.0168878307354652,53931,0.02844624805676054,43073,434.34905402179635,0.038794604508624896,0.11488862318573409,47.53368050284686
MIA,paint (non-RA),middle (8–15),other dead ball,286,0.23076923076923078,0.04331172089282553,12.3871521753481,0.9840250632238072,9624,0.033404863515880075,43073,434.34905402179635,0.006639890418591693,0.02851888834717364,9.553790965541701
MIA,paint (non-RA),middle (8–15),rebound push,1137,0.22075637642919965,0.037902191089383044,43.09479126862852,1.007962061843157,32822,0.032959406317193386,43073,434.34905402179635,0.02639704687391173,0.09921695666100369,37.47484498264888
MIA,paint (non-RA),middle (8–15),second chance,259,0.17374517374517376,0.02602645273778316,6.740851259085838,1.0477737181725215,7538,0.02877018277862828,43073,434.34905402179635,0.006013047616836533,0.015519433498633961,7.451477339664725
MIA,paint (non-RA),middle (8–15),turnover attack,370,0.22432432432432434,0.0297344238285497,11.001736816563389,1.0130904533294578,11228,0.03156854800129544,43073,434.34905402179635,0.00859006802405219,0.025329252394345733,11.680362760479312
MIA,paint (non-RA),early (16–23),after a score,133,0.21052631578947367,0.03675440904760299,4.8883364033311985,1.0706163326763503,6380,0.03730405591916841,43073,434.34905402179635,0.0030877812086457872,0.011254396338770185,4.961439437249399
MIA,paint (non-RA),early (16–23),other dead ball,49,0.30612244897959184,0.06335362446164186,3.1043275986204515,0.9654304999746217,2153,0.04870651855549135,43073,434.34905402179635,0.0011376036031852902,0.0071470803720564136,2.386619409219076
MIA,paint (non-RA),early (16–23),rebound push,658,0.24316109422492402,0.042708822172965226,28.10240498981112,1.0450487071279564,21284,0.0405823070642736,43073,434.34905402179635,0.015276391242773895,0.06470004879624049,26.70315804829203
MIA,paint (non-RA),early (16–23),second chance,226,0.37610619469026546,0.059284621048142444,13.398324356880192,1.0383734183973083,5265,0.05486110841304818,43073,434.34905402179635,0.005246906414691338,0.03084690580725391,12.398610501348887
MIA,paint (non-RA),early (16–23),turnover attack,141,0.3333333333333333,0.06136541371613452,8.652523333974967,1.022691107899938,4704,0.04263414850085676,43073,434.34905402179635,0.0032735124091658346,0.01992066807526826,6.011414938620804
MIA,rim,late (0–7),after a score,1361,0.030124908155767818,0.004670838130181154,6.357010695176551,1.353712461711494,41090,0.003322965709581713,43073,434.34905402179635,0.03159752048847306,0.014635718982957761,4.522556330740711
MIA,rim,late (0–7),other dead ball,292,0.017123287671232876,0.0011047956533877942,0.3226003307892359,1.3720004359794278,7953,0.002359383082515829,43073,434.34905402179635,0.006779188818981729,0.0007427213845688432,0.688939860094622
MIA,rim,late (0–7),rebound push,460,0.02608695652173913,0.0072652248660830835,3.3420034383982182,1.3327119053561831,13518,0.003873904942650122,43073,434.34905402179635,0.010679544029902724,0.007694280458201507,1.7819962736190562
MIA,rim,late (0–7),second chance,125,0.008,0.0015237327441630368,0.1904665930203796,1.3597041286233884,3903,0.0016886623877104521,43073,434.34905402179635,0.00290205000812574,0.00043851043591963635,0.2110827984638065
MIA,rim,late (0–7),turnover attack,233,0.02575107296137339,0.0013330572555498516,0.3106023405431154,1.40316212673849,6300,0.0027858161705283783,43073,434.34905402179635,0.005409421215146379,0.0007150984620943341,0.6490951677331122
MIA,rim,middle (8–15),after a score,2608,0.053297546012269936,0.007245394684536335,18.895989337270763,1.41354307088884,80264,0.006276070530141061,43073,434.34905402179635,0.06054837136953544,0.04350415676586815,16.367991942607887
MIA,rim,middle (8–15),other dead ball,434,0.052995391705069124,0.010332105258632542,4.484133682246523,1.441430623908125,13325,0.00717740353863139,43073,434.34905402179635,0.010075917628212569,0.010323802114281804,3.1149931357660234
MIA,rim,middle (8–15),rebound push,1717,0.05591147350029121,0.007589269513727114,13.030775755069454,1.4040749408659823,48083,0.007346732546098074,43073,434.34905402179635,0.039862558911615165,0.03000070020738562,12.614339781650393
MIA,rim,middle (8–15),second chance,1017,0.03638151425762045,0.0035394648772825864,3.5996357801963903,1.3945810024708272,36772,0.002271262334085996,43073,434.34905402179635,0.02361107886611102,0.00828742631500184,2.309873793765458
MIA,rim,middle (8–15),turnover attack,570,0.06842105263157895,0.009565979921779344,5.452608555414226,1.41082751085993,17089,0.006075804770359153,43073,434.34905402179635,0.013233348037053375,0.012553517740919508,3.4632087191047174
MIA,rim,early (16–23),after a score,375,0.06666666666666667,0.0048648814438827315,1.8243305414560245,1.4555657415930545,16978,0.007446752802776915,43073,434.34905402179635,0.00870615002437722,0.004200148531610424,2.7925323010413434
MIA,rim,early (16–23),other dead ball,86,0.11627906976744186,0.015579873747253697,1.339869142263818,1.3674252571506795,4068,0.01363511546828802,43073,434.34905402179635,0.0019966104055905093,0.0030847750901204477,1.1726199302727696
MIA,rim,early (16–23),rebound push,2106,0.0949667616334283,0.009170193880223509,19.312428311750708,1.41880121237753,67256,0.007182983062180963,43073,434.34905402179635,0.048893738536902466,0.04446292246507708,15.127362328953108
MIA,rim,early (16–23),second chance,840,0.16071428571428573,0.01749680613274867,14.697317151508884,1.3287966702302474,24145,0.0127614196941752,43073,434.34905402179635,0.019501776054604972,0.03383757145415896,10.719592543107167
MIA,rim,early (16–23),turnover attack,1249,0.04323458767013611,0.0031597369193959255,3.9465114123255107,1.6022625722292956,39844,0.0037397852803434514,43073,434.34905402179635,0.028997283681192393,0.009086036623732276,4.67099181514897
MIA,three,late (0–7),after a score,2318,0.0,0.0,0.0,1.2736702078340225,60211,6.620861986211196e-05,43073,434.34905402179635,0.05381561535068372,0.0,0.15347158084037552
MIA,three,late (0–7),other dead ball,514,0.0019455252918287938,2.15395789794981e-05,0.011071343595462024,1.2630798842992055,11441,8.102951376710335e-05,43073,434.34905402179635,0.011933229633413043,2.5489507788605536e-05,0.041649170076291125
MIA,three,late (0–7),rebound push,790,0.0,0.0,0.0,1.243521998739989,20544,8.273088640251868e-05,43073,434.34905402179635,0.018340956051354676,0.0,0.06535740025798975
MIA,three,late (0–7),second chance,193,0.0051813471502590676,0.00035078896370889273,0.0677022699958163,1.2271889388221173,5203,0.00014020920454352797,43073,434.34905402179635,0.004480765212546142,0.0001558706514240938,0.027060376476900898
MIA,three,late (0–7),turnover attack,361,0.0,0.0,0.0,1.2701534850590501,8394,3.886883828135605e-05,43073,434.34905402179635,0.008381120423467137,0.0,0.014031650619569533
MIA,three,middle (8–15),after a score,3337,0.00029967036260113877,2.109889250165193e-06,0.00704070042780125,1.2677125294996967,109627,2.727384872646845e-05,43073,434.34905402179635,0.07747312701692476,1.620977497846222e-05,0.09101283320022521
MIA,three,middle (8–15),other dead ball,623,0.0016051364365971107,7.878833697329423e-06,0.004908513393436231,1.2398695998097335,17995,0.000119845929478456,43073,434.34905402179635,0.014463817240498689,1.1300849738215186e-05,0.07466401406507808
MIA,three,middle (8–15),rebound push,2251,0.000888494002665482,4.791688306481357e-05,0.10786090377889535,1.266531863942748,61834,1.0404584197921159e-05,43073,434.34905402179635,0.052260116546328325,0.0002483277050569626,0.023420719029520528
MIA,three,middle (8–15),second chance,654,0.0030581039755351682,0.0006577848631046205,0.43019130047042176,1.2626545310168782,19491,0.00013549020140558147,43073,434.34905402179635,0.015183525642513872,0.0009904276214881178,0.08861059171925029
MIA,three,middle (8–15),turnover attack,807,0.0,0.0,0.0,1.264200600657913,22045,1.0410916405124238e-05,43073,434.34905402179635,0.018735634852459777,0.0,0.00840160953893526
MIA,three,early (16–23),after a score,480,0.00625,0.00048723297674058163,0.2338718288354792,1.2669398484527263,21578,0.00010644479590490595,43073,434.34905402179635,0.011143872031202842,0.0005384421277541061,0.05109350203435485
MIA,three,early (16–23),other dead ball,106,0.0,0.0,0.0,1.2619637395831773,5022,0.00031789892876931915,43073,434.34905402179635,0.0024609384068906277,0.0,0.03369728644954783
MIA,three,early (16–23),rebound push,2129,0.0,0.0,0.0,1.2887644620437646,72214,2.1681045396897346e-05,43073,434.34905402179635,0.049427715738397604,0.0,0.04615894564999445
MIA,three,early (16–23),second chance,368,0.0,0.0,0.0,1.280211197518074,13045,0.0002206650063292304,43073,434.34905402179635,0.008543635223922178,0.0,0.08120472232915679
MIA,three,early (16–23),turnover attack,522,0.0,0.0,0.0,1.3105928052781497,18922,1.8362996595510883e-05,43073,434.34905402179635,0.01211896083393309,0.0,0.009585484222856681
MIL,mid-range,late (0–7),after a score,1180,0.0211864406779661,0.0013101586173392588,1.5459871684603255,0.9347819631776532,37774,0.0013628006063988987,44682,387.6869218636247,0.026408844724945167,0.003987720712962693,1.6081047155507004
MIL,mid-range,late (0–7),other dead ball,188,0.010638297872340425,0.0010678707603971563,0.2007597029546654,0.9463739766499748,7164,0.0014651568720382769,44682,387.6869218636247,0.0042075108544827895,0.0005178397609844728,0.27544949194319607
MIL,mid-range,late (0–7),rebound push,382,0.03926701570680628,0.001754031653594942,0.6700400916732678,0.9039200448664316,13361,0.001897253901621738,44682,387.6869218636247,0.00854930397027886,0.0017283020238401685,0.7247509904195039
MIL,mid-range,late (0–7),second chance,79,0.0379746835443038,0.002363202199982829,0.18669297379864347,0.9375840039640013,2573,0.0020484346194213784,44682,387.6869218636247,0.0017680497739581934,0.00048155602696424156,0.16182633493428888
MIL,mid-range,late (0–7),turnover attack,192,0.03125,0.0012907186539545742,0.24781798155927826,0.9157064371215725,5618,0.001703101156536643,44682,387.6869218636247,0.004297032362024976,0.0006392219277555417,0.32699542205503546
MIL,mid-range,middle (8–15),after a score,1854,0.2540453074433657,0.012638876694318324,23.432477391266172,0.9478003053042372,59116,0.009230823245253882,44682,387.6869218636247,0.04149321874580368,0.06044175356399805,17.113946296700696
MIL,mid-range,middle (8–15),other dead ball,367,0.31607629427792916,0.019943294808705707,7.319189194794994,0.9255358804251771,11785,0.017592352363402647,44682,387.6869218636247,0.008213598316995658,0.01887912328744904,6.4563933173687715
MIL,mid-range,middle (8–15),rebound push,1051,0.3054234062797336,0.016118705752502918,16.940759745880566,0.937723320659524,34308,0.01320737556514952,44682,387.6869218636247,0.023521776106709635,0.043697011146122074,13.880951718972145
MIL,mid-range,middle (8–15),second chance,202,0.2722772277227723,0.01687391852073979,3.4085315411894372,0.9373863492688101,6250,0.01419988631121416,44682,387.6869218636247,0.004520836130880444,0.008791969367458944,2.8683770348652606
MIL,mid-range,middle (8–15),turnover attack,386,0.3316062176165803,0.01683867447212125,6.499728346238802,0.9307416963545699,12275,0.012774855296131201,44682,387.6869218636247,0.008638825477821046,0.016765405226966075,4.931094144306644
MIL,mid-range,early (16–23),after a score,235,0.3574468085106383,0.021157510238096013,4.972014905952563,0.9865595503216241,6626,0.020990360954200912,44682,387.6869218636247,0.005259388568103487,0.012824819785129485,4.932734824237214
MIL,mid-range,early (16–23),other dead ball,152,0.6973684210526315,0.0565896667901843,8.601629352108013,0.9140418334773353,3632,0.03569070903022185,44682,387.6869218636247,0.0034018172866031064,0.02218705059938488,5.42498777259372
MIL,mid-range,early (16–23),rebound push,548,0.43795620437956206,0.027751516151160394,15.207830850835895,0.9740411083450469,18399,0.020208350650541707,44682,387.6869218636247,0.01226444653327962,0.039227092773032726,11.074176156496856
MIL,mid-range,early (16–23),second chance,153,0.6601307189542484,0.044408023769674176,6.794427636760149,0.9462495277504782,5438,0.039655743631359645,44682,387.6869218636247,0.0034241976634886533,0.01752555284583523,6.067328775598026
MIL,mid-range,early (16–23),turnover attack,104,0.49038461538461536,0.029695508480912795,3.0883328820149307,0.9670314088907368,3273,0.021689207581074777,44682,387.6869218636247,0.002327559196096862,0.007966048653818926,2.255677588431777
MIL,other,late (0–7),rebound push,1,1.0,0.3377137808415547,0.3377137808415547,0.17900064131699356,10,,44682,387.6869218636247,2.2380376885546754e-05,0.0008710992344496756,
MIL,paint (non-RA),late (0–7),after a score,1020,0.10686274509803921,0.011575024720396567,11.806525214804498,1.0068379614212883,34630,0.012700564811662521,44682,387.6869218636247,0.02282798442325769,0.030453761911931707,12.954576107895772
MIL,paint (non-RA),late (0–7),other dead ball,177,0.0847457627118644,0.008212202148959664,1.4535597803658606,1.0158546220854578,7248,0.010104988280229639,44682,387.6869218636247,0.003961326708741776,0.003749313423776452,1.788582925600646
MIL,paint (non-RA),late (0–7),rebound push,316,0.10443037974683544,0.014218796370854183,4.493139653189922,0.9987491616043644,11060,0.015217063988591456,44682,387.6869218636247,0.0070721990958327735,0.011589608521203762,4.8085922203949005
MIL,paint (non-RA),late (0–7),second chance,71,0.11267605633802817,0.008872024217210563,0.62991371942195,1.0158620041903363,2713,0.010103361481748192,44682,387.6869218636247,0.0015890067588738195,0.001624800022641807,0.7173386652041216
MIL,paint (non-RA),late (0–7),turnover attack,148,0.12837837837837837,0.021981524811977054,3.253265672172604,1.0106111326272833,5206,0.015698449223662616,44682,387.6869218636247,0.0033122957790609193,0.008391476443244568,2.323370485102067
MIL,paint (non-RA),middle (8–15),after a score,1686,0.2111506524317912,0.03514044896893649,59.24679696162693,1.0317775629808597,53931,0.02844624805676054,44682,387.6869218636247,0.03773331542903183,0.15282124214256565,47.960374223698274
MIL,paint (non-RA),middle (8–15),other dead ball,283,0.24381625441696114,0.04454899835910625,12.607366535627069,0.9945841127131337,9624,0.033404863515880075,44682,387.6869218636247,0.006333646658609731,0.03251945274558918,9.45357637499406
MIL,paint (non-RA),middle (8–15),rebound push,1011,0.18397626112759644,0.03341707720983617,33.78466505914437,1.0246753308540255,32822,0.032959406317193386,44682,387.6869218636247,0.022626561031287767,0.08714419588037764,33.32195978668251
MIL,paint (non-RA),middle (8–15),second chance,235,0.17446808510638298,0.026713161784707357,6.277593019406229,1.0406945511960228,7538,0.02877018277862828,44682,387.6869218636247,0.005259388568103487,0.016192429162246738,6.760992952977646
MIL,paint (non-RA),middle (8–15),turnover attack,357,0.15966386554621848,0.025538191599902046,9.11713440116503,1.0465142289602594,11228,0.03156854800129544,44682,387.6869218636247,0.007989794548140191,0.023516744793295175,11.269971636462472
MIL,paint (non-RA),early (16–23),after a score,198,0.20202020202020202,0.0226791900794413,4.490479635729377,1.1099316971259983,6380,0.03730405591916841,44682,387.6869218636247,0.004431314623338257,0.011582747269738899,7.386203071995345
MIL,paint (non-RA),early (16–23),other dead ball,88,0.25,0.053348400994054274,4.694659287476776,1.0179482046304114,2153,0.04870651855549135,44682,387.6869218636247,0.0019694731659281144,0.012109408449759882,4.286173632883239
MIL,paint (non-RA),early (16–23),rebound push,672,0.2916666666666667,0.048119008433638644,32.33597366740517,1.0432571915495084,21284,0.0405823070642736,44682,387.6869218636247,0.015039613267087418,0.08340743998266695,27.271310347191857
MIL,paint (non-RA),early (16–23),second chance,153,0.30718954248366015,0.06438438033428327,9.85081019114534,1.0533239592439696,5265,0.05486110841304818,44682,387.6869218636247,0.0034241976634886533,0.02540918879541293,8.393749587196371
MIL,paint (non-RA),early (16–23),turnover attack,120,0.30833333333333335,0.05000319806694986,6.000383768033983,1.0550039027628768,4704,0.04263414850085676,44682,387.6869218636247,0.0026856452262656104,0.015477395366317561,5.116097820102811
MIL,rim,late (0–7),after a score,1421,0.012667135819845179,0.003851841750138298,5.473467126946522,1.3649373284976338,41090,0.003322965709581713,44682,387.6869218636247,0.031802515554361935,0.014118266101511427,4.721934273315615
MIL,rim,late (0–7),other dead ball,252,0.0,0.0,0.0,1.4027710008255392,7953,0.002359383082515829,44682,387.6869218636247,0.0056398549751577815,0.0,0.5945645367939889
MIL,rim,late (0–7),rebound push,465,0.015053763440860216,0.0043336379634138665,2.015141652987448,1.4029301722752714,13518,0.003873904942650122,44682,387.6869218636247,0.01040687525177924,0.005197858218432004,1.8013657983323068
MIL,rim,late (0–7),second chance,130,0.007692307692307693,0.0014531653544259098,0.18891149607536828,1.3917395337119254,3903,0.0016886623877104521,44682,387.6869218636247,0.002909448995121078,0.00048727848534911637,0.21952611040235878
MIL,rim,late (0–7),turnover attack,203,0.014778325123152709,0.003469471586833255,0.7043027321271508,1.4037297794104406,6300,0.0027858161705283783,44682,387.6869218636247,0.004543216507765991,0.0018166791098898633,0.5655206826172607
MIL,rim,middle (8–15),after a score,2998,0.0400266844563042,0.006306669539751122,18.907395280173866,1.4342529003323843,80264,0.006276070530141061,44682,387.6869218636247,0.06709636990286917,0.048769752637734975,18.8156594493629
MIL,rim,middle (8–15),other dead ball,500,0.038,0.004389532800262813,2.1947664001314067,1.4320497090610251,13325,0.00717740353863139,44682,387.6869218636247,0.011190188442773375,0.005661182455113748,3.588701769315695
MIL,rim,middle (8–15),rebound push,1577,0.05136334812935954,0.008611778767895836,13.580775116971733,1.3959270884032684,48083,0.007346732546098074,44682,387.6869218636247,0.03529385434850723,0.03503026372849635,11.585797225196663
MIL,rim,middle (8–15),second chance,1200,0.02,0.0015264944067373727,1.8317932880848473,1.4040326548516322,36772,0.002271262334085996,44682,387.6869218636247,0.026856452262656105,0.004724929278706004,2.725514800903195
MIL,rim,middle (8–15),turnover attack,624,0.052884615384615384,0.008794507879400702,5.487772916746038,1.4273920100797977,17089,0.006075804770359153,44682,387.6869218636247,0.013965355176581174,0.014155166468773617,3.7913021767041113
MIL,rim,early (16–23),after a score,669,0.07324364723467862,0.007118357857049458,4.762181406366087,1.489945203226959,16978,0.007446752802776915,44682,387.6869218636247,0.014972472136430777,0.012283575064833534,4.9818776250577566
MIL,rim,early (16–23),other dead ball,229,0.1091703056768559,0.0136430275506227,3.1242533090925986,1.4888281245662252,4068,0.01363511546828802,44682,387.6869218636247,0.005125106306790206,0.008058701836198659,3.1224414422379563
MIL,rim,early (16–23),rebound push,2749,0.06402328119316116,0.0054469887941731845,14.973772195182084,1.510604168322396,67256,0.007182983062180963,44682,387.6869218636247,0.06152365605836802,0.03862336166307244,19.746020437935467
MIL,rim,early (16–23),second chance,837,0.0967741935483871,0.01136048586071905,9.508726665421845,1.3818249409241352,24145,0.0127614196941752,44682,387.6869218636247,0.01873237545320263,0.0245268182370276,10.681308284024642
MIL,rim,early (16–23),turnover attack,1507,0.046449900464499004,0.003452711350596338,5.203236005348681,1.6608186434449141,39844,0.0037397852803434514,44682,387.6869218636247,0.033727227966518954,0.013421231699889544,5.635856417477581
MIL,three,late (0–7),after a score,1749,0.0,0.0,0.0,1.2705842648657946,60211,6.620861986211196e-05,44682,387.6869218636247,0.03914327917282127,0.0,0.11579887613883381
MIL,three,late (0–7),other dead ball,325,0.0,0.0,0.0,1.26190200381707,11441,8.102951376710335e-05,44682,387.6869218636247,0.0072736224878026945,0.0,0.02633459197430859
MIL,three,late (0–7),rebound push,593,0.0,0.0,0.0,1.2385032272328285,20544,8.273088640251868e-05,44682,387.6869218636247,0.013271563493129225,0.0,0.049059415636693575
MIL,three,late (0–7),second chance,174,0.0,0.0,0.0,1.2480543996424593,5203,0.00014020920454352797,44682,387.6869218636247,0.003894185578085135,0.0,0.02439640159057387
MIL,three,late (0–7),turnover attack,251,0.0,0.0,0.0,1.2599678135218022,8394,3.886883828135605e-05,44682,387.6869218636247,0.005617474598272235,0.0,0.009756078408620368
MIL,three,middle (8–15),after a score,3700,0.0008108108108108108,8.143324875592499e-06,0.030130302039692247,1.2595650231787336,109627,2.727384872646845e-05,44682,387.6869218636247,0.08280739447652298,7.771812857357897e-05,0.10091324028793326
MIL,three,middle (8–15),other dead ball,549,0.0,0.0,0.0,1.2434011118557275,17995,0.000119845929478456,44682,387.6869218636247,0.012286826910165168,0.0,0.06579541528367235
MIL,three,middle (8–15),rebound push,2045,0.0004889975550122249,9.636911724348276e-06,0.019707484476292225,1.2539386229571574,61834,1.0404584197921159e-05,44682,387.6869218636247,0.04576787073094311,5.083350344024413e-05,0.02127737468474877
MIL,three,middle (8–15),second chance,601,0.0,0.0,0.0,1.2656653988368742,19491,0.00013549020140558147,44682,387.6869218636247,0.013450606508213598,0.0,0.08142961104475446
MIL,three,middle (8–15),turnover attack,725,0.0,0.0,0.0,1.2605005970490863,22045,1.0410916405124238e-05,44682,387.6869218636247,0.016225773242021395,0.0,0.007547914393715073
MIL,three,early (16–23),after a score,908,0.004405286343612335,9.549585034469188e-05,0.08671023211298023,1.2595773995376949,21578,0.00010644479590490595,44682,387.6869218636247,0.020321382212076453,0.00022366045183098025,0.09665187468165459
MIL,three,early (16–23),other dead ball,168,0.0,0.0,0.0,1.2321813080849569,5022,0.00031789892876931915,44682,387.6869218636247,0.0037599033167718546,0.0,0.05340702003324562
MIL,three,early (16–23),rebound push,3035,0.0019769357495881385,3.218390125063844e-05,0.09767814029568767,1.2772180069326433,72214,2.1681045396897346e-05,44682,387.6869218636247,0.0679244438476344,0.0002519510842051246,0.06580197277958344
MIL,three,early (16–23),second chance,329,0.0,0.0,0.0,1.2766765701936333,13045,0.0002206650063292304,44682,387.6869218636247,0.007363143995344882,0.0,0.0725987870823168
MIL,three,early (16–23),turnover attack,560,0.0,0.0,0.0,1.3045137705939416,18922,1.8362996595510883e-05,44682,387.6869218636247,0.012533011055906181,0.0,0.010283278093486095
MIN,mid-range,late (0–7),after a score,1385,0.026714801444043323,0.0015321770737301984,2.122065247116325,0.9337936533465869,37774,0.0013628006063988987,44470,351.86398785691915,0.031144591859680684,0.006030924790118717,1.8874788398624747
MIN,mid-range,late (0–7),other dead ball,229,0.017467248908296942,0.0006382165498943484,0.1461515899258058,0.9320313580443073,7164,0.0014651568720382769,44470,351.86398785691915,0.005149539015066337,0.0004153638762976688,0.3355209236967654
MIN,mid-range,late (0–7),rebound push,474,0.04008438818565401,0.002379086869704651,1.1276871762400047,0.9021606797423474,13361,0.001897253901621738,44470,351.86398785691915,0.010658871149089274,0.003204895116173593,0.8992983493687038
MIN,mid-range,late (0–7),second chance,84,0.047619047619047616,0.0026538561877995255,0.22292391977516013,0.9124448091902904,2573,0.0020484346194213784,44470,351.86398785691915,0.0018889138745221497,0.0006335513933463665,0.17206850803139578
MIN,mid-range,late (0–7),turnover attack,214,0.037383177570093455,0.0010099386170575348,0.21612686405031245,0.9153730802209966,5618,0.001703101156536643,44470,351.86398785691915,0.004812232966044524,0.0006142341117846865,0.36446364749884164
MIN,mid-range,middle (8–15),after a score,2115,0.16501182033096926,0.006263572878214355,13.24745663742336,0.942209439103665,59116,0.009230823245253882,44470,351.86398785691915,0.047560152912075555,0.037649367638072306,19.52319116371196
MIN,mid-range,middle (8–15),other dead ball,459,0.2788671023965142,0.015263814987524452,7.006091079273723,0.9141149209809987,11785,0.017592352363402647,44470,351.86398785691915,0.01032156510006746,0.019911361551789887,8.074889734801815
MIN,mid-range,middle (8–15),rebound push,1199,0.25938281901584653,0.010100210503177076,12.110152393309315,0.9274293093412359,34308,0.01320737556514952,44470,351.86398785691915,0.026961996851810208,0.03441714074540003,15.835643302614274
MIN,mid-range,middle (8–15),second chance,230,0.26521739130434785,0.010210785830924125,2.3484807411125486,0.9377121794040417,6250,0.01419988631121416,44470,351.86398785691915,0.005172026085001125,0.006674399262670573,3.2659738515792567
MIN,mid-range,middle (8–15),turnover attack,525,0.20952380952380953,0.007888045663692169,4.141223973438389,0.9343390104577342,12275,0.012774855296131201,44470,351.86398785691915,0.011805711715763436,0.0117693885033849,6.706799030468881
MIN,mid-range,early (16–23),after a score,225,0.31555555555555553,0.02253853642442953,5.071170695496645,0.9695987102170767,6626,0.020990360954200912,44470,351.86398785691915,0.005059590735327187,0.014412303817686422,4.722831214695205
MIN,mid-range,early (16–23),other dead ball,136,0.5,0.033603460340907,4.570070606363352,0.9299083083524483,3632,0.03569070903022185,44470,351.86398785691915,0.0030582415111310994,0.012988173737807208,4.853936428110171
MIN,mid-range,early (16–23),rebound push,544,0.35661764705882354,0.020160011702668946,10.967046366251907,0.96533219361821,18399,0.020208350650541707,44470,351.86398785691915,0.012232966044524398,0.031168425143614047,10.993342753894689
MIN,mid-range,early (16–23),second chance,221,0.5972850678733032,0.03605020899378573,7.9670961876266455,0.9326860419383262,5438,0.039655743631359645,44470,351.86398785691915,0.004969642455588037,0.022642545024716652,8.763919342530482
MIN,mid-range,early (16–23),turnover attack,127,0.33858267716535434,0.01641915900382002,2.0852331934851427,0.9827502152801751,3273,0.021689207581074777,44470,351.86398785691915,0.0028558578817180122,0.005926247827137897,2.7545293627964966
MIN,other,late (0–7),after a score,1,1.0,0.4325108506970306,0.4325108506970306,0.2231182883758171,13,,44470,351.86398785691915,2.2487069934787497e-05,0.001229198967849206,
MIN,paint (non-RA),late (0–7),after a score,1121,0.1079393398751115,0.0126431154864461,14.172932460306079,1.0125808783200656,34630,0.012700564811662521,44470,351.86398785691915,0.025208005396896785,0.04027957662456016,14.237333153873687
MIN,paint (non-RA),late (0–7),other dead ball,238,0.10084033613445378,0.00882633040591573,2.1006666366079436,1.0057315323106426,7248,0.010104988280229639,44470,351.86398785691915,0.005351922644479424,0.005970109784187838,2.404987210694654
MIN,paint (non-RA),late (0–7),rebound push,349,0.1318051575931232,0.016480244513039224,5.751605335050689,0.9691573559421494,11060,0.015217063988591456,44470,351.86398785691915,0.007847987407240837,0.016346103987741716,5.310755332018418
MIN,paint (non-RA),late (0–7),second chance,81,0.12345679012345678,0.013965062435397784,1.1311700572672205,1.0091083091744713,2713,0.010103361481748192,44470,351.86398785691915,0.0018214526647177872,0.003214793489259253,0.8183722800216036
MIN,paint (non-RA),late (0–7),turnover attack,159,0.11320754716981132,0.01161877027981468,1.8473844744905343,1.0073603083583609,5206,0.015698449223662616,44470,351.86398785691915,0.003575444119631212,0.0052502800463960775,2.496053426562356
MIN,paint (non-RA),middle (8–15),after a score,1833,0.18221494817239497,0.02693247954883498,49.367235013014515,1.0405238348194623,53931,0.02844624805676054,44470,351.86398785691915,0.041218799190465484,0.14030203918762227,52.141972688042074
MIN,paint (non-RA),middle (8–15),other dead ball,351,0.2336182336182336,0.03288259509437019,11.541790878123937,0.9990363625010492,9624,0.033404863515880075,44470,351.86398785691915,0.007892961547110411,0.03280185320589629,11.725107094073906
MIN,paint (non-RA),middle (8–15),rebound push,1028,0.19747081712062256,0.029716176084235154,30.548229014593737,1.0317149114349409,32822,0.032959406317193386,44470,351.86398785691915,0.02311670789296155,0.08681828794316902,33.8822696940748
MIN,paint (non-RA),middle (8–15),second chance,288,0.19444444444444445,0.027234265096286164,7.843468347730415,1.0323903878774818,7538,0.02877018277862828,44470,351.86398785691915,0.006476276141218799,0.02229119380901196,8.285812640244945
MIN,paint (non-RA),middle (8–15),turnover attack,450,0.21333333333333335,0.030980473277014905,13.941212974656708,1.0221471383320428,11228,0.03156854800129544,44470,351.86398785691915,0.010119181470654375,0.03962102816934399,14.205846600582946
MIN,paint (non-RA),early (16–23),after a score,195,0.2717948717948718,0.04191193689238065,8.172827694014227,1.0630802616100146,6380,0.03730405591916841,44470,351.86398785691915,0.004384978637283562,0.023227235454790558,7.27429090423784
MIN,paint (non-RA),early (16–23),other dead ball,73,0.3013698630136986,0.04354147102565644,3.17852738487292,1.04283399877927,2153,0.04870651855549135,44470,351.86398785691915,0.0016415561052394872,0.009033397831452494,3.5555758545508684
MIN,paint (non-RA),early (16–23),rebound push,622,0.2684887459807074,0.04524746693644409,28.143924434468225,1.0441612456445233,21284,0.0405823070642736,44470,351.86398785691915,0.013986957499437824,0.07998523692601524,25.242194993978178
MIN,paint (non-RA),early (16–23),second chance,216,0.375,0.06259604717159259,13.520746189063999,1.0403696514266665,5265,0.05486110841304818,44470,351.86398785691915,0.004857207105914099,0.0384260585216866,11.849999417218406
MIN,paint (non-RA),early (16–23),turnover attack,159,0.31446540880503143,0.04427635820371465,7.039940954390629,1.0497837443741311,4704,0.04263414850085676,44470,351.86398785691915,0.003575444119631212,0.020007563141850506,6.778829611636225
MIN,rim,late (0–7),after a score,1378,0.018142235123367198,0.0041575969248185945,5.729168562400023,1.3720918632023702,41090,0.003322965709581713,44470,351.86398785691915,0.03098718237013717,0.016282338517489076,4.5790467478036
MIN,rim,late (0–7),other dead ball,266,0.011278195488721804,0.003532940207979698,0.9397620953225997,1.3483724328735955,7953,0.002359383082515829,44470,351.86398785691915,0.005981560602653474,0.0026708106761546215,0.6275958999492105
MIN,rim,late (0–7),rebound push,471,0.03184713375796178,0.005574251898125523,2.6254726440171217,1.3692639581686799,13518,0.003873904942650122,44470,351.86398785691915,0.010591409939284912,0.007461612255371628,1.8246092279882076
MIN,rim,late (0–7),second chance,122,0.03278688524590164,0.0032063465490769624,0.39117427898738943,1.3076045789170865,3903,0.0016886623877104521,44470,351.86398785691915,0.0027434225320440747,0.0011117201318893005,0.20601681130067517
MIN,rim,late (0–7),turnover attack,198,0.010101010101010102,0.0017096048009931073,0.33850175059663523,1.354184514093747,6300,0.0027858161705283783,44470,351.86398785691915,0.004452439847087925,0.0009620244250010675,0.5515916017646189
MIN,rim,middle (8–15),after a score,2791,0.03977069150841992,0.005027473677142094,14.031679032903586,1.4161584480610985,80264,0.006276070530141061,44470,351.86398785691915,0.0627614121879919,0.03987813336160273,17.5165128496237
MIN,rim,middle (8–15),other dead ball,410,0.05365853658536585,0.011299599784629764,4.632835911698203,1.3912143048342889,13325,0.00717740353863139,44470,351.86398785691915,0.009219698673262874,0.013166553189814028,2.94273545083887
MIN,rim,middle (8–15),rebound push,1654,0.04050785973397823,0.005459193025685496,9.02950526448381,1.3792685885683342,48083,0.007346732546098074,44470,351.86398785691915,0.03719361367213852,0.025661919310013444,12.151495631246213
MIN,rim,middle (8–15),second chance,1301,0.026902382782475018,0.002500831630238282,3.2535819509400046,1.384532429523706,36772,0.002271262334085996,44470,351.86398785691915,0.029255677985158535,0.009246703451400178,2.9549122966458805
MIN,rim,middle (8–15),turnover attack,608,0.046052631578947366,0.004957143063503446,3.013942982610095,1.4158246236270242,17089,0.006075804770359153,44470,351.86398785691915,0.013672138520350798,0.008565647769091037,3.694089300378365
MIN,rim,early (16–23),after a score,632,0.05221518987341772,0.005971596360329656,3.7740488997283426,1.4695737116151122,16978,0.007446752802776915,44470,351.86398785691915,0.014211828198785699,0.010725874286580898,4.70634777135501
MIN,rim,early (16–23),other dead ball,121,0.09917355371900827,0.0068886898817049754,0.833531475686302,1.4227990433710946,4068,0.01363511546828802,44470,351.86398785691915,0.0027209354621092873,0.002368902486335847,1.6498489716628504
MIN,rim,early (16–23),rebound push,2073,0.06512301013024602,0.006978373197779226,14.466167638996335,1.4657683178992487,67256,0.007182983062180963,44470,351.86398785691915,0.046615695974814485,0.041112953124599984,14.890323887901136
MIN,rim,early (16–23),second chance,908,0.10242290748898679,0.01189699303885465,10.802469679280023,1.3645419658646571,24145,0.0127614196941752,44470,351.86398785691915,0.02041825950078705,0.03070069700816528,11.587369082311081
MIN,rim,early (16–23),turnover attack,1560,0.03333333333333333,0.00312187381587144,4.870123152759446,1.6407045700991423,39844,0.0037397852803434514,44470,351.86398785691915,0.0350798290982685,0.013840925246205695,5.834065037335784
MIN,three,late (0–7),after a score,1844,0.0005422993492407809,1.800637050092944e-07,0.00033203747203713885,1.2646656425282412,60211,6.620861986211196e-05,44470,351.86398785691915,0.041466156959748146,9.436528985516913e-07,0.12208869502573445
MIN,three,late (0–7),other dead ball,314,0.0,0.0,0.0,1.261986470266464,11441,8.102951376710335e-05,44470,351.86398785691915,0.007060939959523274,0.0,0.02544326732287045
MIN,three,late (0–7),rebound push,620,0.0016129032258064516,0.000251516277042732,0.15594009176649382,1.2378713282149694,20544,8.273088640251868e-05,44470,351.86398785691915,0.013941983359568248,0.00044318286937026585,0.05129314956956158
MIN,three,late (0–7),second chance,175,0.0,0.0,0.0,1.2363606389214552,5203,0.00014020920454352797,44470,351.86398785691915,0.003935237238587812,0.0,0.024536610795117396
MIN,three,late (0–7),turnover attack,245,0.0,0.0,0.0,1.2487319645428083,8394,3.886883828135605e-05,44470,351.86398785691915,0.0055093321340229364,0.0,0.009522865378932231
MIN,three,middle (8–15),after a score,3693,0.0005415651232060655,2.2467547292990004e-05,0.08297265215301208,1.2552710920660923,109627,2.727384872646845e-05,44470,351.86398785691915,0.08304474926917023,0.00023580887790867593,0.10072232334684798
MIN,three,middle (8–15),other dead ball,597,0.0,0.0,0.0,1.239414979012972,17995,0.000119845929478456,44470,351.86398785691915,0.013424780751068136,0.0,0.07154801989863822
MIN,three,middle (8–15),rebound push,1913,0.0,0.0,0.0,1.2548735244342017,61834,1.0404584197921159e-05,44470,351.86398785691915,0.043017764785248484,0.0,0.019903969570623178
MIN,three,middle (8–15),second chance,733,0.001364256480218281,1.5992142881002686e-05,0.011722240731774969,1.2634563956484737,19491,0.00013549020140558147,44470,351.86398785691915,0.016483022262199234,3.33146929959245e-05,0.09931431763029122
MIN,three,middle (8–15),turnover attack,741,0.001349527665317139,4.1170801676835756e-05,0.030507564042535296,1.2584250599830495,22045,1.0410916405124238e-05,44470,351.86398785691915,0.016662918821677534,8.670271779827833e-05,0.007714489056197061
MIN,three,early (16–23),after a score,724,0.0,0.0,0.0,1.2596218923049602,21578,0.00010644479590490595,44470,351.86398785691915,0.016280638632786146,0.0,0.0770660322351519
MIN,three,early (16–23),other dead ball,155,0.0,0.0,0.0,1.2393063374696243,5022,0.00031789892876931915,44470,351.86398785691915,0.003485495839892062,0.0,0.04927433395924447
MIN,three,early (16–23),rebound push,1947,0.0005136106831022085,1.0033988821378457e-05,0.019536176235223857,1.27787758771972,72214,2.1681045396897346e-05,44470,351.86398785691915,0.04378232516303126,5.552195424775321e-05,0.042212995387759134
MIN,three,early (16–23),second chance,363,0.0027548209366391185,0.0016812140707802667,0.6102807076932368,1.274752463843768,13045,0.0002206650063292304,44470,351.86398785691915,0.008162806386327862,0.0017344221879887277,0.08010139729751063
MIN,three,early (16–23),turnover attack,582,0.003436426116838488,0.0002363946669715683,0.13758169617745275,1.2936728823234853,18922,1.8362996595510883e-05,44470,351.86398785691915,0.013087474702046324,0.0003910081762428002,0.010687264018587335
NOP,mid-range,late (0–7),after a score,986,0.016227180527383367,0.0017257324254883702,1.701572171531533,0.9332796819980195,37774,0.0013628006063988987,45641,416.4326506838673,0.021603382923248832,0.004086068104259368,1.343721397909314
NOP,mid-range,late (0–7),other dead ball,248,0.024193548387096774,0.0020047260338451273,0.4971720563935915,0.9274146156318087,7164,0.0014651568720382769,45641,416.4326506838673,0.005433710917815122,0.0011938834660950185,0.36335890426549267
NOP,mid-range,late (0–7),rebound push,427,0.02576112412177986,0.0013828584729485285,0.5904805679490217,0.9036008431794473,13361,0.001897253901621738,45641,416.4326506838673,0.009355623233496198,0.001417949738041271,0.8101274159924822
NOP,mid-range,late (0–7),second chance,79,0.012658227848101266,0.0010595848919253256,0.08370720646210073,0.9364052053455725,2573,0.0020484346194213784,45641,416.4326506838673,0.0017308998488201398,0.00020101019054254374,0.16182633493428888
NOP,mid-range,late (0–7),turnover attack,170,0.023529411764705882,0.0018432188009645072,0.3133471961639662,0.9276728737461923,5618,0.001703101156536643,45641,416.4326506838673,0.003724721193663592,0.0007524558788783403,0.28952719661122933
NOP,mid-range,middle (8–15),after a score,2154,0.17502321262766946,0.008157800616240232,17.57190252738146,0.9445134200164742,59116,0.009230823245253882,45641,416.4326506838673,0.04719440853618457,0.04219626510679414,19.883193270276863
NOP,mid-range,middle (8–15),other dead ball,434,0.22119815668202766,0.01096268373395475,4.757804740536361,0.9219110320171434,11785,0.017592352363402647,45641,416.4326506838673,0.009508994106176465,0.0114251481787585,7.635080925716749
NOP,mid-range,middle (8–15),rebound push,1215,0.2205761316872428,0.010601440252803296,12.880749907156003,0.9274866054022909,34308,0.01320737556514952,45641,416.4326506838673,0.026620801472360376,0.03093117190979907,16.046961311656666
NOP,mid-range,middle (8–15),second chance,204,0.19607843137254902,0.01112273267528362,2.2690374657578585,0.9385599177514061,6250,0.01419988631121416,45641,416.4326506838673,0.00446966543239631,0.005448750144907313,2.8967768074876887
NOP,mid-range,middle (8–15),turnover attack,370,0.21081081081081082,0.01123347840353105,4.1563870093064885,0.9316157291842599,12275,0.012774855296131201,45641,416.4326506838673,0.008106746127385465,0.009980934498005509,4.726696459568545
NOP,mid-range,early (16–23),after a score,318,0.3867924528301887,0.021454437294627027,6.8225110596913945,0.9646502317380776,6626,0.020990360954200912,45641,416.4326506838673,0.006967419644617778,0.01638322799253959,6.67493478343589
NOP,mid-range,early (16–23),other dead ball,148,0.5405405405405406,0.03422627828697954,5.0654891864729725,0.9212487419039819,3632,0.03569070903022185,45641,416.4326506838673,0.003242698450954186,0.012164005819799208,5.282224936472834
NOP,mid-range,early (16–23),rebound push,594,0.36363636363636365,0.021789995344218743,12.943257234465934,0.9651126471524784,18399,0.020208350650541707,45641,416.4326506838673,0.013014614053153963,0.03108127379832121,12.003760286421775
NOP,mid-range,early (16–23),second chance,185,0.6378378378378379,0.04283051563391478,7.923645392274235,0.9402020591131355,5438,0.039655743631359645,45641,416.4326506838673,0.004053373063692732,0.019027435479091262,7.3363125718015345
NOP,mid-range,early (16–23),turnover attack,117,0.41025641025641024,0.02567551748668527,3.004035545942177,0.9631593911686666,3273,0.021689207581074777,45641,416.4326506838673,0.0025634845862272954,0.007213736821569918,2.537637286985749
NOP,other,middle (8–15),other dead ball,1,1.0,0.6444647590886057,0.6444647590886057,0.17900064131699356,5,,45641,416.4326506838673,2.1910124668609365e-05,0.0015475846046900097,
NOP,paint (non-RA),late (0–7),after a score,1007,0.11022840119165839,0.010718691678873496,10.79372252062561,0.994950711949194,34630,0.012700564811662521,45641,416.4326506838673,0.02206349554128963,0.0259194914301271,12.789468765344159
NOP,paint (non-RA),late (0–7),other dead ball,229,0.11353711790393013,0.011697331032562633,2.678688806456843,0.9816248858566182,7248,0.010104988280229639,45641,416.4326506838673,0.0050174185491115445,0.006432465855061772,2.3140423161725874
NOP,paint (non-RA),late (0–7),rebound push,365,0.1643835616438356,0.01937444261777285,7.0716715554870895,0.9564680556165239,11060,0.015217063988591456,45641,416.4326506838673,0.007997195504042418,0.016981549222602896,5.554228355835882
NOP,paint (non-RA),late (0–7),second chance,101,0.1188118811881188,0.010730769276105168,1.083807696886622,0.9560933848249485,2713,0.010103361481748192,45641,416.4326506838673,0.002212922591529546,0.002602600192628481,1.0204395096565673
NOP,paint (non-RA),late (0–7),turnover attack,162,0.16666666666666666,0.01772509368170668,2.8714651764364825,0.9541014174894026,5206,0.015698449223662616,45641,416.4326506838673,0.003549440196314717,0.006895389138486023,2.5431487742333436
NOP,paint (non-RA),middle (8–15),after a score,1947,0.21006676938880328,0.031224783640513527,60.79465374807984,1.0140645840583469,53931,0.02844624805676054,45641,416.4326506838673,0.04265901272978243,0.1459891621087891,55.38484496651277
NOP,paint (non-RA),middle (8–15),other dead ball,371,0.23450134770889489,0.03978678714948292,14.760898032458165,0.9836381688311114,9624,0.033404863515880075,45641,416.4326506838673,0.008128656252054074,0.0354460631466283,12.393204364391508
NOP,paint (non-RA),middle (8–15),rebound push,1118,0.23881932021466906,0.041777659250317976,46.7074230418555,0.9937318364048996,32822,0.032959406317193386,45641,416.4326506838673,0.024495519379505268,0.11216080911319608,36.84861626262221
NOP,paint (non-RA),middle (8–15),second chance,272,0.29044117647058826,0.03694885398380904,10.05008828359606,0.9988311448705386,7538,0.02877018277862828,45641,416.4326506838673,0.005959553909861747,0.02413376632954156,7.825489715786893
NOP,paint (non-RA),middle (8–15),turnover attack,379,0.23218997361477572,0.03547106913447717,13.44353520196685,1.0011358248133049,11228,0.03156854800129544,45641,416.4326506838673,0.008303937249402949,0.03228261563998362,11.96447969249097
NOP,paint (non-RA),early (16–23),after a score,335,0.25970149253731345,0.045553210083851374,15.26032537809021,1.0448133631028256,6380,0.03730405591916841,45641,416.4326506838673,0.007339891763984137,0.0366453623485806,12.496858732921417
NOP,paint (non-RA),early (16–23),other dead ball,95,0.30526315789473685,0.048093916809764894,4.568922096927665,1.0226427499727924,2153,0.04870651855549135,45641,416.4326506838673,0.00208146184351789,0.010971575090052529,4.627119262771679
NOP,paint (non-RA),early (16–23),rebound push,702,0.2962962962962963,0.04735743202561201,33.24491728197963,1.0314193167569696,21284,0.0405823070642736,45641,416.4326506838673,0.015380907517363774,0.07983263854883786,28.488779559120065
NOP,paint (non-RA),early (16–23),second chance,144,0.3888888888888889,0.0633668855225856,9.124831515252326,1.0270842085184624,5265,0.05486110841304818,45641,416.4326506838673,0.0031550579522797483,0.021911902201394377,7.899999611478938
NOP,paint (non-RA),early (16–23),turnover attack,161,0.2857142857142857,0.044229544709599625,7.120956698245539,1.0588412132938927,4704,0.04263414850085676,45641,416.4326506838673,0.0035275300716461075,0.017099900035579527,6.864097908637938
NOP,rim,late (0–7),after a score,1190,0.018487394957983194,0.0035062247043742252,4.172407398205328,1.3230977173683234,41090,0.003322965709581713,45641,416.4326506838673,0.026073048355645143,0.010019405037893605,3.9543291944022387
NOP,rim,late (0–7),other dead ball,284,0.01056338028169014,0.0010287038934655881,0.29215190574422706,1.3132413260739104,7953,0.002359383082515829,45641,416.4326506838673,0.00622247540588506,0.0007015585960045498,0.6700647954344954
NOP,rim,late (0–7),rebound push,501,0.017964071856287425,0.0030452591392868228,1.5256748287826982,1.3021146634005947,13518,0.003873904942650122,45641,416.4326506838673,0.010976972458973291,0.003663677250756465,1.9408263762677112
NOP,rim,late (0–7),second chance,156,0.0,0.0,0.0,1.3267248146145485,3903,0.0016886623877104521,45641,416.4326506838673,0.0034179794483030607,0.0,0.2634313324828305
NOP,rim,late (0–7),turnover attack,188,0.031914893617021274,0.005986896244664609,1.1255364939969466,1.316796968278994,6300,0.0027858161705283783,45641,416.4326506838673,0.00411910343769856,0.002702805584885302,0.5237334400593351
NOP,rim,middle (8–15),after a score,2946,0.04921928038017651,0.005919964620658813,17.440215772460864,1.3623601255845976,80264,0.006276070530141061,45641,416.4326506838673,0.06454722727372318,0.04188003929043622,18.489303781795567
NOP,rim,middle (8–15),other dead ball,503,0.061630218687872766,0.010358611953335222,5.210381812527617,1.3796242223556865,13325,0.00717740353863139,45641,416.4326506838673,0.01102079270831051,0.01251194353749906,3.6102339799315892
NOP,rim,middle (8–15),rebound push,1786,0.06103023516237402,0.00777096858289731,13.878949889054596,1.349366744977878,48083,0.007346732546098074,45641,416.4326506838673,0.039131482658136325,0.033328198128226814,13.12126432733116
NOP,rim,middle (8–15),second chance,1454,0.021320495185694635,0.0018061991502078597,2.626213564402228,1.4004644808538838,36772,0.002271262334085996,45641,416.4326506838673,0.03185732126815802,0.006306454501320802,3.302415433761038
NOP,rim,middle (8–15),turnover attack,634,0.04574132492113565,0.008445296467810158,5.35431796059164,1.3504457374683447,17089,0.006075804770359153,45641,416.4326506838673,0.013891019039898337,0.012857584418029562,3.852060224407703
NOP,rim,early (16–23),after a score,1044,0.09482758620689655,0.011586023903572702,12.0958089553299,1.4280405150263775,16978,0.007446752802776915,45641,416.4326506838673,0.022874170154028175,0.029046254983767766,7.7744099260991
NOP,rim,early (16–23),other dead ball,161,0.17391304347826086,0.015311911714957736,2.4652177861081954,1.3421420729042186,4068,0.01363511546828802,45641,416.4326506838673,0.0035275300716461075,0.0059198475000934855,2.1952535903943713
NOP,rim,early (16–23),rebound push,2514,0.07955449482895784,0.006466392443758481,16.25651060360882,1.4282066720276256,67256,0.007182983062180963,45641,416.4326506838673,0.05508205341688394,0.03903755043441554,18.058019418322942
NOP,rim,early (16–23),second chance,733,0.13915416098226466,0.010941330325782397,8.019995128798497,1.3401336383811808,24145,0.0127614196941752,45641,416.4326506838673,0.016060121382090665,0.019258804792631007,9.354120635830421
NOP,rim,early (16–23),turnover attack,1359,0.051508462104488596,0.003651058846980723,4.9617889730468026,1.555026434605355,39844,0.0037397852803434514,45641,416.4326506838673,0.029775859424640127,0.011914985448183599,5.08236819598675
NOP,three,late (0–7),after a score,1552,0.001288659793814433,9.928273490281795e-06,0.015408680456917345,1.2606943943531814,60211,6.620861986211196e-05,45641,416.4326506838673,0.03400451348568173,3.7001614622708265e-05,0.10275577802599775
NOP,three,late (0–7),other dead ball,312,0.0,0.0,0.0,1.2630979175992592,11441,8.102951376710335e-05,45641,416.4326506838673,0.006835958896606121,0.0,0.025281208295336245
NOP,three,late (0–7),rebound push,549,0.0018214936247723133,0.00026169493401617634,0.1436705187748808,1.2264160729272284,20544,8.273088640251868e-05,45641,416.4326506838673,0.012028658443066541,0.00034500301198511817,0.04541925663498275
NOP,three,late (0–7),second chance,155,0.0064516129032258064,4.970542082876563e-05,0.007704340228458673,1.2211419823095104,5203,0.00014020920454352797,45641,416.4326506838673,0.0033960693236344515,1.8500807311354133e-05,0.021732426704246837
NOP,three,late (0–7),turnover attack,237,0.0,0.0,0.0,1.2413165106937787,8394,3.886883828135605e-05,45641,416.4326506838673,0.00519269954646042,0.0,0.009211914672681383
NOP,three,middle (8–15),after a score,3758,0.0,0.0,0.0,1.2539287691282113,109627,2.727384872646845e-05,45641,416.4326506838673,0.08233824850463399,0.0,0.10249512351406843
NOP,three,middle (8–15),other dead ball,602,0.0,0.0,0.0,1.2329782681002701,17995,0.000119845929478456,45641,416.4326506838673,0.013189895050502838,0.0,0.07214724954603051
NOP,three,middle (8–15),rebound push,2008,0.00049800796812749,1.7238906241404337e-05,0.03461572373273991,1.2542511833124845,61834,1.0404584197921159e-05,45641,416.4326506838673,0.0439955303345676,8.312442282297951e-05,0.020892405069425687
NOP,three,middle (8–15),second chance,656,0.0,0.0,0.0,1.2533640414330667,19491,0.00013549020140558147,45641,416.4326506838673,0.014373041782607744,0.0,0.08888157212206144
NOP,three,middle (8–15),turnover attack,730,0.0,0.0,0.0,1.251298616321943,22045,1.0410916405124238e-05,45641,416.4326506838673,0.015994391008084835,0.0,0.007599968975740694
NOP,three,early (16–23),after a score,1121,0.0,0.0,0.0,1.2611084042628702,21578,0.00010644479590490595,45641,416.4326506838673,0.024561249753511098,0.0,0.11932461620939956
NOP,three,early (16–23),other dead ball,170,0.0,0.0,0.0,1.2389588629294674,5022,0.00031789892876931915,45641,416.4326506838673,0.003724721193663592,0.0,0.05404281789078426
NOP,three,early (16–23),rebound push,2373,0.00042140750105351877,1.9423881575243493e-06,0.004609287097805281,1.2780338316624866,72214,2.1681045396897346e-05,45641,416.4326506838673,0.05199272583861002,1.1068505532013142e-05,0.051449120726837404
NOP,three,early (16–23),second chance,331,0.0,0.0,0.0,1.278626281571908,13045,0.0002206650063292304,45641,416.4326506838673,0.0072522512653097,0.0,0.07304011709497527
NOP,three,early (16–23),turnover attack,596,0.0,0.0,0.0,1.298663852241621,18922,1.8362996595510883e-05,45641,416.4326506838673,0.01305843430249118,0.0,0.010944345970924486
NYK,mid-range,late (0–7),after a score,1694,0.028925619834710745,0.0015749299275462493,2.667931297263346,0.9296992782865571,37774,0.0013628006063988987,43785,335.89252275069424,0.038689048760991204,0.007942812407418592,2.3085842272397343
NYK,mid-range,late (0–7),other dead ball,281,0.03202846975088968,0.0007461246371072731,0.20966102302714373,0.908152479864742,7164,0.0014651568720382769,43785,335.89252275069424,0.006417722964485555,0.0006241908015998263,0.41170908104275583
NYK,mid-range,late (0–7),rebound push,637,0.054945054945054944,0.002094526163576365,1.3342131661981445,0.9026504746603048,13361,0.001897253901621738,43785,335.89252275069424,0.01454836131095124,0.0039721430988460035,1.2085507353330471
NYK,mid-range,late (0–7),second chance,101,0.019801980198019802,0.0003360063764353651,0.03393664401997187,0.9287262776459233,2573,0.0020484346194213784,43785,335.89252275069424,0.002306726047733242,0.00010103423482624021,0.2068918965615592
NYK,mid-range,late (0–7),turnover attack,253,0.02766798418972332,0.0007497368114604972,0.18968341329950578,0.9257207159220435,5618,0.001703101156536643,43785,335.89252275069424,0.005778234555212972,0.0005647146049758672,0.4308845926037707
NYK,mid-range,middle (8–15),after a score,2495,0.15110220440881764,0.007244166169211726,18.074194592183257,0.9362603317271584,59116,0.009230823245253882,43785,335.89252275069424,0.056982985040538996,0.05380945799022226,23.030903996908435
NYK,mid-range,middle (8–15),other dead ball,424,0.29952830188679247,0.017301756149689283,7.335944607468256,0.9051895946535581,11785,0.017592352363402647,43785,335.89252275069424,0.00968368162612767,0.021840154545247594,7.459157402082722
NYK,mid-range,middle (8–15),rebound push,1500,0.212,0.010039598630703864,15.059397946055796,0.9285971655735938,34308,0.01320737556514952,43785,335.89252275069424,0.0342583076396026,0.044833977912730034,19.81106334772428
NYK,mid-range,middle (8–15),second chance,273,0.2857142857142857,0.011796086599622758,3.220331641697013,0.9092463357802589,6250,0.01419988631121416,43785,335.89252275069424,0.006235011990407674,0.009587387106223868,3.876568962961466
NYK,mid-range,middle (8–15),turnover attack,524,0.20419847328244276,0.009635471653835952,5.048987146610039,0.9249986728621308,12275,0.012774855296131201,43785,335.89252275069424,0.011967568802101177,0.01503155564542737,6.694024175172749
NYK,mid-range,early (16–23),after a score,216,0.38425925925925924,0.01889399066056219,4.081101982681433,0.9424057411683218,6626,0.020990360954200912,43785,335.89252275069424,0.004933196300102775,0.012150023314780675,4.533917966107397
NYK,mid-range,early (16–23),other dead ball,161,0.6459627329192547,0.035885949357729305,5.777637846594418,0.8935094666647776,3632,0.03569070903022185,43785,335.89252275069424,0.0036770583533173463,0.017200852818276904,5.746204153865717
NYK,mid-range,early (16–23),rebound push,717,0.34449093444909346,0.018196394875893817,13.046815126015867,0.9581383632068347,18399,0.020208350650541707,43785,335.89252275069424,0.016375471051730043,0.038842231494683965,14.489387416438404
NYK,mid-range,early (16–23),second chance,242,0.49173553719008267,0.025602035021717536,6.195692475255644,0.9391233064045205,5438,0.039655743631359645,43785,335.89252275069424,0.005527006965855887,0.018445461138931644,9.596689958789034
NYK,mid-range,early (16–23),turnover attack,115,0.3826086956521739,0.015727849398537174,1.8087026808317752,0.9596470978349413,3273,0.021689207581074777,43785,335.89252275069424,0.002626470252369533,0.005384766132987808,2.4942588718235994
NYK,other,late (0–7),rebound push,1,1.0,0.43282006157885194,0.43282006157885194,0.2231182883758171,10,,43785,335.89252275069424,2.283887175973507e-05,0.0012885671227046015,
NYK,other,late (0–7),second chance,1,1.0,0.43282006157885194,0.43282006157885194,0.2231182883758171,2,,43785,335.89252275069424,2.283887175973507e-05,0.0012885671227046015,
NYK,paint (non-RA),late (0–7),after a score,1177,0.11894647408666101,0.013959891123859383,16.430791852782495,0.9740479761100205,34630,0.012700564811662521,43785,335.89252275069424,0.026881352061208175,0.04891681338491044,14.948564783326788
NYK,paint (non-RA),late (0–7),other dead ball,235,0.08936170212765958,0.007977045790751381,1.8746057608265745,0.9603973824035144,7248,0.010104988280229639,43785,335.89252275069424,0.005367134863537741,0.005580969011977507,2.374672245853965
NYK,paint (non-RA),late (0–7),rebound push,412,0.15776699029126215,0.01855411786315828,7.6442965596212105,0.9444609731487985,11060,0.015217063988591456,43785,335.89252275069424,0.009409615165010848,0.022758162334250445,6.26943036329968
NYK,paint (non-RA),late (0–7),second chance,94,0.13829787234042554,0.0079153514538323,0.7440430366602361,0.9580469452891929,2713,0.010103361481748192,43785,335.89252275069424,0.0021468539454150967,0.0022151223568989027,0.94971597928433
NYK,paint (non-RA),late (0–7),turnover attack,176,0.09090909090909091,0.01222641850616907,2.1518496570857564,0.9734611100926247,5206,0.015698449223662616,43785,335.89252275069424,0.0040196414297133725,0.0064063636768803564,2.7629270633646206
NYK,paint (non-RA),middle (8–15),after a score,1616,0.18935643564356436,0.027142066513773915,43.86157948625865,0.9949413475413049,53931,0.02844624805676054,43785,335.89252275069424,0.036907616763731874,0.1305821848222967,45.96913685972503
NYK,paint (non-RA),middle (8–15),other dead ball,281,0.23843416370106763,0.03668875016622854,10.30953879671022,0.9690902592621692,9624,0.033404863515880075,43785,335.89252275069424,0.006417722964485555,0.030692969025577724,9.3867666479623
NYK,paint (non-RA),middle (8–15),rebound push,1113,0.20844564240790656,0.03372877829755591,37.54013024517973,0.9851047618373422,32822,0.032959406317193386,43785,335.89252275069424,0.02541966426858513,0.11176232783556997,36.68381923103624
NYK,paint (non-RA),middle (8–15),second chance,204,0.2107843137254902,0.030668389163849608,6.25635138942532,0.9954562954851641,7538,0.02877018277862828,43785,335.89252275069424,0.004659129838985954,0.01862605138748177,5.8691172868401695
NYK,paint (non-RA),middle (8–15),turnover attack,323,0.2476780185758514,0.03352793057204928,10.829521574771917,0.9712417406546936,11228,0.03156854800129544,43785,335.89252275069424,0.007376955578394427,0.03224103200061346,10.196641004418426
NYK,paint (non-RA),early (16–23),after a score,156,0.24358974358974358,0.03200953075830542,4.9934867982956455,1.0245650926844523,6380,0.03730405591916841,43785,335.89252275069424,0.003562863994518671,0.014866323183984377,5.819432723390272
NYK,paint (non-RA),early (16–23),other dead ball,95,0.3157894736842105,0.049179073360749795,4.672011969271231,0.9801085819572241,2153,0.04870651855549135,43785,335.89252275069424,0.0021696928171748317,0.013909246716810323,4.627119262771679
NYK,paint (non-RA),early (16–23),rebound push,600,0.21166666666666667,0.03406220006981014,20.437320041886082,1.0346542854851688,21284,0.0405823070642736,43785,335.89252275069424,0.013703323055841042,0.060844819868333434,24.34938423856416
NYK,paint (non-RA),early (16–23),second chance,162,0.36419753086419754,0.058023046799394455,9.399733581501902,1.0225690730867674,5265,0.05486110841304818,43785,335.89252275069424,0.0036998972250770813,0.02798434899510568,8.887499562913804
NYK,paint (non-RA),early (16–23),turnover attack,120,0.25833333333333336,0.03294619918319992,3.9535439019839904,1.047775652734089,4704,0.04263414850085676,43785,335.89252275069424,0.0027406646111682084,0.011770264695407897,5.116097820102811
NYK,rim,late (0–7),after a score,1415,0.014840989399293287,0.003133896283076895,4.434463240553806,1.3163182085384073,41090,0.003322965709581713,43785,335.89252275069424,0.032317003540025126,0.013202030233477833,4.701996479058124
NYK,rim,late (0–7),other dead ball,260,0.007692307692307693,0.0020326072500550406,0.5284778850143106,1.3554074979710207,7953,0.002359383082515829,43785,335.89252275069424,0.005938106657531118,0.0015733541213912548,0.6134396014541155
NYK,rim,late (0–7),rebound push,500,0.016,0.002078340957945967,1.0391704789729834,1.2649999098573255,13518,0.003873904942650122,43785,335.89252275069424,0.011419435879867535,0.003093758891871122,1.936952471325061
NYK,rim,late (0–7),second chance,133,0.015037593984962405,0.000799574630490045,0.10634342585517598,1.3246624471019939,3903,0.0016886623877104521,43785,335.89252275069424,0.003037569944044764,0.0003165995628134481,0.22459209756549015
NYK,rim,late (0–7),turnover attack,212,0.018867924528301886,0.0050446526501047905,1.0694663618222155,1.3258026974421078,6300,0.0027858161705283783,43785,335.89252275069424,0.004841840813063835,0.003183954060852952,0.5905930281520162
NYK,rim,middle (8–15),after a score,2537,0.05005912495072921,0.005018445129173471,12.731795292713096,1.364365452936955,80264,0.006276070530141061,43785,335.89252275069424,0.05794221765444787,0.037904372471437464,15.922390934967872
NYK,rim,middle (8–15),other dead ball,382,0.0549738219895288,0.0067326615163445045,2.571876699243601,1.3329139231081113,13325,0.00717740353863139,43785,335.89252275069424,0.008724449012218796,0.0076568441541418186,2.741768151757191
NYK,rim,middle (8–15),rebound push,1594,0.054579673776662486,0.006447132358748825,10.276728979845627,1.32579661852763,48083,0.007346732546098074,43785,335.89252275069424,0.0364051615850177,0.03059528951608491,11.71069167848033
NYK,rim,middle (8–15),second chance,1351,0.017024426350851222,0.0009121486795920797,1.2323128661288996,1.4114419253878614,36772,0.002271262334085996,43785,335.89252275069424,0.03085531574740208,0.0036687713559004865,3.0684754133501806
NYK,rim,middle (8–15),turnover attack,477,0.039832285115303984,0.006702685626922887,3.197181044042217,1.380683404142873,17089,0.006075804770359153,43785,335.89252275069424,0.010894141829393628,0.00951846447149175,2.898158875461316
NYK,rim,early (16–23),after a score,432,0.06944444444444445,0.007091940995869687,3.0637185102157045,1.3949385230752394,16978,0.007446752802776915,43785,335.89252275069424,0.00986639260020555,0.009121127452097689,3.2169972107996276
NYK,rim,early (16–23),other dead ball,109,0.09174311926605505,0.013085634527767478,1.426334163526655,1.365842661580539,4068,0.01363511546828802,43785,335.89252275069424,0.0024894370218111225,0.0042464004612133245,1.486227586043394
NYK,rim,early (16–23),rebound push,2060,0.06747572815533981,0.0063457723630362065,13.072291067854586,1.4043570336284212,67256,0.007182983062180963,43785,335.89252275069424,0.04704807582505424,0.038918077011071445,14.796945108092784
NYK,rim,early (16–23),second chance,926,0.11339092872570194,0.012446664353523476,11.525611191362739,1.2991470098018383,24145,0.0127614196941752,43785,335.89252275069424,0.021148795249514674,0.03431339017902838,11.817074636806234
NYK,rim,early (16–23),turnover attack,1137,0.02990325417766051,0.0028312331698440688,3.2191121141127064,1.5615516648012349,39844,0.0037397852803434514,43785,335.89252275069424,0.025967797190818775,0.009583756398477474,4.252135863750504
NYK,three,late (0–7),after a score,1890,0.0005291005291005291,0.00012668633999979512,0.23943718259961277,1.2615415066744884,60211,6.620861986211196e-05,43785,335.89252275069424,0.04316546762589928,0.0007128386801790392,0.1251342915393916
NYK,three,late (0–7),other dead ball,342,0.0,0.0,0.0,1.2450857824060093,11441,8.102951376710335e-05,43785,335.89252275069424,0.007810894141829393,0.0,0.027712093708349345
NYK,three,late (0–7),rebound push,685,0.0,0.0,0.0,1.2305739223302878,20544,8.273088640251868e-05,43785,335.89252275069424,0.015644627155418523,0.0,0.056670657185725296
NYK,three,late (0–7),second chance,155,0.0,0.0,0.0,1.2349905125533893,5203,0.00014020920454352797,43785,335.89252275069424,0.003540025122758936,0.0,0.021732426704246837
NYK,three,late (0–7),turnover attack,247,0.0,0.0,0.0,1.2502201590396564,8394,3.886883828135605e-05,43785,335.89252275069424,0.005641201324654562,0.0,0.009600603055494943
NYK,three,middle (8–15),after a score,3170,0.0006309148264984228,8.389367436273125e-06,0.026594294772985805,1.2482952664058402,109627,2.727384872646845e-05,43785,335.89252275069424,0.07239922347836017,7.917501275467389e-05,0.08645810046290499
NYK,three,middle (8–15),other dead ball,500,0.002,6.541789635865158e-05,0.03270894817932579,1.2298965199232703,17995,0.000119845929478456,43785,335.89252275069424,0.011419435879867535,9.737920901443523e-05,0.059922964739228
NYK,three,middle (8–15),rebound push,2032,0.0,0.0,0.0,1.2523613945017076,61834,1.0404584197921159e-05,43785,335.89252275069424,0.04640858741578166,0.0,0.021142115090175793
NYK,three,middle (8–15),second chance,562,0.0,0.0,0.0,1.2443111753308347,19491,0.00013549020140558147,43785,335.89252275069424,0.01283544592897111,0.0,0.07614549318993678
NYK,three,middle (8–15),turnover attack,629,0.0,0.0,0.0,1.2449351026169038,22045,1.0410916405124238e-05,43785,335.89252275069424,0.014365650336873358,0.0,0.006548466418823146
NYK,three,early (16–23),after a score,484,0.002066115702479339,8.885285810582255e-05,0.04300478332321811,1.2542061618900873,21578,0.00010644479590490595,43785,335.89252275069424,0.011054013931711773,0.0001280313803089242,0.05151928121797448
NYK,three,early (16–23),other dead ball,140,0.0,0.0,0.0,1.2382756558358015,5022,0.00031789892876931915,43785,335.89252275069424,0.0031974420463629096,0.0,0.04450585002770468
NYK,three,early (16–23),rebound push,2089,0.0,0.0,0.0,1.2747650357221638,72214,2.1681045396897346e-05,43785,335.89252275069424,0.04771040310608656,0.0,0.045291703834118555
NYK,three,early (16–23),second chance,408,0.0,0.0,0.0,1.2711802741953153,13045,0.0002206650063292304,43785,335.89252275069424,0.009318259677971908,0.0,0.090031322582326
NYK,three,early (16–23),turnover attack,528,0.001893939393939394,1.367018169408605e-05,0.007217855934477435,1.2915859165643575,18922,1.8362996595510883e-05,43785,335.89252275069424,0.012058924289140117,2.1488587704688692e-05,0.009695662202429747
OKC,mid-range,late (0–7),after a score,1033,0.011616650532429816,0.0006786865933735712,0.701083250954899,0.9552514274052115,37774,0.0013628006063988987,45222,305.08125911282576,0.022842864092698246,0.0022980213632054765,1.4077730264100623
OKC,mid-range,late (0–7),other dead ball,203,0.019704433497536946,0.0008818460098551976,0.17901474000060513,0.949581920971253,7164,0.0014651568720382769,45222,305.08125911282576,0.004488965547742249,0.0005867772426309593,0.2974268450237702
OKC,mid-range,late (0–7),rebound push,326,0.03067484662576687,0.0022147059078699515,0.7219941259656042,0.9243356086503683,13361,0.001897253901621738,45222,305.08125911282576,0.007208880633320066,0.0023665633479590265,0.6185047719286866
OKC,mid-range,late (0–7),second chance,93,0.010752688172043012,0.0015035728065251844,0.13983227100684215,0.9458500141547538,2573,0.0020484346194213784,45222,305.08125911282576,0.0020565211622661536,0.00045834434869409363,0.1905044196061882
OKC,mid-range,late (0–7),turnover attack,130,0.023076923076923078,0.0009040808669002894,0.11753051269703763,0.9642210725398886,5618,0.001703101156536643,45222,305.08125911282576,0.002874707001017204,0.00038524330546824,0.2214031503497636
OKC,mid-range,middle (8–15),after a score,1920,0.13802083333333334,0.006167950009251288,11.842464017762474,0.9604584674632873,59116,0.009230823245253882,45222,305.08125911282576,0.0424572110919464,0.03881740901489747,17.723180630887455
OKC,mid-range,middle (8–15),other dead ball,347,0.19020172910662825,0.010252241033897611,3.557527638762471,0.9409623747650085,11785,0.017592352363402647,45222,305.08125911282576,0.0076732563796382295,0.011660918304545277,6.104546270100719
OKC,mid-range,middle (8–15),rebound push,1122,0.16755793226381463,0.009344681468011522,10.484732607108928,0.9534089203443806,34308,0.01320737556514952,45222,305.08125911282576,0.024810932731856177,0.03436701630771572,14.81867538409776
OKC,mid-range,middle (8–15),second chance,212,0.17452830188679244,0.009816561058250343,2.081110944349073,0.9377787942315213,6250,0.01419988631121416,45222,305.08125911282576,0.004687983724735748,0.006821497165708997,3.010375897977402
OKC,mid-range,middle (8–15),turnover attack,383,0.15926892950391644,0.00953902272053857,3.6534457019662723,0.9574503062022403,12275,0.012774855296131201,45222,305.08125911282576,0.008469329087612224,0.011975319993730417,4.89276957841825
OKC,mid-range,early (16–23),after a score,270,0.2,0.011694265961604626,3.1574518096332493,1.0074077625349234,6626,0.020990360954200912,45222,305.08125911282576,0.005970545309804962,0.010349543655402164,5.667397457634246
OKC,mid-range,early (16–23),other dead ball,149,0.3825503355704698,0.02140574124014961,3.189455444782292,0.9576666191699359,3632,0.03569070903022185,45222,305.08125911282576,0.003294856485781257,0.010454445658370518,5.317915645503056
OKC,mid-range,early (16–23),rebound push,811,0.23674475955610358,0.012646896387618272,10.25663297035842,0.9976314154284491,18399,0.020208350650541707,45222,305.08125911282576,0.01793374906019194,0.033619347842553944,16.388972377589326
OKC,mid-range,early (16–23),second chance,216,0.5509259259259259,0.030933466955880964,6.681628862470288,0.9460744896343132,5438,0.039655743631359645,45222,305.08125911282576,0.0047764362478439695,0.021901144901199175,8.565640624373684
OKC,mid-range,early (16–23),turnover attack,116,0.21551724137931033,0.011680943163837028,1.3549894070050952,1.0064846497081315,3273,0.021689207581074777,45222,305.08125911282576,0.0025651231701384284,0.004441404925839743,2.5159480794046742
OKC,other,middle (8–15),second chance,1,1.0,0.005706380424498558,0.005706380424498558,0.8655895625997925,1,,45222,305.08125911282576,2.2113130777055414e-05,1.87044607102143e-05,
OKC,paint (non-RA),late (0–7),after a score,1045,0.13779904306220095,0.013179822355548437,13.772914361548116,0.9887750778224355,34630,0.012700564811662521,45222,305.08125911282576,0.02310822166202291,0.045145068568287865,13.272090228187334
OKC,paint (non-RA),late (0–7),other dead ball,218,0.11009174311926606,0.009800292990622995,2.136463871955813,0.9858913099720594,7248,0.010104988280229639,45222,305.08125911282576,0.004820662509398081,0.00700293383529567,2.2028874450900613
OKC,paint (non-RA),late (0–7),rebound push,298,0.11409395973154363,0.009991865971922411,2.9775760596328786,0.9911981232232077,11060,0.015217063988591456,45222,305.08125911282576,0.006589712971562514,0.009759944181073756,4.534685068600254
OKC,paint (non-RA),late (0–7),second chance,90,0.1,0.009751314583570534,0.877618312521348,0.9945676961768964,2713,0.010103361481748192,45222,305.08125911282576,0.0019901817699349874,0.0028766706780791983,0.9093025333573372
OKC,paint (non-RA),late (0–7),turnover attack,140,0.20714285714285716,0.018970235004225226,2.6558329005915318,0.9592452315829963,5206,0.015698449223662616,45222,305.08125911282576,0.003095838308787758,0.008705329551591192,2.1977828913127664
OKC,paint (non-RA),middle (8–15),after a score,1819,0.1880153930731171,0.025717696885731417,46.78049063514545,1.0180910498886637,53931,0.02844624805676054,45222,305.08125911282576,0.0402237848834638,0.1533378050529318,51.74372521524742
OKC,paint (non-RA),middle (8–15),other dead ball,319,0.1974921630094044,0.028006977140555524,8.934225707837212,1.0109484459407274,9624,0.033404863515880075,45222,305.08125911282576,0.007054088717880678,0.029284741166395734,10.656151461565743
OKC,paint (non-RA),middle (8–15),rebound push,1065,0.21032863849765257,0.031466649613314475,33.51198183817991,1.0052834425646893,32822,0.032959406317193386,45222,305.08125911282576,0.023550484277564017,0.10984608473045028,35.10176772781096
OKC,paint (non-RA),middle (8–15),second chance,297,0.2356902356902357,0.029793673199409544,8.848720940224634,1.0029543531604448,7538,0.02877018277862828,45222,305.08125911282576,0.006567599840785458,0.02900447233617907,8.5447442852526
OKC,paint (non-RA),middle (8–15),turnover attack,356,0.2247191011235955,0.03148553446304328,11.208850268843408,0.995614221786209,11228,0.03156854800129544,45222,305.08125911282576,0.007872274556631727,0.03674054021357676,11.238403088461176
OKC,paint (non-RA),early (16–23),after a score,274,0.24452554744525548,0.033669002820953454,9.225306772941247,1.0736560398857025,6380,0.03730405591916841,45222,305.08125911282576,0.006058997832913184,0.030238851117136388,10.221311321852145
OKC,paint (non-RA),early (16–23),other dead ball,77,0.2077922077922078,0.025443295406643977,1.959133746311586,1.0673251591669723,2153,0.04870651855549135,45222,305.08125911282576,0.001702711069833267,0.0064216784472724865,3.750401928772834
OKC,paint (non-RA),early (16–23),rebound push,806,0.23449131513647642,0.0337843411138326,27.230178937749077,1.0537891645113238,21284,0.0405823070642736,45222,305.08125911282576,0.017823183406306665,0.08925549546023985,32.70933949380452
OKC,paint (non-RA),early (16–23),second chance,181,0.20994475138121546,0.030694638636693604,5.5557295932415425,1.113972775598499,5265,0.05486110841304818,45222,305.08125911282576,0.004002476670647031,0.01821065511987713,9.929860622761721
OKC,paint (non-RA),early (16–23),turnover attack,202,0.23267326732673269,0.03438126809245508,6.945016154675925,1.0839756129924318,4704,0.04263414850085676,45222,305.08125911282576,0.004466852416965194,0.02276447978113105,8.612097997173066
OKC,rim,late (0–7),after a score,1340,0.014925373134328358,0.0021784391607014755,2.919108475339977,1.3297353062351631,41090,0.003322965709581713,45222,305.08125911282576,0.029631595241254256,0.009568298242339516,4.452774050839495
OKC,rim,late (0–7),other dead ball,269,0.01858736059479554,0.0022636929345340785,0.6089333993896671,1.318597272046493,7953,0.002359383082515829,45222,305.08125911282576,0.005948432179027907,0.001995971175549889,0.634674049196758
OKC,rim,late (0–7),rebound push,390,0.01282051282051282,0.0030456725440738347,1.1878122921887955,1.310863542151487,13518,0.003873904942650122,45222,305.08125911282576,0.008624121003051611,0.00389342923142164,1.5108229276335476
OKC,rim,late (0–7),second chance,116,0.008620689655172414,0.00023067965666158805,0.026758840172744214,1.358109702674816,3903,0.0016886623877104521,45222,305.08125911282576,0.0025651231701384284,8.771053407396685e-05,0.19588483697441245
OKC,rim,late (0–7),turnover attack,207,0.00966183574879227,0.0025069966432658295,0.5189483051560267,1.3210925734607981,6300,0.0027858161705283783,45222,305.08125911282576,0.004577418070850471,0.0017010166624627317,0.5766639472993743
OKC,rim,middle (8–15),after a score,3021,0.039390930155577625,0.004580190684817285,13.836756058833018,1.3901445266844454,80264,0.006276070530141061,45222,305.08125911282576,0.06680376807748441,0.04535432985647893,18.960009071556147
OKC,rim,middle (8–15),other dead ball,477,0.050314465408805034,0.0048400777026086925,2.3087170641443464,1.391419402263711,13325,0.00717740353863139,45222,305.08125911282576,0.010547963380655433,0.007567547973474608,3.423621487927173
OKC,rim,middle (8–15),rebound push,1619,0.04817788758492897,0.006536034094292649,10.581839198659798,1.3520388322417298,48083,0.007346732546098074,45222,305.08125911282576,0.035801158728052715,0.03468531377322788,11.894359992132781
OKC,rim,middle (8–15),second chance,1269,0.018912529550827423,0.0013586640475619772,1.7241446763561492,1.381838440330525,36772,0.002271262334085996,45222,305.08125911282576,0.028061562956083322,0.005651427692969244,2.882231901955129
OKC,rim,middle (8–15),turnover attack,601,0.04492512479201331,0.004485776311884347,2.6959515634424926,1.403040138462429,17089,0.006075804770359153,45222,305.08125911282576,0.013289991597010305,0.008836831116019062,3.651558666985851
OKC,rim,early (16–23),after a score,626,0.0463258785942492,0.0035986758879698734,2.2527711058691406,1.4481367461956982,16978,0.007446752802776915,45222,305.08125911282576,0.01384281986643669,0.0073841674589261354,4.661667254538349
OKC,rim,early (16–23),other dead ball,189,0.10582010582010581,0.011262487970354649,2.128610226397029,1.412821356036483,4068,0.01363511546828802,45222,305.08125911282576,0.004179381716863473,0.006977191036207904,2.5770368235064356
OKC,rim,early (16–23),rebound push,2544,0.04756289308176101,0.004089311613437043,10.40320874458384,1.4513179620709404,67256,0.007182983062180963,45222,305.08125911282576,0.056255804696828976,0.03409979614885654,18.27350891018837
OKC,rim,early (16–23),second chance,968,0.10433884297520661,0.01006523083034838,9.743143443777232,1.3499386332450254,24145,0.0127614196941752,45222,305.08125911282576,0.021405510592189644,0.03193622404768561,12.353054263961592
OKC,rim,early (16–23),turnover attack,1492,0.023458445040214475,0.0017680769189592968,2.637970763087271,1.6357254804740935,39844,0.0037397852803434514,45222,305.08125911282576,0.03299279111936668,0.008646780765093445,5.57975963827243
OKC,three,late (0–7),after a score,1887,0.0,0.0,0.0,1.2560536243149267,60211,6.620861986211196e-05,45222,305.08125911282576,0.04172747777630357,0.0,0.12493566567980527
OKC,three,late (0–7),other dead ball,363,0.0027548209366391185,0.00043170898465553316,0.15671036142995853,1.2472796039964544,11441,8.102951376710335e-05,45222,305.08125911282576,0.008027066472071116,0.0005136676106741896,0.029413713497458516
OKC,three,late (0–7),rebound push,598,0.0,0.0,0.0,1.2220161784225436,20544,8.273088640251868e-05,45222,305.08125911282576,0.013223652204679139,0.0,0.04947307006870617
OKC,three,late (0–7),second chance,183,0.0,0.0,0.0,1.2283598603590344,5203,0.00014020920454352797,45222,305.08125911282576,0.004046702932201141,0.0,0.02565828443146562
OKC,three,late (0–7),turnover attack,247,0.0,0.0,0.0,1.2417708103335463,8394,3.886883828135605e-05,45222,305.08125911282576,0.0054619433019326875,0.0,0.009600603055494943
OKC,three,middle (8–15),after a score,3762,0.0002658160552897395,4.1599079825328667e-07,0.0015649573830288643,1.2530342689105394,109627,2.727384872646845e-05,45222,305.08125911282576,0.08318959798328247,5.1296411571780905e-06,0.10260421890897431
OKC,three,middle (8–15),other dead ball,572,0.0,0.0,0.0,1.224780215919689,17995,0.000119845929478456,45222,305.08125911282576,0.012648710804475698,0.0,0.06855187166167682
OKC,three,middle (8–15),rebound push,1912,0.0,0.0,0.0,1.2476395012107984,61834,1.0404584197921159e-05,45222,305.08125911282576,0.04228030604572995,0.0,0.019893564986425256
OKC,three,middle (8–15),second chance,670,0.0014925373134328358,0.0004616904739731327,0.3093326175619989,1.247260559915212,19491,0.00013549020140558147,45222,305.08125911282576,0.014815797620627128,0.001013935167507621,0.09077843494173958
OKC,three,middle (8–15),turnover attack,707,0.004243281471004243,0.00019401940033891228,0.13717171603961098,1.2477742530222775,22045,1.0410916405124238e-05,45222,305.08125911282576,0.01563398345937818,0.0004496235410805154,0.007360517898422837
OKC,three,early (16–23),after a score,815,0.00245398773006135,0.00011324130076679257,0.09229166012493595,1.2665866493739406,21578,0.00010644479590490595,45222,305.08125911282576,0.018022201583300163,0.0003025150099134882,0.08675250866249834
OKC,three,early (16–23),other dead ball,181,0.0,0.0,0.0,1.2420778058181117,5022,0.00031789892876931915,45222,305.08125911282576,0.004002476670647031,0.0,0.05753970610724677
OKC,three,early (16–23),rebound push,2562,0.00039032006245121,7.121188619448616e-06,0.018244485243027353,1.281236473877977,72214,2.1681045396897346e-05,45222,305.08125911282576,0.05665384105081597,5.980205174215615e-05,0.055546838306851004
OKC,three,early (16–23),second chance,479,0.0,0.0,0.0,1.267223016723623,13045,0.0002206650063292304,45222,305.08125911282576,0.010592189642209544,0.0,0.10569853803170136
OKC,three,early (16–23),turnover attack,637,0.0015698587127158557,7.319995447083943e-05,0.04662837099792472,1.2867811007455972,18922,1.8362996595510883e-05,45222,305.08125911282576,0.0140860643049843,0.00015283918498802484,0.011697228831340433
ORL,mid-range,late (0–7),after a score,1524,0.00853018372703412,0.0003637460192084479,0.5543489332736746,0.933960408246976,37774,0.0013628006063988987,45000,272.9211718856591,0.03386666666666667,0.0020311686683872235,2.0769081241519216
ORL,mid-range,late (0–7),other dead ball,286,0.01048951048951049,0.0008624210217684279,0.2466524122257704,0.9203843776798609,7164,0.0014651568720382769,45000,272.9211718856591,0.006355555555555555,0.0009037496450773924,0.4190348654029472
ORL,mid-range,late (0–7),rebound push,436,0.0022935779816513763,2.160662921138555e-05,0.0094204903361641,0.9079093187133339,13361,0.001897253901621738,45000,272.9211718856591,0.00968888888888889,3.451725738635929e-05,0.8272027011070777
ORL,mid-range,late (0–7),second chance,105,0.0,0.0,0.0,0.913612582290331,2573,0.0020484346194213784,45000,272.9211718856591,0.0023333333333333335,0.0,0.21508563503924472
ORL,mid-range,late (0–7),turnover attack,203,0.0,0.0,0.0,0.91924965943666,5618,0.001703101156536643,45000,272.9211718856591,0.004511111111111111,0.0,0.3457295347769385
ORL,mid-range,middle (8–15),after a score,2383,0.0868652958455728,0.0038983555891680573,9.28978136898748,0.937313326860399,59116,0.009230823245253882,45000,272.9211718856591,0.052955555555555554,0.03403833167211906,21.99705179344
ORL,mid-range,middle (8–15),other dead ball,461,0.18655097613882862,0.008341752667471856,3.8455479797045258,0.9096076560208866,11785,0.017592352363402647,45000,272.9211718856591,0.010244444444444445,0.014090324884416174,8.11007443952862
ORL,mid-range,middle (8–15),rebound push,1248,0.15144230769230768,0.005257711023457991,6.561623357275573,0.9243587297878632,34308,0.01320737556514952,45000,272.9211718856591,0.027733333333333332,0.024042192520060623,16.4828047053066
ORL,mid-range,middle (8–15),second chance,269,0.11524163568773234,0.004436245615186161,1.1933500704850772,0.9349113777752942,6250,0.01419988631121416,45000,272.9211718856591,0.005977777777777778,0.004372508231003177,3.8197694177166093
ORL,mid-range,middle (8–15),turnover attack,506,0.1482213438735178,0.005849449897858819,2.9598216483165625,0.9247482930918555,12275,0.012774855296131201,45000,272.9211718856591,0.011244444444444444,0.010844968999167958,6.4640767798423875
ORL,mid-range,early (16–23),after a score,211,0.3222748815165877,0.0190187541765413,4.012957131250214,0.9450462392222857,6626,0.020990360954200912,45000,272.9211718856591,0.004688888888888889,0.014703722336834504,4.428966161336392
ORL,mid-range,early (16–23),other dead ball,143,0.3986013986013986,0.023178376544049435,3.3145078457990693,0.9288610338171261,3632,0.03569070903022185,45000,272.9211718856591,0.0031777777777777776,0.012144561093954592,5.103771391321724
ORL,mid-range,early (16–23),rebound push,676,0.2781065088757396,0.014931298537950808,10.093557811654746,0.9603950664610272,18399,0.020208350650541707,45000,272.9211718856591,0.015022222222222222,0.036983418112697626,13.660845039766194
ORL,mid-range,early (16–23),second chance,171,0.5321637426900585,0.028204793656967844,4.823019715341501,0.9215359745125183,5438,0.039655743631359645,45000,272.9211718856591,0.0038,0.017671841587145593,6.7811321609625
ORL,mid-range,early (16–23),turnover attack,96,0.3125,0.013169575466012584,1.264279244737208,0.9544539677448962,3273,0.021689207581074777,45000,272.9211718856591,0.0021333333333333334,0.004632397098407889,2.0821639277831787
ORL,other,late (0–7),after a score,1,1.0,0.016136378694106224,0.016136378694106224,0.584406046722399,13,,45000,272.9211718856591,2.2222222222222223e-05,5.912468637965029e-05,
ORL,paint (non-RA),late (0–7),after a score,1272,0.07389937106918239,0.00554260374408321,7.050191962473843,1.012573045822121,34630,0.012700564811662521,45000,272.9211718856591,0.028266666666666666,0.025832338010872737,16.155118440434727
ORL,paint (non-RA),late (0–7),other dead ball,269,0.09665427509293681,0.006934270447200543,1.8653187502969462,0.9761140048549776,7248,0.010104988280229639,45000,272.9211718856591,0.005977777777777778,0.006834642902231219,2.7182418473817727
ORL,paint (non-RA),late (0–7),rebound push,385,0.08831168831168831,0.007798305699975665,3.002347694490631,0.9837692503802884,11060,0.015217063988591456,45000,272.9211718856591,0.008555555555555556,0.01100078705417721,5.858569635607711
ORL,paint (non-RA),late (0–7),second chance,99,0.10101010101010101,0.009306507254450647,0.9213442181906141,0.9843876459221672,2713,0.010103361481748192,45000,272.9211718856591,0.0022,0.0033758620184168534,1.000232786693071
ORL,paint (non-RA),late (0–7),turnover attack,180,0.08888888888888889,0.006824028006283295,1.2283250411309932,0.9805917811378113,5206,0.015698449223662616,45000,272.9211718856591,0.004,0.004500658679736296,2.825720860259271
ORL,paint (non-RA),middle (8–15),after a score,1988,0.17002012072434608,0.022992754900855075,45.70959674289989,1.0207814000818207,53931,0.02844624805676054,45000,272.9211718856591,0.04417777777777778,0.1674827805665807,56.55114113683995
ORL,paint (non-RA),middle (8–15),other dead ball,313,0.17252396166134185,0.02454566974787695,7.6827946310854855,0.991625424149008,9624,0.033404863515880075,45000,272.9211718856591,0.006955555555555556,0.02815023319005903,10.455722280470463
ORL,paint (non-RA),middle (8–15),rebound push,1282,0.18642745709828393,0.026959484070520106,34.56205857840678,1.0101032499318316,32822,0.032959406317193386,45000,272.9211718856591,0.02848888888888889,0.1266375134607975,42.25395889864192
ORL,paint (non-RA),middle (8–15),second chance,260,0.18076923076923077,0.022108801142373034,5.748288297016989,1.0146650486811644,7538,0.02877018277862828,45000,272.9211718856591,0.0057777777777777775,0.02106208271531696,7.480247522443353
ORL,paint (non-RA),middle (8–15),turnover attack,402,0.1517412935323383,0.020127794646880547,8.09137344804598,1.0261753889121388,11228,0.03156854800129544,45000,272.9211718856591,0.008933333333333333,0.029647291165215566,12.690556296520766
ORL,paint (non-RA),early (16–23),after a score,186,0.25268817204301075,0.04186021212778477,7.785999455767968,1.0360023127253617,6380,0.03730405591916841,45000,272.9211718856591,0.0041333333333333335,0.028528382030507803,6.938554400965325
ORL,paint (non-RA),early (16–23),other dead ball,70,0.17142857142857143,0.030610820212714947,2.1427574148900463,1.0388490795366288,2153,0.04870651855549135,45000,272.9211718856591,0.0015555555555555555,0.007851195274024982,3.4094562988843946
ORL,paint (non-RA),early (16–23),rebound push,785,0.22420382165605096,0.03504373196807469,27.509329594938635,1.0331102283797888,21284,0.0405823070642736,45000,272.9211718856591,0.017444444444444443,0.10079587964858852,31.857111045454776
ORL,paint (non-RA),early (16–23),second chance,214,0.27102803738317754,0.0396420691719328,8.48340280279362,1.0756752835918588,5265,0.05486110841304818,45000,272.9211718856591,0.004755555555555555,0.031083710890512223,11.74027720039231
ORL,paint (non-RA),early (16–23),turnover attack,167,0.25149700598802394,0.03593256209920664,6.000737870567508,1.063727166648882,4704,0.04263414850085676,45000,272.9211718856591,0.003711111111111111,0.02198707351689641,7.1199027996430795
ORL,rim,late (0–7),after a score,1323,0.007558578987150416,0.0010861915812013978,1.4370314619294493,1.3026823958727012,41090,0.003322965709581713,45000,272.9211718856591,0.0294,0.005265371872767338,4.396283633776607
ORL,rim,late (0–7),other dead ball,217,0.0,0.0,0.0,1.301969261503286,7953,0.002359383082515829,45000,272.9211718856591,0.0048222222222222225,0.0,0.5119861289059349
ORL,rim,late (0–7),rebound push,389,0.010282776349614395,0.001771900935312513,0.6892694638365676,1.3070147020755871,13518,0.003873904942650122,45000,272.9211718856591,0.008644444444444444,0.002525525810527219,1.5069490226908975
ORL,rim,late (0–7),second chance,115,0.008695652173913044,0.0003842328655613649,0.044186779539556964,1.33699527233821,3903,0.0016886623877104521,45000,272.9211718856591,0.0025555555555555557,0.0001619030844483883,0.194196174586702
ORL,rim,late (0–7),turnover attack,190,0.0,0.0,0.0,1.3243225602334943,6300,0.0027858161705283783,45000,272.9211718856591,0.004222222222222222,0.0,0.5293050724003919
ORL,rim,middle (8–15),after a score,2373,0.031184155077960386,0.005669447589612299,13.453599130149986,1.3535775686803888,80264,0.006276070530141061,45000,272.9211718856591,0.05273333333333333,0.04929481665785313,14.893115368024738
ORL,rim,middle (8–15),other dead ball,394,0.04568527918781726,0.003892680586524204,1.5337161510905364,1.3519809322156793,13325,0.00717740353863139,45000,272.9211718856591,0.008755555555555556,0.005619630534684536,2.827896994220768
ORL,rim,middle (8–15),rebound push,1523,0.034143138542350626,0.0034598967431389346,5.269422739800597,1.324223450584351,48083,0.007346732546098074,45000,272.9211718856591,0.03384444444444445,0.019307489790525423,11.189073667707367
ORL,rim,middle (8–15),second chance,1237,0.019401778496362168,0.0020866964461710006,2.5812435039135275,1.3766070508168113,36772,0.002271262334085996,45000,272.9211718856591,0.02748888888888889,0.009457835337871645,2.809551507264377
ORL,rim,middle (8–15),turnover attack,532,0.02443609022556391,0.004791101380476284,2.5488659344133833,1.3690783811362561,17089,0.006075804770359153,45000,272.9211718856591,0.011822222222222222,0.00933920192707232,3.2323281378310695
ORL,rim,early (16–23),after a score,443,0.05869074492099323,0.004614957684373148,2.0444262541773046,1.403618846225087,16978,0.007446752802776915,45000,272.9211718856591,0.009844444444444444,0.007490903838833806,3.2989114916301734
ORL,rim,early (16–23),other dead ball,113,0.07079646017699115,0.005619108931683669,0.6349593092802546,1.343057272388617,4068,0.01363511546828802,45000,272.9211718856591,0.002511111111111111,0.0023265300558883433,1.5407680479165462
ORL,rim,early (16–23),rebound push,2232,0.056451612903225805,0.006310567436417637,14.085186518084166,1.3920484614780555,67256,0.007182983062180963,45000,272.9211718856591,0.0496,0.05160899178604284,16.03241819478791
ORL,rim,early (16–23),second chance,739,0.11231393775372124,0.0108735415371118,8.03554719592562,1.3301521157924865,24145,0.0127614196941752,45000,272.9211718856591,0.016422222222222223,0.02944274033563116,9.430689153995472
ORL,rim,early (16–23),turnover attack,1274,0.03139717425431711,0.002654482935607751,3.381811259964275,1.5801659028739554,39844,0.0037397852803434514,45000,272.9211718856591,0.02831111111111111,0.012391164952864455,4.764486447157557
ORL,three,late (0–7),after a score,2090,0.0004784688995215311,4.886498260181366e-05,0.10212781363779055,1.2593234225861893,60211,6.620861986211196e-05,45000,272.9211718856591,0.04644444444444444,0.00037420260558084233,0.138376015511814
ORL,three,late (0–7),other dead ball,375,0.0,0.0,0.0,1.2515360579048365,11441,8.102951376710335e-05,45000,272.9211718856591,0.008333333333333333,0.0,0.030386067662663756
ORL,three,late (0–7),rebound push,629,0.001589825119236884,0.00023711931669692508,0.14914805020236588,1.2259888921788513,20544,8.273088640251868e-05,45000,272.9211718856591,0.013977777777777778,0.0005464876512579676,0.05203772754718425
ORL,three,late (0–7),second chance,142,0.0,0.0,0.0,1.223751178719489,5203,0.00014020920454352797,45000,272.9211718856591,0.0031555555555555555,0.0,0.019909707045180972
ORL,three,late (0–7),turnover attack,278,0.0,0.0,0.0,1.2579563219662264,8394,3.886883828135605e-05,45000,272.9211718856591,0.006177777777777778,0.0,0.01080553704221698
ORL,three,middle (8–15),after a score,3643,0.0,0.0,0.0,1.2440043096378834,109627,2.727384872646845e-05,45000,272.9211718856591,0.08095555555555556,0.0,0.09935863091052456
ORL,three,middle (8–15),other dead ball,525,0.0038095238095238095,0.001831922721211612,0.9617594286360963,1.2242730380162534,17995,0.000119845929478456,45000,272.9211718856591,0.011666666666666667,0.0035239458411787396,0.06291911297618939
ORL,three,middle (8–15),rebound push,2081,0.0,0.0,0.0,1.247002927519219,61834,1.0404584197921159e-05,45000,272.9211718856591,0.04624444444444444,0.0,0.02165193971587393
ORL,three,middle (8–15),second chance,601,0.0,0.0,0.0,1.2435216054384601,19491,0.00013549020140558147,45000,272.9211718856591,0.013355555555555556,0.0,0.08142961104475446
ORL,three,middle (8–15),turnover attack,751,0.0,0.0,0.0,1.238981747151511,22045,1.0410916405124238e-05,45000,272.9211718856591,0.01668888888888889,0.0,0.007818598220248303
ORL,three,early (16–23),after a score,545,0.0,0.0,0.0,1.247328166532752,21578,0.00010644479590490595,45000,272.9211718856591,0.01211111111111111,0.0,0.05801241376817374
ORL,three,early (16–23),other dead ball,148,0.0,0.0,0.0,1.2411779088852686,5022,0.00031789892876931915,45000,272.9211718856591,0.003288888888888889,0.0,0.047049041457859236
ORL,three,early (16–23),rebound push,2583,0.0,0.0,0.0,1.2715306384032175,72214,2.1681045396897346e-05,45000,272.9211718856591,0.0574,0.0,0.056002140260185844
ORL,three,early (16–23),second chance,378,0.0,0.0,0.0,1.2700673461771508,13045,0.0002206650063292304,45000,272.9211718856591,0.0084,0.0,0.08341137239244908
ORL,three,early (16–23),turnover attack,546,0.0,0.0,0.0,1.3002820931913646,18922,1.8362996595510883e-05,45000,272.9211718856591,0.012133333333333333,0.0,0.010026196141148943
PHI,mid-range,late (0–7),after a score,1197,0.01670843776106934,0.0008853767085708999,1.0597959201593672,0.9520538196151299,37774,0.0013628006063988987,43975,390.39153311290556,0.027220011370096647,0.0027147000645960794,1.6312723258594817
PHI,mid-range,late (0–7),other dead ball,296,0.030405405405405407,0.001503144244571905,0.44493069639328386,0.9353505606553187,7164,0.0014651568720382769,43975,390.39153311290556,0.006731097214326322,0.0011397037554720865,0.43368643412332997
PHI,mid-range,late (0–7),rebound push,473,0.014799154334038054,0.0007310930712021623,0.34580702267862273,0.9219184265529673,13361,0.001897253901621738,43975,390.39153311290556,0.01075611142694713,0.0008857953960251785,0.897401095467082
PHI,mid-range,late (0–7),second chance,80,0.025,0.0024819940175617033,0.19855952140493627,0.9333317990960452,2573,0.0020484346194213784,43975,390.39153311290556,0.0018192154633314382,0.0005086163621983847,0.16387476955371028
PHI,mid-range,late (0–7),turnover attack,179,0.0111731843575419,0.0001769468201989159,0.03167348081560595,0.94437628010467,5618,0.001703101156536643,43975,390.39153311290556,0.0040704945992040935,8.113260183449119e-05,0.30485510702005914
PHI,mid-range,middle (8–15),after a score,1896,0.169831223628692,0.007821445787993701,14.829461214036057,0.9537605597260339,59116,0.009230823245253882,43975,390.39153311290556,0.04311540648095509,0.037986124073411225,17.50164087300136
PHI,mid-range,middle (8–15),other dead ball,414,0.2246376811594203,0.012269037166460722,5.079381386914739,0.9302520952458299,11785,0.017592352363402647,43975,390.39153311290556,0.009414440022740193,0.01301099269856789,7.283233878448696
PHI,mid-range,middle (8–15),rebound push,1068,0.1891385767790262,0.009224983139857916,9.852281993368255,0.9459942972342896,34308,0.01320737556514952,43975,390.39153311290556,0.0242865264354747,0.025236925388232908,14.105477103579688
PHI,mid-range,middle (8–15),second chance,186,0.1827956989247312,0.006680864237604005,1.242640748194345,0.9304670290270228,6250,0.01419988631121416,43975,390.39153311290556,0.0042296759522455945,0.0031830627531436737,2.641178853885834
PHI,mid-range,middle (8–15),turnover attack,367,0.1907356948228883,0.012301431893789298,4.514625505020672,0.9434090790067592,12275,0.012774855296131201,43975,390.39153311290556,0.008345650938032974,0.0115643530202152,4.68837189368015
PHI,mid-range,early (16–23),after a score,216,0.25,0.01785339544391611,3.8563334158858797,0.989866026848022,6626,0.020990360954200912,43975,390.39153311290556,0.004911881750994883,0.009878117450796725,4.533917966107397
PHI,mid-range,early (16–23),other dead ball,84,0.36904761904761907,0.028253318728616778,2.3732787732038094,0.9506903281304524,3632,0.03569070903022185,43975,390.39153311290556,0.0019101762364980102,0.006079227062840605,2.998019558538635
PHI,mid-range,early (16–23),rebound push,566,0.2314487632508834,0.014766679060358435,8.357940348162874,0.983695974815048,18399,0.020208350650541707,43975,390.39153311290556,0.012870949403069926,0.02140912299382698,11.437926468206607
PHI,mid-range,early (16–23),second chance,166,0.5180722891566265,0.03717570040135968,6.171166266625707,0.9462606642060712,5438,0.039655743631359645,43975,390.39153311290556,0.0037748720864127345,0.015807633473549073,6.5828534428057015
PHI,mid-range,early (16–23),turnover attack,110,0.2909090909090909,0.017709675776392608,1.948064335403187,0.9810580569498947,3273,0.021689207581074777,43975,390.39153311290556,0.0025014212620807275,0.004990027114240168,2.3858128339182256
PHI,other,late (0–7),after a score,1,1.0,0.3695682402137779,0.3695682402137779,0.2708373760108711,13,,43975,390.39153311290556,2.274019329164298e-05,0.0009466604904745581,
PHI,paint (non-RA),late (0–7),after a score,1245,0.11325301204819277,0.012305897689277515,15.320842623150506,1.0014946471562487,34630,0.012700564811662521,43975,390.39153311290556,0.028311540648095507,0.03924481276780034,15.812203190519838
PHI,paint (non-RA),late (0–7),other dead ball,293,0.07849829351535836,0.008848659061908624,2.592657105139227,1.0099979656266804,7248,0.010104988280229639,43975,390.39153311290556,0.006662876634451393,0.006641171452838353,2.960761566107284
PHI,paint (non-RA),late (0–7),rebound push,429,0.12121212121212122,0.01669105396205574,7.160462149721913,0.9824607143024611,11060,0.015217063988591456,43975,390.39153311290556,0.009755542922114838,0.018341745510272192,6.5281204511057345
PHI,paint (non-RA),late (0–7),second chance,102,0.09803921568627451,0.005664178528321266,0.5777462098887691,1.0183283174534168,2713,0.010103361481748192,43975,390.39153311290556,0.002319499715747584,0.0014799148057385726,1.0305428711383156
PHI,paint (non-RA),late (0–7),turnover attack,181,0.16574585635359115,0.019986867519367103,3.617623021005446,0.9775901816828835,5206,0.015698449223662616,43975,390.39153311290556,0.004115974985787379,0.009266653382974853,2.8414193094829336
PHI,paint (non-RA),middle (8–15),after a score,1762,0.19580022701475597,0.032055405811095866,56.48162503915092,1.0140673391371755,53931,0.02844624805676054,43975,390.39153311290556,0.04006822057987493,0.14467943141281142,50.12228907601207
PHI,paint (non-RA),middle (8–15),other dead ball,329,0.2127659574468085,0.038888517540592346,12.794322270854881,0.9952729446840867,9624,0.033404863515880075,43975,390.39153311290556,0.00748152359295054,0.03277305265520351,10.990200096724545
PHI,paint (non-RA),middle (8–15),rebound push,1153,0.18473547267996532,0.03201450173533778,36.91272050084446,1.0190367084474306,32822,0.032959406317193386,43975,390.39153311290556,0.026219442865264356,0.09455307651400546,38.00219548372397
PHI,paint (non-RA),middle (8–15),second chance,259,0.20077220077220076,0.02599767923830438,6.733398922720834,1.0221465339386238,7538,0.02877018277862828,43975,390.39153311290556,0.005889710062535532,0.017247809830889596,7.451477339664725
PHI,paint (non-RA),middle (8–15),turnover attack,347,0.1873198847262248,0.03522038462305485,12.221473464200034,1.0145040290602507,11228,0.03156854800129544,43975,390.39153311290556,0.007890847072200113,0.03130568269948992,10.954286156449516
PHI,paint (non-RA),early (16–23),after a score,195,0.26153846153846155,0.051206815265259574,9.985328976725617,1.0275797981556942,6380,0.03730405591916841,43975,390.39153311290556,0.004434337691870381,0.025577729355717733,7.27429090423784
PHI,paint (non-RA),early (16–23),other dead ball,43,0.32558139534883723,0.05557249595134282,2.389617325907741,0.9956470173027203,2153,0.04870651855549135,43975,390.39153311290556,0.0009778283115406481,0.006121078771492304,2.0943802978861283
PHI,paint (non-RA),early (16–23),rebound push,706,0.21954674220963172,0.03645625742164463,25.73811773968111,1.0476128198990948,21284,0.0405823070642736,43975,390.39153311290556,0.016054576463899944,0.06592898553524049,28.65110878737716
PHI,paint (non-RA),early (16–23),second chance,173,0.35260115606936415,0.059364345733027145,10.270031811813697,1.0359325812400768,5265,0.05486110841304818,43975,390.39153311290556,0.003934053439454235,0.026307004483223487,9.490971755457334
PHI,paint (non-RA),early (16–23),turnover attack,144,0.2708333333333333,0.038748153070118224,5.579734042097024,1.084355296400277,4704,0.04263414850085676,43975,390.39153311290556,0.003274587833996589,0.014292661517541936,6.139317384123374
PHI,rim,late (0–7),after a score,1330,0.02857142857142857,0.005522099103250933,7.34439180732374,1.3627287874916627,41090,0.003322965709581713,43975,390.39153311290556,0.030244457077885162,0.01881288702334551,4.419544393743679
PHI,rim,late (0–7),other dead ball,270,0.018518518518518517,0.0027348361197389814,0.738405752329525,1.3566944466216193,7953,0.002359383082515829,43975,390.39153311290556,0.006139852188743604,0.0018914491983000304,0.6370334322792738
PHI,rim,late (0–7),rebound push,491,0.038696537678207736,0.009397469409692657,4.614157480159094,1.314371431250539,13518,0.003873904942650122,43975,390.39153311290556,0.011165434906196703,0.011819307256401559,1.90208732684121
PHI,rim,late (0–7),second chance,125,0.016,0.004012977126386806,0.5016221407983507,1.395110642007672,3903,0.0016886623877104521,43975,390.39153311290556,0.0028425241614553724,0.0012849206456874566,0.2110827984638065
PHI,rim,late (0–7),turnover attack,195,0.02564102564102564,0.008232890091854688,1.6054135679116641,1.3463078927942778,6300,0.0027858161705283783,43975,390.39153311290556,0.004434337691870381,0.004112316563605801,0.5432341532530338
PHI,rim,middle (8–15),after a score,2750,0.04981818181818182,0.009261591729186355,25.469377255262476,1.399653132818263,80264,0.006276070530141061,43975,390.39153311290556,0.06253553155201819,0.06524059846322652,17.25919395788792
PHI,rim,middle (8–15),other dead ball,450,0.044444444444444446,0.007492566694746922,3.371655012636115,1.3565750807240913,13325,0.00717740353863139,43975,390.39153311290556,0.01023308698123934,0.008636598713479257,3.2298315923841256
PHI,rim,middle (8–15),rebound push,1662,0.04753309265944645,0.01017707491174216,16.91429850331547,1.3688496801313186,48083,0.007346732546098074,43975,390.39153311290556,0.03779420125071063,0.04332649934398979,12.210269491614998
PHI,rim,middle (8–15),second chance,1180,0.023728813559322035,0.002104430141410105,2.483227566863924,1.3951581307794558,36772,0.002271262334085996,43975,390.39153311290556,0.026833428084138716,0.006360864302212587,2.680089554221475
PHI,rim,middle (8–15),turnover attack,606,0.054455445544554455,0.010784955901729837,6.535683276448282,1.393584193390053,17089,0.006075804770359153,43975,390.39153311290556,0.013780557134735645,0.016741355080972235,3.6819376908376467
PHI,rim,early (16–23),after a score,558,0.08602150537634409,0.013199806909523626,7.365492255514184,1.4440080790729877,16978,0.007446752802776915,43975,390.39153311290556,0.012689027856736783,0.018866936474731387,4.155288063949519
PHI,rim,early (16–23),other dead ball,118,0.06779661016949153,0.011542154173045145,1.3619741924193272,1.4614718754396983,4068,0.01363511546828802,43975,390.39153311290556,0.0026833428084138715,0.0034887390655202275,1.6089436252579863
PHI,rim,early (16–23),rebound push,2079,0.06541606541606541,0.00894055878914661,18.587421722635803,1.453146923184785,67256,0.007182983062180963,43975,390.39153311290556,0.047276861853325754,0.047612256276214154,14.933421786274222
PHI,rim,early (16–23),second chance,813,0.12792127921279212,0.01871543888944014,15.215651817114836,1.3256681861302324,24145,0.0127614196941752,43975,390.39153311290556,0.018487777146105742,0.038975363261052845,10.375034211364436
PHI,rim,early (16–23),turnover attack,1316,0.04027355623100304,0.006123224911513198,8.058163983551369,1.63541591172124,39844,0.0037397852803434514,43975,390.39153311290556,0.02992609437180216,0.020641236553716084,4.921557428931982
PHI,three,late (0–7),after a score,1888,0.0,0.0,0.0,1.2659684977539218,60211,6.620861986211196e-05,43975,390.39153311290556,0.04293348493462194,0.0,0.1250018742996674
PHI,three,late (0–7),other dead ball,348,0.0,0.0,0.0,1.2592651277028046,11441,8.102951376710335e-05,43975,390.39153311290556,0.007913587265491757,0.0,0.028198270790951965
PHI,three,late (0–7),rebound push,611,0.0016366612111292963,0.0003464565939950737,0.21168497893099003,1.226925515868839,20544,8.273088640251868e-05,43975,390.39153311290556,0.01389425810119386,0.0005422376280629232,0.05054857159193891
PHI,three,late (0–7),second chance,152,0.013157894736842105,0.0015647088083081946,0.2378357388628456,1.234814365590786,5203,0.00014020920454352797,43975,390.39153311290556,0.003456509380329733,0.0006092236093503105,0.021311799090616253
PHI,three,late (0–7),turnover attack,231,0.0,0.0,0.0,1.2321432715291984,8394,3.886883828135605e-05,43975,390.39153311290556,0.005252984650369528,0.0,0.008978701642993248
PHI,three,middle (8–15),after a score,3493,0.0008588605782994561,2.9409983305595594e-05,0.1027290716864454,1.2571147879676172,109627,2.727384872646845e-05,43975,390.39153311290556,0.07943149516770892,0.00026314369798777123,0.0952675536015543
PHI,three,middle (8–15),other dead ball,486,0.0,0.0,0.0,1.2375159708202814,17995,0.000119845929478456,43975,390.39153311290556,0.011051733939738488,0.0,0.05824512172652961
PHI,three,middle (8–15),rebound push,2003,0.0004992511233150275,1.2770241825344124e-06,0.0025578794376164282,1.2587061120885767,61834,1.0404584197921159e-05,43975,390.39153311290556,0.045548607163160885,6.5520873806365595e-06,0.02084038214843608
PHI,three,middle (8–15),second chance,577,0.0,0.0,0.0,1.2669884636717392,19491,0.00013549020140558147,43975,390.39153311290556,0.013121091529278,0.0,0.0781778462110205
PHI,three,middle (8–15),turnover attack,681,0.0,0.0,0.0,1.2536424729797542,22045,1.0410916405124238e-05,43975,390.39153311290556,0.015486071631608868,0.0,0.007089834071889606
PHI,three,early (16–23),after a score,856,0.0,0.0,0.0,1.2738264166400128,21578,0.00010644479590490595,43975,390.39153311290556,0.01946560545764639,0.0,0.09111674529459948
PHI,three,early (16–23),other dead ball,143,0.006993006993006993,0.004243099228602076,0.6067631896900968,1.2387855810576547,5022,0.00031789892876931915,43975,390.39153311290556,0.003251847640704946,0.0015542426979701276,0.04545954681401264
PHI,three,early (16–23),rebound push,2679,0.0,0.0,0.0,1.2859239447871842,72214,2.1681045396897346e-05,43975,390.39153311290556,0.06092097782831154,0.0,0.05808352061828799
PHI,three,early (16–23),second chance,462,0.0,0.0,0.0,1.2814949625079217,13045,0.0002206650063292304,43975,390.39153311290556,0.010505969300739056,0.0,0.10194723292410444
PHI,three,early (16–23),turnover attack,762,0.0013123359580052493,1.5506363031636464e-05,0.011815848630106984,1.3048947487318034,18922,1.8362996595510883e-05,43975,390.39153311290556,0.01732802728823195,3.0266662127351287e-05,0.013992603405779293
PHX,mid-range,late (0–7),after a score,1321,0.011355034065102196,0.00067807403864139,0.8957358050452762,0.949407104963059,37774,0.0013628006063988987,45078,325.16038703619625,0.029304760637117885,0.002754750703829014,1.8002596010529452
PHX,mid-range,late (0–7),other dead ball,228,0.021929824561403508,0.0010344683488003321,0.2358587835264757,0.9423451277954018,7164,0.0014651568720382769,45078,325.16038703619625,0.00505789964062292,0.0007253613691271082,0.33405576682472715
PHX,mid-range,late (0–7),rebound push,460,0.015217391304347827,0.0010911713870382595,0.5019388380375993,0.9228967316126395,13361,0.001897253901621738,45078,325.16038703619625,0.010204534362660278,0.001543665397291228,0.8727367947459995
PHX,mid-range,late (0–7),second chance,97,0.0,0.0,0.0,0.9464134218574453,2573,0.0020484346194213784,45078,325.16038703619625,0.002151825724300102,0.0,0.1986981580838737
PHX,mid-range,late (0–7),turnover attack,180,0.011111111111111112,0.0004083631465783728,0.0735053663841071,0.9454791617776509,5618,0.001703101156536643,45078,325.16038703619625,0.003993078663649674,0.0002260587984105352,0.30655820817659574
PHX,mid-range,middle (8–15),after a score,2380,0.1323529411764706,0.00586029247389741,13.947496087875836,0.9674948049355935,59116,0.009230823245253882,45078,325.16038703619625,0.052797373441590134,0.042894204349446866,21.96935932370424
PHX,mid-range,middle (8–15),other dead ball,430,0.19534883720930232,0.009187495970377779,3.950623267262445,0.9426895493558305,11785,0.017592352363402647,45078,325.16038703619625,0.009539021252051999,0.012149768006096845,7.564711516263138
PHX,mid-range,middle (8–15),rebound push,1228,0.20276872964169382,0.009258947463294321,11.369987484925426,0.9584793945794511,34308,0.01320737556514952,45078,325.16038703619625,0.02724166999423222,0.034967320553901726,16.21865719400361
PHX,mid-range,middle (8–15),second chance,221,0.167420814479638,0.009619595437708213,2.125930591733515,0.9425029716813205,6250,0.01419988631121416,45078,325.16038703619625,0.004902613248147655,0.006538098355433623,3.1381748747783296
PHX,mid-range,middle (8–15),turnover attack,429,0.1888111888111888,0.009617681262751724,4.12598526172049,0.9543759324106345,12275,0.012774855296131201,45078,325.16038703619625,0.00951683748169839,0.012689077225330012,5.480412922040285
PHX,mid-range,early (16–23),after a score,365,0.27945205479452057,0.014797677281320198,5.401152207681872,0.9969034771383475,6626,0.020990360954200912,45078,325.16038703619625,0.008097076179067395,0.016610732497008087,7.661481748283333
PHX,mid-range,early (16–23),other dead ball,180,0.5166666666666667,0.025881969093714426,4.6587544368685965,0.940926037180556,3632,0.03569070903022185,45078,325.16038703619625,0.003993078663649674,0.014327558406891651,6.424327625439933
PHX,mid-range,early (16–23),rebound push,860,0.23255813953488372,0.011699890262465798,10.061905625720586,1.0094248706090565,18399,0.020208350650541707,45078,325.16038703619625,0.019078042504103998,0.03094443858132237,17.379181559465867
PHX,mid-range,early (16–23),second chance,248,0.5201612903225806,0.028318263669975547,7.022929390153935,0.9576425666764272,5438,0.039655743631359645,45078,325.16038703619625,0.005501575047695106,0.02159835475091914,9.834624420577192
PHX,mid-range,early (16–23),turnover attack,174,0.2471264367816092,0.010152862244087867,1.7665980304712887,1.0236435935372363,3273,0.021689207581074777,45078,325.16038703619625,0.003859976041528018,0.005433005067356603,3.773922119107011
PHX,other,late (0–7),rebound push,1,1.0,0.03207572823798133,0.03207572823798133,0.584406046722399,10,,45078,325.16038703619625,2.21837703536093e-05,9.864586683005367e-05,
PHX,paint (non-RA),late (0–7),after a score,1158,0.07426597582037997,0.00848244907131426,9.822676024581913,1.0187393500245963,34630,0.012700564811662521,45078,325.16038703619625,0.02568880606947957,0.030208710581613594,14.707254051905199
PHX,paint (non-RA),late (0–7),other dead ball,245,0.08163265306122448,0.00623893302538288,1.5285385912188056,1.0031581917394994,7248,0.010104988280229639,45078,325.16038703619625,0.0054350237366342785,0.0047008757897949345,2.4757221286562614
PHX,paint (non-RA),late (0–7),rebound push,371,0.09433962264150944,0.010348551733474569,3.839312693119065,0.9969556403059865,11060,0.015217063988591456,45078,325.16038703619625,0.00823017880118905,0.011807442868776262,5.64553073976743
PHX,paint (non-RA),late (0–7),second chance,71,0.08450704225352113,0.017672002735130365,1.2547121941942558,0.9864245129146002,2713,0.010103361481748192,45078,325.16038703619625,0.0015750476951062603,0.003858748618276751,0.7173386652041216
PHX,paint (non-RA),late (0–7),turnover attack,161,0.09316770186335403,0.011570851868435842,1.8629071508181707,1.0069696322067851,5206,0.015698449223662616,45078,325.16038703619625,0.0035715870269310973,0.005729194653132195,2.5274503250096814
PHX,paint (non-RA),middle (8–15),after a score,1970,0.14213197969543148,0.022453428681257614,44.2332545020775,1.0492389241793618,53931,0.02844624805676054,45078,325.16038703619625,0.04370202759661032,0.13603518837352577,56.03910867181827
PHX,paint (non-RA),middle (8–15),other dead ball,347,0.18155619596541786,0.0291145589240862,10.10275194665791,1.02168918293844,9624,0.033404863515880075,45078,325.16038703619625,0.007697768312702427,0.031070057576027214,11.591487640010387
PHX,paint (non-RA),middle (8–15),rebound push,1034,0.16827852998065765,0.029436478228570234,30.43731848834162,1.031137245566236,32822,0.032959406317193386,45078,325.16038703619625,0.022938018545632016,0.09360709268977895,34.08002613197796
PHX,paint (non-RA),middle (8–15),second chance,278,0.15827338129496402,0.020989059953037032,5.834958666944295,1.024674699572714,7538,0.02877018277862828,45078,325.16038703619625,0.006167088158303385,0.01794486321082758,7.998110812458663
PHX,paint (non-RA),middle (8–15),turnover attack,444,0.1463963963963964,0.02391407382706985,10.617848779219013,1.0348563408281817,11228,0.03156854800129544,45078,325.16038703619625,0.00984959403700253,0.032654189140318174,14.016435312575174
PHX,paint (non-RA),early (16–23),after a score,298,0.19798657718120805,0.03318680894514576,9.889669065653436,1.0776281136381407,6380,0.03730405591916841,45078,325.16038703619625,0.006610763565375571,0.03041474133979468,11.116608663912187
PHX,paint (non-RA),early (16–23),other dead ball,94,0.2553191489361702,0.044605048515463465,4.192874560453566,1.0309585513085153,2153,0.04870651855549135,45078,325.16038703619625,0.002085274413239274,0.012894788933766471,4.5784127442161875
PHX,paint (non-RA),early (16–23),rebound push,834,0.20023980815347722,0.029871177126603074,24.912561723586965,1.078272147093969,21284,0.0405823070642736,45078,325.16038703619625,0.018501264474910156,0.07661622607434572,33.84564409160418
PHX,paint (non-RA),early (16–23),second chance,230,0.3521739130434783,0.05429707681817273,12.488327668179728,1.0165545410152321,5265,0.05486110841304818,45078,325.16038703619625,0.005102267181330139,0.038406669957584814,12.61805493500108
PHX,paint (non-RA),early (16–23),turnover attack,199,0.22613065326633167,0.03405985495319444,6.777911135685693,1.0963870300516392,4704,0.04263414850085676,45078,325.16038703619625,0.004414570300368251,0.0208448242956827,8.484195551670496
PHX,rim,late (0–7),after a score,1332,0.012012012012012012,0.002862669558619981,3.8130758520818144,1.39539925166863,41090,0.003322965709581713,45078,325.16038703619625,0.029548782111007588,0.011726753946990935,4.426190325162842
PHX,rim,late (0–7),other dead ball,226,0.017699115044247787,0.0034071946733238985,0.770025996171201,1.388084629634752,7953,0.002359383082515829,45078,325.16038703619625,0.005013532099915702,0.0023681420827115795,0.5332205766485774
PHX,rim,late (0–7),rebound push,403,0.019851116625310174,0.004592979866257241,1.8509708861016683,1.3654464052548747,13518,0.003873904942650122,45078,325.16038703619625,0.008940059452504548,0.005692485800540093,1.561183691887999
PHX,rim,late (0–7),second chance,109,0.009174311926605505,0.002089279234505506,0.22773143656110018,1.4137157116767654,3903,0.0016886623877104521,45078,325.16038703619625,0.0024180309685434137,0.0007003664826359969,0.1840642002604393
PHX,rim,late (0–7),turnover attack,195,0.020512820512820513,0.005499017675676061,1.072308446756832,1.4135760281418424,6300,0.0027858161705283783,45078,325.16038703619625,0.0043258352189538135,0.0032977831541253044,0.5432341532530338
PHX,rim,middle (8–15),after a score,2575,0.0341747572815534,0.0068702519878013815,17.690898868588558,1.4358666276629868,80264,0.006276070530141061,45078,325.16038703619625,0.05712320866054395,0.05440668535869112,16.160881615113233
PHX,rim,middle (8–15),other dead ball,432,0.05324074074074074,0.006958450430099322,3.006050585802907,1.422733831990588,13325,0.00717740353863139,45078,325.16038703619625,0.009583388792759218,0.009244824110349823,3.1006383286887607
PHX,rim,middle (8–15),rebound push,1418,0.04019746121297602,0.005743389255879918,8.144125964837723,1.426885951876368,48083,0.007346732546098074,45078,325.16038703619625,0.03145658636141799,0.02504648871613975,10.417666750367069
PHX,rim,middle (8–15),second chance,1106,0.018083182640144666,0.0014595795848613188,1.6142950208566185,1.407462204192081,36772,0.002271262334085996,45078,325.16038703619625,0.024535250011091886,0.0049646115739089645,2.5120161414991116
PHX,rim,middle (8–15),turnover attack,582,0.041237113402061855,0.005514034301316043,3.209167963365937,1.430052148822139,17089,0.006075804770359153,45078,325.16038703619625,0.012910954345800613,0.009869492383796119,3.536118376349027
PHX,rim,early (16–23),after a score,617,0.06645056726094004,0.009240294345229364,5.701261611006518,1.4585684072223855,16978,0.007446752802776915,45078,325.16038703619625,0.013687386308176938,0.017533690567208802,4.594646479313357
PHX,rim,early (16–23),other dead ball,157,0.09554140127388536,0.016680617569477148,2.618856958407912,1.4374056585175778,4068,0.01363511546828802,45078,325.16038703619625,0.00348285194551666,0.00805404674990864,2.140713128521219
PHX,rim,early (16–23),rebound push,2283,0.04993429697766097,0.006829533125210015,15.591824124854464,1.50113677667517,67256,0.007182983062180963,45078,325.16038703619625,0.05064554771729003,0.04795117962237759,16.39875033095914
PHX,rim,early (16–23),second chance,863,0.0996523754345307,0.011379081788264488,9.820147583272252,1.3487640831785588,24145,0.0127614196941752,45078,325.16038703619625,0.019144593815164826,0.03020093459963526,11.013105196073198
PHX,rim,early (16–23),turnover attack,1472,0.029891304347826088,0.0035550307067444397,5.233005200327815,1.640615673786188,39844,0.0037397852803434514,45078,325.16038703619625,0.03265450996051289,0.016093612287850077,5.504963932665561
PHX,three,late (0–7),after a score,1892,0.0015856236786469344,0.00010407035448008298,0.196901110676317,1.269596607210483,60211,6.620861986211196e-05,45078,325.16038703619625,0.041971693509028796,0.0006055507328892382,0.12526670877911583
PHX,three,late (0–7),other dead ball,338,0.0029585798816568047,0.00044530692165205217,0.15051373951839364,1.2570101881459659,11441,8.102951376710335e-05,45078,325.16038703619625,0.007498114379519943,0.00046289076258738347,0.02738797565328093
PHX,three,late (0–7),rebound push,676,0.0,0.0,0.0,1.2358657043415764,20544,8.273088640251868e-05,45078,325.16038703619625,0.014996228759039887,0.0,0.05592607920810262
PHX,three,late (0–7),second chance,165,0.006060606060606061,0.00010808858083261613,0.017834615837381662,1.2355714486282354,5203,0.00014020920454352797,45078,325.16038703619625,0.0036603221083455345,5.484867329609971e-05,0.023134518749682115
PHX,three,late (0–7),turnover attack,271,0.0,0.0,0.0,1.2539549730646535,8394,3.886883828135605e-05,45078,325.16038703619625,0.00601180176582812,0.0,0.010533455174247489
PHX,three,middle (8–15),after a score,3392,0.0011792452830188679,6.962692130153304e-05,0.23617451705480008,1.2580663206429965,109627,2.727384872646845e-05,45078,325.16038703619625,0.07524734903944275,0.0007263323777152152,0.09251289488018098
PHX,three,middle (8–15),other dead ball,553,0.0,0.0,0.0,1.2456262531432285,17995,0.000119845929478456,45078,325.16038703619625,0.012267625005545943,0.0,0.06627479900158617
PHX,three,middle (8–15),rebound push,1798,0.0,0.0,0.0,1.2615712120960987,61834,1.0404584197921159e-05,45078,325.16038703619625,0.03988641909578952,0.0,0.018707442387862244
PHX,three,middle (8–15),second chance,610,0.0,0.0,0.0,1.2533996140967487,19491,0.00013549020140558147,45078,325.16038703619625,0.013532099915701673,0.0,0.08264902285740469
PHX,three,middle (8–15),turnover attack,678,0.0,0.0,0.0,1.25508288106595,22045,1.0410916405124238e-05,45078,325.16038703619625,0.015040596299747105,0.0,0.007058601322674234
PHX,three,early (16–23),after a score,721,0.0027739251040221915,0.00031777594693298543,0.2291164577386825,1.263870628043257,21578,0.00010644479590490595,45078,325.16038703619625,0.015994498424952305,0.0007046259842013833,0.07674669784743719
PHX,three,early (16–23),other dead ball,214,0.0,0.0,0.0,1.252437523088017,5022,0.00031789892876931915,45078,325.16038703619625,0.00474732685567239,0.0,0.0680303707566343
PHX,three,early (16–23),rebound push,2377,0.0,0.0,0.0,1.2965926358755808,72214,2.1681045396897346e-05,45078,325.16038703619625,0.052730822130529306,0.0,0.05153584490842499
PHX,three,early (16–23),second chance,418,0.0,0.0,0.0,1.277982207523369,13045,0.0002206650063292304,45078,325.16038703619625,0.009272816007808687,0.0,0.09223797264561831
PHX,three,early (16–23),turnover attack,669,0.0,0.0,0.0,1.3222087748755538,18922,1.8362996595510883e-05,45078,325.16038703619625,0.014840942366564622,0.0,0.012284844722396781
POR,mid-range,late (0–7),after a score,1466,0.017735334242837655,0.0009522383118390503,1.3959813651560478,0.975234656904384,37774,0.0013628006063988987,45412,333.23120302045123,0.03228221615432044,0.004189227636856002,1.9978656889807855
POR,mid-range,late (0–7),other dead ball,275,0.01818181818181818,0.001169700107754624,0.32166752963252165,0.9519252808935421,7164,0.0014651568720382769,45412,333.23120302045123,0.006055668105346604,0.0009652983475643489,0.40291813981052615
POR,mid-range,late (0–7),rebound push,420,0.04047619047619048,0.001769897137446858,0.7433567977276804,0.948767542484078,13361,0.001897253901621738,45412,333.23120302045123,0.009248656742711178,0.0022307538759569843,0.7968466386811299
POR,mid-range,late (0–7),second chance,98,0.04081632653061224,0.0021314299473980656,0.20888013484501045,0.9527033930053354,2573,0.0020484346194213784,45412,333.23120302045123,0.002158019906632608,0.000626832460320923,0.2007465927032951
POR,mid-range,late (0–7),turnover attack,190,0.042105263157894736,0.0033838175288638597,0.6429253304841334,0.9683405444771971,5618,0.001703101156536643,45412,333.23120302045123,0.0041839161455122,0.001929367132058985,0.3235892197419622
POR,mid-range,middle (8–15),after a score,2064,0.18313953488372092,0.009152112330906667,18.88995985099136,0.9853202439133549,59116,0.009230823245253882,45412,333.23120302045123,0.045450541707037787,0.05668724801210179,19.052419178204012
POR,mid-range,middle (8–15),other dead ball,366,0.2786885245901639,0.019782742696836476,7.2404838270421505,0.9568699874473947,11785,0.017592352363402647,45412,333.23120302045123,0.008059543732934027,0.021728108776769575,6.438800965005369
POR,mid-range,middle (8–15),rebound push,1304,0.2661042944785276,0.01378850678477251,17.980212847343353,0.9718906430826522,34308,0.01320737556514952,45412,333.23120302045123,0.02871487712498899,0.05395717053015549,17.222417736954974
POR,mid-range,middle (8–15),second chance,223,0.2600896860986547,0.014012354500945609,3.124755053710871,0.9670544273789248,6250,0.01419988631121416,45412,333.23120302045123,0.004910596318153792,0.009377138231317122,3.1665746474007577
POR,mid-range,middle (8–15),turnover attack,403,0.21588089330024815,0.009727658516271352,3.920246382057355,0.9733666124827959,12275,0.012774855296131201,45412,333.23120302045123,0.008874306350744297,0.011764343634460786,5.148266684340874
POR,mid-range,early (16–23),after a score,194,0.21649484536082475,0.01552130600187589,3.0111333643639226,1.0445608595464542,6626,0.020990360954200912,45412,333.23120302045123,0.004271998590680877,0.009036168693299474,4.072130025114977
POR,mid-range,early (16–23),other dead ball,103,0.2912621359223301,0.022717658198413433,2.3399187944365836,0.9938926394445581,3632,0.03569070903022185,45412,333.23120302045123,0.0022681229630934553,0.007021907832241559,3.67614303011285
POR,mid-range,early (16–23),rebound push,769,0.23797139141742524,0.015816795652286164,12.16311585660806,1.0247939830162807,18399,0.020208350650541707,45412,333.23120302045123,0.01693385008367832,0.036500531001778906,15.540221650266572
POR,mid-range,early (16–23),second chance,185,0.5945945945945946,0.04316331888067156,7.98521399292424,0.9668419864525525,5438,0.039655743631359645,45412,333.23120302045123,0.004073813089051352,0.023962984019939355,7.3363125718015345
POR,mid-range,early (16–23),turnover attack,127,0.29133858267716534,0.0202748841155684,2.5749102826771866,1.034622090581471,3273,0.021689207581074777,45412,333.23120302045123,0.002796617634105523,0.007727098360951384,2.7545293627964966
POR,other,middle (8–15),other dead ball,1,1.0,0.6678002339851448,0.6678002339851448,0.2231182883758171,5,,45412,333.23120302045123,2.202061129216947e-05,0.0020040147139046885,
POR,other,early (16–23),second chance,1,1.0,0.3729582943628723,0.3729582943628723,0.584406046722399,5,,45412,333.23120302045123,2.202061129216947e-05,0.0011192178012813011,
POR,paint (non-RA),late (0–7),after a score,1172,0.11262798634812286,0.015327259660833228,17.963548322496543,1.01412427461226,34630,0.012700564811662521,45412,333.23120302045123,0.025808156434422618,0.05390716163334223,14.885061959268475
POR,paint (non-RA),late (0–7),other dead ball,208,0.10576923076923077,0.015538764112561311,3.2320629354127526,0.9874505575348245,7248,0.010104988280229639,45412,333.23120302045123,0.00458028714877125,0.009699160541140539,2.101837562287765
POR,paint (non-RA),late (0–7),rebound push,290,0.08275862068965517,0.010991531212042202,3.1875440514922384,1.0087671330302688,11060,0.015217063988591456,45412,333.23120302045123,0.006385977274729147,0.009565562956289573,4.412948556691522
POR,paint (non-RA),late (0–7),second chance,82,0.12195121951219512,0.009418567093807673,0.7723225016922292,0.9940324891628531,2713,0.010103361481748192,45412,333.23120302045123,0.0018056901259578967,0.0023176776204983113,0.8284756415033517
POR,paint (non-RA),late (0–7),turnover attack,148,0.12162162162162163,0.017574407794166202,2.6010123535365977,0.9825419997687245,5206,0.015698449223662616,45412,333.23120302045123,0.0032590504712410816,0.007805428573196872,2.323370485102067
POR,paint (non-RA),middle (8–15),after a score,1394,0.15494978479196556,0.02643916900434813,36.856201592061296,1.0431678205813917,53931,0.02844624805676054,45412,333.23120302045123,0.030696732141284242,0.1106024923776401,39.65406979112419
POR,paint (non-RA),middle (8–15),other dead ball,258,0.16279069767441862,0.03169829670727068,8.178160550475836,1.0264715014905637,9624,0.033404863515880075,45412,333.23120302045123,0.005681317713379723,0.024542001098180236,8.61845478709706
POR,paint (non-RA),middle (8–15),rebound push,1008,0.1765873015873016,0.03174427562821691,31.998229833242647,1.0299254182473947,32822,0.032959406317193386,45412,333.23120302045123,0.022196776182506827,0.09602411041705129,33.22308156773094
POR,paint (non-RA),middle (8–15),second chance,237,0.16877637130801687,0.02920595975628328,6.921812462239137,1.0363186793049104,7538,0.02877018277862828,45412,333.23120302045123,0.005218884876244165,0.02077180167853107,6.818533318534903
POR,paint (non-RA),middle (8–15),turnover attack,266,0.17293233082706766,0.02575916234845556,6.851937184689179,1.0335377566406034,11228,0.03156854800129544,45412,333.23120302045123,0.00585748260371708,0.020562111598740825,8.397233768344586
POR,paint (non-RA),early (16–23),after a score,166,0.18674698795180722,0.03176854256834093,5.273578066344594,1.0886996207347874,6380,0.03730405591916841,45412,333.23120302045123,0.003655421474500132,0.01582558301426815,6.192473282581956
POR,paint (non-RA),early (16–23),other dead ball,68,0.11764705882352941,0.02965789706545646,2.016737000451039,1.0944575360836324,2153,0.04870651855549135,45412,333.23120302045123,0.001497401567867524,0.006052065299320925,3.312043261773412
POR,paint (non-RA),early (16–23),rebound push,646,0.17956656346749225,0.029863699097620166,19.291949617062627,1.08641540354912,21284,0.0405823070642736,45412,333.23120302045123,0.014225314894741478,0.057893586921626404,26.216170363520746
POR,paint (non-RA),early (16–23),second chance,191,0.24083769633507854,0.04746723215432318,9.066241341475727,1.0956122037415994,5265,0.05486110841304818,45412,333.23120302045123,0.004205936756804369,0.027207060021084847,10.478471706892202
POR,paint (non-RA),early (16–23),turnover attack,139,0.2949640287769784,0.03514518487726447,4.885180697939761,1.0812074810218655,4704,0.04263414850085676,45412,333.23120302045123,0.0030608649696115564,0.014660033795334423,5.9261466416190896
POR,rim,late (0–7),after a score,1693,0.02067336089781453,0.0027550016291410825,4.664217758135853,1.3330312368001038,41090,0.003322965709581713,45412,333.23120302045123,0.037280894917642915,0.01399694181054707,5.62578094632184
POR,rim,late (0–7),other dead ball,319,0.0219435736677116,0.003594602229590835,1.1466781112394764,1.3041320759232222,7953,0.002359383082515829,45412,333.23120302045123,0.007024575002202061,0.0034410886521005113,0.7526432033225494
POR,rim,late (0–7),rebound push,475,0.016842105263157894,0.0014944768446224538,0.7098765011956656,1.3191778070721627,13518,0.003873904942650122,45412,333.23120302045123,0.010459790363780499,0.002130282202750679,1.840104847758808
POR,rim,late (0–7),second chance,144,0.006944444444444444,0.0013224583924420481,0.19043400851165493,1.3128924774855517,3903,0.0016886623877104521,45412,333.23120302045123,0.003170968026072404,0.0005714771209464664,0.24316738383030512
POR,rim,late (0–7),turnover attack,232,0.008620689655172414,0.00048110128216560035,0.11161549746241928,1.3629516118660796,6300,0.0027858161705283783,45412,333.23120302045123,0.005108781819783317,0.00033494911776184766,0.6463093515625837
POR,rim,middle (8–15),after a score,2726,0.04548789435069699,0.0070830911115624525,19.308506370119247,1.3943963208382748,80264,0.006276070530141061,45412,333.23120302045123,0.060028186382453975,0.057943272403977834,17.108568265164532
POR,rim,middle (8–15),other dead ball,430,0.05116279069767442,0.0046487811741493,1.998975904884199,1.3986145105134724,13325,0.00717740353863139,45412,333.23120302045123,0.009468862855632872,0.005998765682100655,3.086283521611498
POR,rim,middle (8–15),rebound push,1843,0.0705371676614216,0.00874196124590618,16.11143457620509,1.3530427832010292,48083,0.007346732546098074,45412,333.23120302045123,0.04058398661146834,0.0483491174600966,13.54002808245875
POR,rim,middle (8–15),second chance,1441,0.027758501040943788,0.0016469168903509202,2.373207238995676,1.3638194409109587,36772,0.002271262334085996,45412,333.23120302045123,0.031731700872016204,0.007121803773129932,3.27288902341792
POR,rim,middle (8–15),turnover attack,536,0.03917910447761194,0.0026581502358648925,1.4247685264235823,1.3923867810608066,17089,0.006075804770359153,45412,333.23120302045123,0.011803047652602837,0.0042756155891443956,3.256631356912506
POR,rim,early (16–23),after a score,434,0.08064516129032258,0.007737979855807457,3.358283257420436,1.4510559747660807,16978,0.007446752802776915,45412,333.23120302045123,0.009556945300801551,0.010077937561010246,3.2318907164051813
POR,rim,early (16–23),other dead ball,130,0.11538461538461539,0.014820187564351774,1.9266243833657306,1.3918432923559674,4068,0.01363511546828802,45412,333.23120302045123,0.002862679467982031,0.005781644593611148,1.7725650108774424
POR,rim,early (16–23),rebound push,2023,0.09095402867029165,0.00990335162052786,20.03448032832786,1.4159377167962615,67256,0.007182983062180963,45412,333.23120302045123,0.04454769664405884,0.060121861778647104,14.531174734792089
POR,rim,early (16–23),second chance,819,0.12942612942612944,0.015038633189601004,12.316640582283222,1.3656048999021284,24145,0.0127614196941752,45412,333.23120302045123,0.018034880648286795,0.036961246337808645,10.451602729529489
POR,rim,early (16–23),turnover attack,1094,0.04021937842778794,0.0036470144410902404,3.989833798552723,1.6152041746116739,39844,0.0037397852803434514,45412,333.23120302045123,0.024090548753633402,0.011973169866412111,4.091325096695736
POR,three,late (0–7),after a score,2382,0.00041981528127623844,7.207265841829338e-05,0.17167707235237484,1.2768955663066786,60211,6.620861986211196e-05,45412,333.23120302045123,0.05245309609794768,0.0005151890663187342,0.1577089325115507
POR,three,late (0–7),other dead ball,408,0.0,0.0,0.0,1.2704884857166818,11441,8.102951376710335e-05,45412,333.23120302045123,0.008984409407205143,0.0,0.03306004161697817
POR,three,late (0–7),rebound push,648,0.0030864197530864196,0.0003361413477286069,0.21781959332813727,1.2422212359688933,20544,8.273088640251868e-05,45412,333.23120302045123,0.014269356117325816,0.0006536590551958879,0.0536096143888321
POR,three,late (0–7),second chance,127,0.0,0.0,0.0,1.25415738153588,5203,0.00014020920454352797,45412,333.23120302045123,0.002796617634105523,0.0,0.017806568977028054
POR,three,late (0–7),turnover attack,295,0.0,0.0,0.0,1.259254509190903,8394,3.886883828135605e-05,45412,333.23120302045123,0.006496080331189994,0.0,0.011466307293000034
POR,three,middle (8–15),after a score,4089,0.001467351430667645,3.871771390817377e-05,0.15831673217052256,1.2693070481602948,109627,2.727384872646845e-05,45412,333.23120302045123,0.09004227957368097,0.0004750957615478952,0.1115227674425295
POR,three,middle (8–15),other dead ball,642,0.0,0.0,0.0,1.2593402091466466,17995,0.000119845929478456,45412,333.23120302045123,0.0141372324495728,0.0,0.07694108672516875
POR,three,middle (8–15),rebound push,2429,0.0,0.0,0.0,1.2696116995448297,61834,1.0404584197921159e-05,45412,333.23120302045123,0.05348806482867965,0.0,0.025272735016750494
POR,three,middle (8–15),second chance,650,0.0,0.0,0.0,1.272315916890503,19491,0.00013549020140558147,45412,333.23120302045123,0.014313397339910156,0.0,0.08806863091362796
POR,three,middle (8–15),turnover attack,737,0.0,0.0,0.0,1.2719727694889629,22045,1.0410916405124238e-05,45412,333.23120302045123,0.0162291905223289,0.0,0.0076728453905765635
POR,three,early (16–23),after a score,540,0.009259259259259259,0.00024002786793560885,0.12961504868522877,1.2770688844825668,21578,0.00010644479590490595,45412,333.23120302045123,0.011891130097771515,0.00038896432119915847,0.05748018978864921
POR,three,early (16–23),other dead ball,237,0.004219409282700422,2.937102754260699e-05,0.006960933527597857,1.263452178490268,5022,0.00031789892876931915,45412,333.23120302045123,0.005218884876244165,2.0889200844647933e-05,0.07534204611832863
POR,three,early (16–23),rebound push,2328,0.002147766323024055,8.642540734701602e-05,0.2011983483038533,1.296000661003081,72214,2.1681045396897346e-05,45412,333.23120302045123,0.051263983088170526,0.0006037800376440295,0.05047347368397702
POR,three,early (16–23),second chance,462,0.0,0.0,0.0,1.2877030274466308,13045,0.0002206650063292304,45412,333.23120302045123,0.010173522416982295,0.0,0.10194723292410444
POR,three,early (16–23),turnover attack,637,0.0,0.0,0.0,1.3236441498475544,18922,1.8362996595510883e-05,45412,333.23120302045123,0.014027129393111952,0.0,0.011697228831340433
SAC,mid-range,late (0–7),after a score,1163,0.01117798796216681,0.0008043986833384422,0.9355156687226083,0.9307440989221977,37774,0.0013628006063988987,44613,444.40545233795933,0.026068634702889292,0.002105094939319448,1.5849371052419192
SAC,mid-range,late (0–7),other dead ball,224,0.008928571428571428,0.0010478276600478047,0.23471339585070827,0.9229212502388375,7164,0.0014651568720382769,44613,444.40545233795933,0.005020958016721583,0.0005281514765759772,0.328195139336574
SAC,mid-range,late (0–7),rebound push,439,0.009111617312072893,0.0011303363437399907,0.4962176549018559,0.9117244028273038,13361,0.001897253901621738,44613,444.40545233795933,0.00984018111312846,0.0011165876842674169,0.832894462811943
SAC,mid-range,late (0–7),second chance,72,0.027777777777777776,0.0009718529218909462,0.06997341037614813,0.9112844243951967,2573,0.0020484346194213784,44613,444.40545233795933,0.0016138793625176519,0.00015745398713725746,0.14748729259833923
SAC,mid-range,late (0–7),turnover attack,187,0.016042780748663103,0.001139355220456121,0.2130594262252946,0.9321219763197702,5618,0.001703101156536643,44613,444.40545233795933,0.004191603344316679,0.0004794257701034419,0.3184799162723523
SAC,mid-range,middle (8–15),after a score,1953,0.1817716333845366,0.008720009295878428,17.03017815485057,0.9371761672049764,59116,0.009230823245253882,44613,444.40545233795933,0.04377647770829131,0.038321262858628344,18.02779779798083
SAC,mid-range,middle (8–15),other dead ball,439,0.29157175398633256,0.018494971647563373,8.11929255328032,0.9058856515255972,11785,0.017592352363402647,44613,444.40545233795933,0.00984018111312846,0.018270011113873105,7.723042687533762
SAC,mid-range,middle (8–15),rebound push,1085,0.22672811059907835,0.010896345122344086,11.822534457743334,0.9280223679988749,34308,0.01320737556514952,44613,444.40545233795933,0.02432026539349517,0.02660303647389229,14.330002488187228
SAC,mid-range,middle (8–15),second chance,221,0.22624434389140272,0.01060005024103471,2.3426111032686707,0.9237931795769058,6250,0.01419988631121416,44613,444.40545233795933,0.004953713043283348,0.005271337448594517,3.1381748747783296
SAC,mid-range,middle (8–15),turnover attack,449,0.21158129175946547,0.0095767320862004,4.29995270670398,0.9341613644364853,12275,0.012774855296131201,44613,444.40545233795933,0.010064331024589245,0.009675742464640088,5.735910027962909
SAC,mid-range,early (16–23),after a score,327,0.41590214067278286,0.027574234555642556,9.016774699695116,0.9514401913565399,6626,0.020990360954200912,44613,444.40545233795933,0.007329702104767669,0.02028952311961754,6.863848032023698
SAC,mid-range,early (16–23),other dead ball,104,0.5865384615384616,0.04348808282624555,4.522760613929537,0.9216695271530843,3632,0.03569070903022185,44613,444.40545233795933,0.002331159079192164,0.010177104241489121,3.711833739143072
SAC,mid-range,early (16–23),rebound push,593,0.37436762225969644,0.021222328409029167,12.584840746554296,0.9630101354923977,18399,0.020208350650541707,44613,444.40545233795933,0.013292089749624548,0.028318376114305266,11.983551935771233
SAC,mid-range,early (16–23),second chance,172,0.622093023255814,0.04148067546139583,7.134676179360083,0.9406489830539572,5438,0.039655743631359645,44613,444.40545233795933,0.0038553784771255015,0.01605442989465021,6.820787904593859
SAC,mid-range,early (16–23),turnover attack,143,0.3776223776223776,0.017914493938840557,2.5617726332541997,0.9725995587407085,3273,0.021689207581074777,44613,444.40545233795933,0.0032053437338892253,0.005764494156804438,3.1015566840936932
SAC,other,late (0–7),after a score,1,1.0,0.35604496018857995,0.35604496018857995,0.2231182883758171,13,,44613,444.40545233795933,2.2414991146078496e-05,0.0008011714489898215,
SAC,other,late (0–7),second chance,1,1.0,0.4578250096994387,0.4578250096994387,0.2231182883758171,2,,44613,444.40545233795933,2.2414991146078496e-05,0.0010301966532833492,
SAC,other,middle (8–15),other dead ball,1,1.0,0.653413755909229,0.653413755909229,0.2231182883758171,5,,44613,444.40545233795933,2.2414991146078496e-05,0.0014703099443800795,
SAC,paint (non-RA),late (0–7),after a score,1268,0.10094637223974763,0.011523679846853775,14.612026045810588,0.9727731471484806,34630,0.012700564811662521,44613,444.40545233795933,0.028422208773227535,0.0328799432341314,16.10431618118808
SAC,paint (non-RA),late (0–7),other dead ball,280,0.09285714285714286,0.0080618275496527,2.257311713902756,0.9726154087571489,7248,0.010104988280229639,44613,444.40545233795933,0.006276197520901979,0.005079396983154308,2.8293967184642987
SAC,paint (non-RA),late (0–7),rebound push,401,0.12468827930174564,0.010854642765537952,4.3527117489807186,0.955332808541106,11060,0.015217063988591456,44613,444.40545233795933,0.008988411449577478,0.009794460725181628,6.102042659425174
SAC,paint (non-RA),late (0–7),second chance,95,0.07368421052631578,0.007672940448555277,0.7289293426127513,0.9881798286310548,2713,0.010103361481748192,44613,444.40545233795933,0.002129424158877457,0.0016402349223618854,0.9598193407660782
SAC,paint (non-RA),late (0–7),turnover attack,183,0.13114754098360656,0.015155794447149594,2.7735103838283757,0.9564424083723702,5206,0.015698449223662616,44613,444.40545233795933,0.004101943379732365,0.006240945895774451,2.8728162079302586
SAC,paint (non-RA),middle (8–15),after a score,2279,0.19964896884598507,0.029579429353229512,67.41151949601006,1.001502451248906,53931,0.02844624805676054,44613,444.40545233795933,0.051083764821912896,0.15168922690162062,64.82899932135727
SAC,paint (non-RA),middle (8–15),other dead ball,381,0.23097112860892388,0.03532806669873281,13.459993412217202,0.9785393960132334,9624,0.033404863515880075,44613,444.40545233795933,0.008540111626655907,0.030287642380186663,12.72725299955031
SAC,paint (non-RA),middle (8–15),rebound push,1305,0.18850574712643678,0.028459992768813794,37.140290563302,1.0084545628719914,32822,0.032959406317193386,44613,444.40545233795933,0.02925156344563244,0.0835729858126442,43.012025243937366
SAC,paint (non-RA),middle (8–15),second chance,269,0.20074349442379183,0.025489522180683347,6.8566814666038205,1.0141709282654523,7538,0.02877018277862828,44613,444.40545233795933,0.006029632618295116,0.015428886910661672,7.739179167451008
SAC,paint (non-RA),middle (8–15),turnover attack,497,0.21327967806841047,0.03272496345338219,16.26430683633095,0.9932789294115958,11228,0.03156854800129544,44613,444.40545233795933,0.011140250599601014,0.036597901197581044,15.689568356643832
SAC,paint (non-RA),early (16–23),after a score,405,0.2345679012345679,0.040926448241282026,16.57521153771922,1.0368008069444943,6380,0.03730405591916841,44613,444.40545233795933,0.009078071414161792,0.03729749815291236,15.108142647263206
SAC,paint (non-RA),early (16–23),other dead ball,71,0.43661971830985913,0.08321399247818809,5.908193465951354,0.9423406345365883,2153,0.04870651855549135,44613,444.40545233795933,0.0015914643713715734,0.013294601663568969,3.458162817439886
SAC,paint (non-RA),early (16–23),rebound push,902,0.26274944567627495,0.04587144955076971,41.37604749479428,1.0343897056760534,21284,0.0405823070642736,44613,444.40545233795933,0.020218322013762804,0.09310427510985805,36.60524097197479
SAC,paint (non-RA),early (16–23),second chance,245,0.34285714285714286,0.059791542683840425,14.648927957540904,1.0523646508512503,5265,0.05486110841304818,44613,444.40545233795933,0.005491672830789232,0.032962979820510295,13.440971561196804
SAC,paint (non-RA),early (16–23),turnover attack,169,0.3254437869822485,0.058404802616356936,9.870411642164322,1.00322664053561,4704,0.04263414850085676,44613,444.40545233795933,0.003788133503687266,0.022210374760789655,7.205171096644793
SAC,rim,late (0–7),after a score,1282,0.014820592823712949,0.0028385864374620576,3.639067812826358,1.294686975292687,41090,0.003322965709581713,44613,444.40545233795933,0.028736018649272634,0.008188620984917478,4.260042039683756
SAC,rim,late (0–7),other dead ball,220,0.01818181818181818,0.005166319425293693,1.1365902735646123,1.3190895014768345,7953,0.002359383082515829,44613,444.40545233795933,0.004931298052137269,0.0025575524953286655,0.5190642781534823
SAC,rim,late (0–7),rebound push,451,0.028824833702882482,0.006553428427781146,2.9555962209292965,1.2738087823279696,13518,0.003873904942650122,44613,444.40545233795933,0.010109161006881402,0.006650674975701331,1.747131129135205
SAC,rim,late (0–7),second chance,112,0.008928571428571428,0.001843035216695804,0.20641994426993004,1.314893790876763,3903,0.0016886623877104521,44613,444.40545233795933,0.0025104790083607916,0.0004644856249714794,0.18913018742357063
SAC,rim,late (0–7),turnover attack,167,0.011976047904191617,0.0010681421200784986,0.17837973405310925,1.3314772261322476,6300,0.0027858161705283783,44613,444.40545233795933,0.003743303521395109,0.00040138961642949397,0.4652313004782392
SAC,rim,middle (8–15),after a score,2616,0.05007645259938838,0.006848430871047593,17.915495158660505,1.3649921215642584,80264,0.006276070530141061,44613,444.40545233795933,0.05863761683814135,0.04031340089193194,16.418200506849015
SAC,rim,middle (8–15),other dead ball,451,0.04878048780487805,0.0061473950550608395,2.772475169832439,1.3478907394346675,13325,0.00717740353863139,44613,444.40545233795933,0.010109161006881402,0.006238616459916968,3.237008995922757
SAC,rim,middle (8–15),rebound push,1433,0.07048150732728542,0.011798104289942999,16.906683447488316,1.3307211615479442,48083,0.007346732546098074,44613,444.40545233795933,0.032120682312330485,0.03804337538737307,10.52786773855854
SAC,rim,middle (8–15),second chance,1207,0.028169014084507043,0.00218488302830012,2.6371538151582445,1.3638690802225586,36772,0.002271262334085996,44613,444.40545233795933,0.027054894313316747,0.0059341166974539155,2.741413637241797
SAC,rim,middle (8–15),turnover attack,537,0.06890130353817504,0.010048163936792951,5.395864034057815,1.3403398417071974,17089,0.006075804770359153,44613,444.40545233795933,0.012036850245444153,0.012141759300366085,3.262707161682865
SAC,rim,early (16–23),after a score,817,0.0832313341493268,0.008491764458215725,6.937771562362247,1.3883073088630757,16978,0.007446752802776915,44613,444.40545233795933,0.01831304776634613,0.015611355634507931,6.0839970398687395
SAC,rim,early (16–23),other dead ball,107,0.11214953271028037,0.01855034794804789,1.984887230441124,1.3757518120297698,4068,0.01363511546828802,44613,444.40545233795933,0.0023984040526303994,0.004466388114724718,1.458957355106818
SAC,rim,early (16–23),rebound push,2228,0.10816876122082585,0.010606093759275898,23.6303768956667,1.405833223214158,67256,0.007182983062180963,44613,444.40545233795933,0.04994060027346289,0.05317301300276663,16.003686262539187
SAC,rim,early (16–23),second chance,768,0.20572916666666666,0.015952770462251766,12.251727715009356,1.2731190796843712,24145,0.0127614196941752,44613,444.40545233795933,0.017214713200188286,0.02756880603186709,9.800770325126553
SAC,rim,early (16–23),turnover attack,1449,0.05866114561766736,0.005292587462967581,7.668959233840025,1.558627575856826,39844,0.0037397852803434514,44613,444.40545233795933,0.03247932217066774,0.017256672242643798,5.418948871217661
SAC,three,late (0–7),after a score,1796,0.0005567928730512249,9.314175106091749e-05,0.16728258490540782,1.2752602562100965,60211,6.620861986211196e-05,44613,444.40545233795933,0.04025732409835698,0.0003764188401050344,0.11891068127235307
SAC,three,late (0–7),other dead ball,376,0.0,0.0,0.0,1.2664970598633614,11441,8.102951376710335e-05,44613,444.40545233795933,0.008428036670925515,0.0,0.030467097176430858
SAC,three,late (0–7),rebound push,618,0.0,0.0,0.0,1.2492538537084419,20544,8.273088640251868e-05,44613,444.40545233795933,0.013852464528276511,0.0,0.05112768779675654
SAC,three,late (0–7),second chance,149,0.0,0.0,0.0,1.2533013616532305,5203,0.00014020920454352797,44613,444.40545233795933,0.003339833680765696,0.0,0.02089117147698567
SAC,three,late (0–7),turnover attack,275,0.0,0.0,0.0,1.2611571729339786,8394,3.886883828135605e-05,44613,444.40545233795933,0.006164122565171587,0.0,0.010688930527372914
SAC,three,middle (8–15),after a score,3320,0.0,0.0,0.0,1.2672269486593404,109627,2.727384872646845e-05,44613,444.40545233795933,0.07441777060498062,0.0,0.09054917777187525
SAC,three,middle (8–15),other dead ball,595,0.0,0.0,0.0,1.2448220134105987,17995,0.000119845929478456,44613,444.40545233795933,0.013336919731916705,0.0,0.07130832803968132
SAC,three,middle (8–15),rebound push,1746,0.0,0.0,0.0,1.265395513680579,61834,1.0404584197921159e-05,44613,444.40545233795933,0.03913657454105306,0.0,0.018166404009570345
SAC,three,middle (8–15),second chance,638,0.001567398119122257,3.883159135907723e-05,0.02477455528709127,1.2881443269883024,19491,0.00013549020140558147,44613,444.40545233795933,0.014300764351198082,5.574764026128742e-05,0.08644274849676098
SAC,three,middle (8–15),turnover attack,673,0.0,0.0,0.0,1.2567400994002342,22045,1.0410916405124238e-05,44613,444.40545233795933,0.015085289041310828,0.0,0.0070065467406486125
SAC,three,early (16–23),after a score,844,0.002369668246445498,0.00014393862629441363,0.1214842005924851,1.2807539677477646,21578,0.00010644479590490595,44613,444.40545233795933,0.018918252527290253,0.0002733634341193892,0.08983940774374062
SAC,three,early (16–23),other dead ball,118,0.0,0.0,0.0,1.252596392936194,5022,0.00031789892876931915,44613,444.40545233795933,0.0026449689552372627,0.0,0.03751207359477966
SAC,three,early (16–23),rebound push,2259,0.0,0.0,0.0,1.2904813987482444,72214,2.1681045396897346e-05,44613,444.40545233795933,0.050635464998991325,0.0,0.0489774815515911
SAC,three,early (16–23),second chance,386,0.0051813471502590676,0.002036871789458538,0.7862325107309956,1.2706133372369703,13045,0.0002206650063292304,44613,444.40545233795933,0.0086521865823863,0.001769178363124774,0.08517669244308293
SAC,three,early (16–23),turnover attack,651,0.0,0.0,0.0,1.3167607400356511,18922,1.8362996595510883e-05,44613,444.40545233795933,0.014592159236097102,0.0,0.011954310783677586
SAS,mid-range,late (0–7),after a score,1879,0.026077700904736562,0.0011247453714343396,2.113396552925124,0.9598635215624776,37774,0.0013628006063988987,44694,364.23678782508273,0.04204143732939544,0.005802260023059614,2.5607023394235306
SAS,mid-range,late (0–7),other dead ball,343,0.029154518950437316,0.0009029787553949366,0.30972171310046326,0.9500489991502482,7164,0.0014651568720382769,44694,364.23678782508273,0.007674408197968407,0.0008503306734881507,0.502548807109129
SAS,mid-range,late (0–7),rebound push,651,0.047619047619047616,0.0017539788677634548,1.141840242914009,0.9297792582219309,13361,0.001897253901621738,44694,364.23678782508273,0.0145657135185931,0.003134884451765906,1.2351122899557514
SAS,mid-range,late (0–7),second chance,152,0.02631578947368421,0.0012058541479492081,0.18328983048827963,0.9493453843687149,2573,0.0020484346194213784,44694,364.23678782508273,0.003400903924464134,0.0005032161402002612,0.31136206215204953
SAS,mid-range,late (0–7),turnover attack,334,0.017964071856287425,0.00042670894027764305,0.14252078605273277,0.95191930219098,5618,0.001703101156536643,44694,364.23678782508273,0.007473038886651452,0.000391286083165151,0.5688357862832388
SAS,mid-range,middle (8–15),after a score,2872,0.14763231197771587,0.007517800570269778,21.591123237814802,0.9643357572200697,59116,0.009230823245253882,44694,364.23678782508273,0.06425918467803285,0.05927771153138847,26.51092436036915
SAS,mid-range,middle (8–15),other dead ball,543,0.1694290976058932,0.010417326018623666,5.656608028112651,0.9451112842050033,11785,0.017592352363402647,44694,364.23678782508273,0.012149281782789637,0.015530029412704796,9.552647333327638
SAS,mid-range,middle (8–15),rebound push,1786,0.2032474804031355,0.011152799426054776,19.91889977493383,0.9528797391647826,34308,0.01320737556514952,44694,364.23678782508273,0.039960621112453576,0.05468667757003028,23.588372759357043
SAS,mid-range,middle (8–15),second chance,330,0.2,0.013324153781840091,4.39697074800723,0.9456017030623233,6250,0.01419988631121416,44694,364.23678782508273,0.007383541414955027,0.012071737108879802,4.685962482700673
SAS,mid-range,middle (8–15),turnover attack,555,0.1873873873873874,0.011864127990781022,6.584591034883467,0.9557476366378882,12275,0.012774855296131201,44694,364.23678782508273,0.01241777419787891,0.018077775927580336,7.090044689352816
SAS,mid-range,early (16–23),after a score,270,0.2777777777777778,0.016679687156159247,4.5035155321629965,0.9918131790668477,6626,0.020990360954200912,44694,364.23678782508273,0.006041079339508659,0.012364252274061118,5.667397457634246
SAS,mid-range,early (16–23),other dead ball,154,0.5194805194805194,0.038485252183296945,5.9267288362277295,0.9445616426946251,3632,0.03569070903022185,44694,364.23678782508273,0.003445652660312346,0.01627163711720937,5.496369190654164
SAS,mid-range,early (16–23),rebound push,896,0.27120535714285715,0.015249857550849413,13.663872365561074,0.9930558106791014,18399,0.020208350650541707,44694,364.23678782508273,0.020047433659999104,0.037513707627256115,18.10668218288537
SAS,mid-range,early (16–23),second chance,200,0.615,0.04310728816836108,8.621457633672216,0.9562542253649794,5438,0.039655743631359645,44694,364.23678782508273,0.004474873584821229,0.023669925504099534,7.931148726271929
SAS,mid-range,early (16–23),turnover attack,135,0.3037037037037037,0.022094567598255,2.982766625764425,0.9895095814427032,3273,0.021689207581074777,44694,364.23678782508273,0.0030205396697543293,0.008189086675113217,2.928043023445095
SAS,other,late (0–7),after a score,1,1.0,0.1827072297696838,0.1827072297696838,0.584406046722399,13,,44694,364.23678782508273,2.2374367924106146e-05,0.000501616629282996,
SAS,paint (non-RA),late (0–7),after a score,1295,0.09343629343629344,0.011164322691453548,14.457797885432345,1.021362801576653,34630,0.012700564811662521,44694,364.23678782508273,0.028974806461717458,0.039693403765616905,16.447231431102963
SAS,paint (non-RA),late (0–7),other dead ball,256,0.0703125,0.006428211410005016,1.645622120961284,1.0169010354503745,7248,0.010104988280229639,44694,364.23678782508273,0.005727838188571173,0.004518000860889319,2.5868769997387875
SAS,paint (non-RA),late (0–7),rebound push,412,0.12864077669902912,0.01631842423077048,6.723190783077438,0.9867039104214651,11060,0.015217063988591456,44694,364.23678782508273,0.009218239584731731,0.018458296931572197,6.26943036329968
SAS,paint (non-RA),late (0–7),second chance,103,0.1262135922330097,0.013397450598239177,1.3799374116186351,0.980685500681462,2713,0.010103361481748192,44694,364.23678782508273,0.002304559896182933,0.003788572318184735,1.0406462326200638
SAS,paint (non-RA),late (0–7),turnover attack,235,0.13191489361702127,0.020286851438532046,4.767410088055031,1.0063015948902234,5206,0.015698449223662616,44694,364.23678782508273,0.005257976462164944,0.013088766009940989,3.6891355675607147
SAS,paint (non-RA),middle (8–15),after a score,2143,0.16098926738217453,0.0231041469173029,49.512186843780114,1.0509532838121871,53931,0.02844624805676054,44694,364.23678782508273,0.047948270461359466,0.13593406404505556,60.96030958563784
SAS,paint (non-RA),middle (8–15),other dead ball,396,0.18434343434343434,0.027302279752992438,10.811702782185005,1.0222995170021036,9624,0.033404863515880075,44694,364.23678782508273,0.008860249697946033,0.029683170793217913,13.22832595228851
SAS,paint (non-RA),middle (8–15),rebound push,1368,0.17690058479532164,0.0311197554203086,42.571825414982165,1.0316313094006955,32822,0.032959406317193386,44694,364.23678782508273,0.030608135320177206,0.1168795323206793,45.088467841920554
SAS,paint (non-RA),middle (8–15),second chance,258,0.18604651162790697,0.024982602847035372,6.445511534535126,1.0391692352834017,7538,0.02877018277862828,44694,364.23678782508273,0.005772586924419385,0.01769593777998737,7.422707156886097
SAS,paint (non-RA),middle (8–15),turnover attack,415,0.15421686746987953,0.023318868133118918,9.677330275244351,1.0548639672602234,11228,0.03156854800129544,44694,364.23678782508273,0.009285362688504049,0.026568788762467595,13.100947420537606
SAS,paint (non-RA),early (16–23),after a score,191,0.16753926701570682,0.034280969176234403,6.547665112660771,1.098053757597143,6380,0.03730405591916841,44694,364.23678782508273,0.004273504273504274,0.017976397034901243,7.125074680561166
SAS,paint (non-RA),early (16–23),other dead ball,69,0.18840579710144928,0.03852346182799298,2.658118866131516,1.0682219537978535,2153,0.04870651855549135,44694,364.23678782508273,0.001543831386763324,0.007297777036755615,3.360749780328903
SAS,paint (non-RA),early (16–23),rebound push,893,0.19932810750279956,0.03042124186760482,27.166168987771105,1.0838927297422416,21284,0.0405823070642736,44694,364.23678782508273,0.019980310556226788,0.07458381441914401,36.240000208396324
SAS,paint (non-RA),early (16–23),second chance,160,0.2875,0.046702128389781994,7.472340542365119,1.0783948351695607,5265,0.05486110841304818,44694,364.23678782508273,0.003579898867856983,0.02051506270682784,8.777777346087708
SAS,paint (non-RA),early (16–23),turnover attack,156,0.2564102564102564,0.038285937066347656,5.972606182350234,1.1013778179071165,4704,0.04263414850085676,44694,364.23678782508273,0.0034904013961605585,0.016397591846813827,6.650927166133655
SAS,rim,late (0–7),after a score,1231,0.017871649065800164,0.002901852689474364,3.5721806607429416,1.3718021517098937,41090,0.003322965709581713,44694,364.23678782508273,0.027542846914574662,0.009807303326149494,4.090570788495088
SAS,rim,late (0–7),other dead ball,205,0.02926829268292683,0.004019891545005911,0.8240777667262118,1.3445068951700683,7953,0.002359383082515829,44694,364.23678782508273,0.004586745424441759,0.0022624781303583158,0.4836735319157449
SAS,rim,late (0–7),rebound push,410,0.01707317073170732,0.0015760293216408492,0.6461720218727481,1.3665202298488877,13518,0.003873904942650122,44694,364.23678782508273,0.009173490848883518,0.0017740438183939263,1.58830102648655
SAS,rim,late (0–7),second chance,121,0.008264462809917356,0.0032411676208751175,0.3921812821258892,1.4040736902332214,3903,0.0016886623877104521,44694,364.23678782508273,0.0027072985188168436,0.0010767206807079197,0.20432814891296472
SAS,rim,late (0–7),turnover attack,189,0.010582010582010581,6.484491722346925e-05,0.012255689355235688,1.3877435332227894,6300,0.0027858161705283783,44694,364.23678782508273,0.004228755537656061,3.364758795622048e-05,0.5265192562298635
SAS,rim,middle (8–15),after a score,2357,0.04624522698345354,0.00622832577135004,14.680163843072044,1.4129244636660256,80264,0.006276070530141061,44694,364.23678782508273,0.05273638519711818,0.040303902114692196,14.792698239542482
SAS,rim,middle (8–15),other dead ball,357,0.058823529411764705,0.007933952717859233,2.8324211202757463,1.377480636464821,13325,0.00717740353863139,44694,364.23678782508273,0.007987649348905893,0.007776318084695933,2.562333063291406
SAS,rim,middle (8–15),rebound push,1559,0.061577934573444515,0.006584505599133624,10.265244229049319,1.3798933253773813,48083,0.007346732546098074,44694,364.23678782508273,0.03488163959368148,0.02818288699047882,11.453556039366896
SAS,rim,middle (8–15),second chance,1177,0.020390824129141887,0.0014924462469297613,1.756609232636329,1.4041509480280618,36772,0.002271262334085996,44694,364.23678782508273,0.02633463104667293,0.004822712288688162,2.6732757672192173
SAS,rim,middle (8–15),turnover attack,517,0.04061895551257253,0.003396717606507128,1.7561030025641853,1.4135190603091798,17089,0.006075804770359153,44694,364.23678782508273,0.011567548216762877,0.004821322450843483,3.141191066275682
SAS,rim,early (16–23),after a score,365,0.0821917808219178,0.00962494955632873,3.5131065880599865,1.4437514198283439,16978,0.007446752802776915,44694,364.23678782508273,0.008166644292298743,0.00964511742220581,2.718064773013574
SAS,rim,early (16–23),other dead ball,116,0.1206896551724138,0.009142875191461066,1.0605735222094836,1.459348398990137,4068,0.01363511546828802,44694,364.23678782508273,0.0025954266791963125,0.0029117693699813826,1.5816733943214103
SAS,rim,early (16–23),rebound push,1928,0.08973029045643154,0.006907571536335867,13.31779792205555,1.4452487592888614,67256,0.007182983062180963,44694,364.23678782508273,0.043137781357676645,0.03656357174018115,13.848791343884896
SAS,rim,early (16–23),second chance,614,0.11237785016286644,0.014555503428375326,8.93707910502245,1.3699159066370639,24145,0.0127614196941752,44694,364.23678782508273,0.013737861905401173,0.024536453767855813,7.835511692223572
SAS,rim,early (16–23),turnover attack,1107,0.04336043360433604,0.004010162393060818,4.439249769118325,1.6384764765979223,39844,0.0037397852803434514,44694,364.23678782508273,0.024768425291985502,0.012187812756711944,4.139942305340201
SAS,three,late (0–7),after a score,1745,0.001146131805157593,6.433214664948283e-05,0.11225959590334755,1.2756215976009009,60211,6.620861986211196e-05,44694,364.23678782508273,0.03904327202756522,0.0003082049909721308,0.11553404165938537
SAS,three,late (0–7),other dead ball,299,0.0,0.0,0.0,1.2695776269404755,11441,8.102951376710335e-05,44694,364.23678782508273,0.006689936009307737,0.0,0.024227824616363903
SAS,three,late (0–7),rebound push,608,0.0,0.0,0.0,1.2504096582108764,20544,8.273088640251868e-05,44694,364.23678782508273,0.013603615697856536,0.0,0.05030037893273136
SAS,three,late (0–7),second chance,143,0.0,0.0,0.0,1.243200898100946,5203,0.00014020920454352797,44694,364.23678782508273,0.0031995346131471784,0.0,0.0200499162497245
SAS,three,late (0–7),turnover attack,280,0.0,0.0,0.0,1.2571197791465143,8394,3.886883828135605e-05,44694,364.23678782508273,0.006264823018749721,0.0,0.010883274718779694
SAS,three,middle (8–15),after a score,2968,0.0010107816711590297,1.9946806631661268e-05,0.05920212208277065,1.2687209759137925,109627,2.727384872646845e-05,44694,364.23678782508273,0.06640712399874704,0.00016253745931671585,0.08094878302015836
SAS,three,middle (8–15),other dead ball,510,0.00196078431372549,0.00017968785361229355,0.0916408053422697,1.251008041541565,17995,0.000119845929478456,44694,364.23678782508273,0.011410927641294134,0.00025159678650108874,0.06112142403401256
SAS,three,middle (8–15),rebound push,1797,0.0,0.0,0.0,1.2661112372462662,61834,1.0404584197921159e-05,44694,364.23678782508273,0.04020673915961874,0.0,0.018697037803664322
SAS,three,middle (8–15),second chance,541,0.0,0.0,0.0,1.271364776921699,19491,0.00013549020140558147,44694,364.23678782508273,0.012104533046941424,0.0,0.07330019896041957
SAS,three,middle (8–15),turnover attack,514,0.0,0.0,0.0,1.2588776595532112,22045,1.0410916405124238e-05,44694,364.23678782508273,0.011500425112990558,0.0,0.005351211032233859
SAS,three,early (16–23),after a score,449,0.004454342984409799,0.0003143043662633536,0.14112266045224575,1.278624364006413,21578,0.00010644479590490595,44694,364.23678782508273,0.010046091197923658,0.000387447575778691,0.04779371336130277
SAS,three,early (16–23),other dead ball,121,0.0,0.0,0.0,1.2543201161003585,5022,0.00031789892876931915,44694,364.23678782508273,0.0027072985188168436,0.0,0.038465770381087616
SAS,three,early (16–23),rebound push,2084,0.0,0.0,0.0,1.290763588199748,72214,2.1681045396897346e-05,44694,364.23678782508273,0.046628182753837205,0.0,0.04518329860713407
SAS,three,early (16–23),second chance,332,0.0030120481927710845,0.0002949454303454767,0.09792188287469827,1.2851786927312268,13045,0.0002206650063292304,44694,364.23678782508273,0.007428290150803239,0.0002688412761912541,0.07326078210130449
SAS,three,early (16–23),turnover attack,599,0.0,0.0,0.0,1.313363062115766,18922,1.8362996595510883e-05,44694,364.23678782508273,0.01340224638653958,0.0,0.01099943496071102
TOR,mid-range,late (0–7),after a score,1325,0.018867924528301886,0.0015441915865205902,2.046053852139782,0.9523599724048653,37774,0.0013628006063988987,43961,346.7901635439606,0.030140351675348606,0.0058999766061139025,1.8057108034785407
TOR,mid-range,late (0–7),other dead ball,229,0.034934497816593885,0.0009422933635252091,0.2157851802472729,0.9410450394818584,7164,0.0014651568720382769,43961,346.7901635439606,0.005209162666909306,0.0006222355848911471,0.3355209236967654
TOR,mid-range,late (0–7),rebound push,451,0.05321507760532151,0.0030913687387763467,1.3942073011881324,0.9218327643837033,13361,0.001897253901621738,43961,346.7901635439606,0.010259093287231865,0.004020319627697274,0.8556615096314039
TOR,mid-range,late (0–7),second chance,88,0.045454545454545456,0.0015651174177014034,0.1377303327577235,0.9364928097010604,2573,0.0020484346194213784,43961,346.7901635439606,0.002001774299947681,0.00039715755300038727,0.1802622465090813
TOR,mid-range,late (0–7),turnover attack,192,0.03125,0.002028864701961192,0.3895420227765488,0.9417097874775328,5618,0.001703101156536643,43961,346.7901635439606,0.004367507563522213,0.0011232787539176231,0.32699542205503546
TOR,mid-range,middle (8–15),after a score,1630,0.1619631901840491,0.007808288559009301,12.72751035118516,0.9565647817365155,59116,0.009230823245253882,43961,346.7901635439606,0.03707831941948545,0.036700897802632644,15.046241889763827
TOR,mid-range,middle (8–15),other dead ball,351,0.3190883190883191,0.01869025881650629,6.560280844593708,0.9244226993135036,11785,0.017592352363402647,43961,346.7901635439606,0.007984349764564046,0.018917147988143843,6.174915679554329
TOR,mid-range,middle (8–15),rebound push,944,0.2468220338983051,0.01304064364348638,12.310367599451142,0.950193939883694,34308,0.01320737556514952,43961,346.7901635439606,0.021473578853984213,0.03549802991424994,12.467762533501146
TOR,mid-range,middle (8–15),second chance,194,0.3402061855670103,0.025039518751620287,4.857666637814336,0.9249030262656863,6250,0.01419988631121416,43961,346.7901635439606,0.004413002433975569,0.014007509867558735,2.7547779443755473
TOR,mid-range,middle (8–15),turnover attack,380,0.25526315789473686,0.014194212305250207,5.393800675995078,0.9515098008508626,12275,0.012774855296131201,43961,346.7901635439606,0.008644025386137713,0.015553499617388476,4.854445012529856
TOR,mid-range,early (16–23),after a score,154,0.3181818181818182,0.019319360940286832,2.9751815848041723,0.9856883997919996,6626,0.020990360954200912,43961,346.7901635439606,0.0035031050249084415,0.008579198309432516,3.2325155869469406
TOR,mid-range,early (16–23),other dead ball,93,0.4731182795698925,0.030110779893239615,2.800302530071284,0.9539711153295769,3632,0.03569070903022185,43961,346.7901635439606,0.0021155114760810717,0.008074919142613761,3.319235939810632
TOR,mid-range,early (16–23),rebound push,474,0.31223628691983124,0.01869648604244767,8.862134384120194,0.9859186020193527,18399,0.020208350650541707,43961,346.7901635439606,0.010782284297445464,0.025554745537056712,9.578758208356769
TOR,mid-range,early (16–23),second chance,152,0.625,0.04815612199976886,7.319730543964867,0.9484858987182493,5438,0.039655743631359645,43961,346.7901635439606,0.0034576101544550853,0.021107088128343023,6.027673031966666
TOR,mid-range,early (16–23),turnover attack,96,0.3333333333333333,0.028895292883700217,2.773948116835221,0.9707914992884997,3273,0.021689207581074777,43961,346.7901635439606,0.0021837537817611065,0.007998923869372043,2.0821639277831787
TOR,other,early (16–23),rebound push,2,1.0,0.6704789470192865,1.340957894038573,0.26032594252181285,3,,43961,346.7901635439606,4.549487045335638e-05,0.0038667702691878325,
TOR,paint (non-RA),late (0–7),after a score,1226,0.11256117455138662,0.014703408014233815,18.026378225450657,1.01215203382235,34630,0.012700564811662521,43961,346.7901635439606,0.027888355587907462,0.051980650319586,15.570892459098252
TOR,paint (non-RA),late (0–7),other dead ball,267,0.1198501872659176,0.012549192670989032,3.3506344431540716,1.0042454675642247,7248,0.010104988280229639,43961,346.7901635439606,0.006073565205523077,0.009661849716015174,2.6980318708213136
TOR,paint (non-RA),late (0–7),rebound push,389,0.12596401028277635,0.017434153062360524,6.781885541258244,0.9982983792581149,11060,0.015217063988591456,43961,346.7901635439606,0.008848752303177816,0.019556164661511638,5.919437891562077
TOR,paint (non-RA),late (0–7),second chance,111,0.17117117117117117,0.02562816645984965,2.844726477043311,0.9699967271301474,2713,0.010103361481748192,43961,346.7901635439606,0.002524965310161279,0.008203019508893024,1.1214731244740492
TOR,paint (non-RA),late (0–7),turnover attack,191,0.10471204188481675,0.009749530865784279,1.8621603953647972,1.028088853030993,5206,0.015698449223662616,43961,346.7901635439606,0.004344760128295534,0.005369703616546614,2.99840380171956
TOR,paint (non-RA),middle (8–15),after a score,1632,0.17647058823529413,0.026640809754704536,43.477801519677804,1.0410026655293187,53931,0.02844624805676054,43961,346.7901635439606,0.03712381428993881,0.12537207248142254,46.424276828633204
TOR,paint (non-RA),middle (8–15),other dead ball,344,0.1686046511627907,0.027542679186361045,9.4746816401082,1.03207286523233,9624,0.033404863515880075,43961,346.7901635439606,0.007825117717977299,0.02732107953490771,11.491273049462746
TOR,paint (non-RA),middle (8–15),rebound push,1058,0.1843100189035917,0.027336163667833407,28.921661160567744,1.0433361846135216,32822,0.032959406317193386,43961,346.7901635439606,0.024066786469825525,0.08339815888953699,34.8710518835906
TOR,paint (non-RA),middle (8–15),second chance,275,0.19272727272727272,0.030337143599202785,8.342714489780766,1.0332019742105658,7538,0.02877018277862828,43961,346.7901635439606,0.006255544687336503,0.02405695249404964,7.911800264122777
TOR,paint (non-RA),middle (8–15),turnover attack,396,0.18434343434343434,0.029799446252053465,11.800580715813172,1.0438803463098743,11228,0.03156854800129544,43961,346.7901635439606,0.009007984349764565,0.034028014506580086,12.501145008512994
TOR,paint (non-RA),early (16–23),after a score,201,0.26865671641791045,0.05067226358535475,10.185124980656305,1.0450137999841604,6380,0.03730405591916841,43961,346.7901635439606,0.004572234480562316,0.029369705520396614,7.498115239752851
TOR,paint (non-RA),early (16–23),other dead ball,61,0.29508196721311475,0.04358372638372601,2.658607309407287,1.0669151835665638,2153,0.04870651855549135,43961,346.7901635439606,0.0013875935488273697,0.007666328485900871,2.9710976318849722
TOR,paint (non-RA),early (16–23),rebound push,733,0.24965893587994542,0.041106964646577794,30.131405085941523,1.0635160698740656,21284,0.0405823070642736,43961,346.7901635439606,0.016673870021155116,0.08688656211588867,29.746831078112546
TOR,paint (non-RA),early (16–23),second chance,177,0.2542372881355932,0.04763663290753674,8.431684024634002,1.098370113752068,5265,0.05486110841304818,43961,346.7901635439606,0.00402629603512204,0.02431350398889029,9.710416189109527
TOR,paint (non-RA),early (16–23),turnover attack,180,0.2111111111111111,0.02941058646839778,5.293905564311601,1.0997973857919783,4704,0.04263414850085676,43961,346.7901635439606,0.004094538340802075,0.015265443258861413,7.674146730154217
TOR,rim,late (0–7),after a score,1393,0.021536252692031587,0.002268121820661303,3.159493696181195,1.327167583933396,41090,0.003322965709581713,43961,346.7901635439606,0.03168717727076272,0.00911067852644178,4.628891233447327
TOR,rim,late (0–7),other dead ball,286,0.027972027972027972,0.005275832904208976,1.508888210603767,1.3269636342605755,7953,0.002359383082515829,43961,346.7901635439606,0.006505766474829963,0.004351012137091639,0.674783561599527
TOR,rim,late (0–7),rebound push,434,0.029953917050691243,0.006664394962164766,2.8923474135795084,1.2933937137136318,13518,0.003873904942650122,43961,346.7901635439606,0.009872386888378335,0.008340338676338674,1.681274745110153
TOR,rim,late (0–7),second chance,147,0.013605442176870748,0.0035728075656193277,0.5252027121460412,1.3437786252744257,3903,0.0016886623877104521,43961,346.7901635439606,0.0033438729783216944,0.0015144683078055768,0.24823337099343645
TOR,rim,late (0–7),turnover attack,245,0.02040816326530612,0.0018772663191058308,0.45993024818092854,1.3442339071112437,6300,0.0027858161705283783,43961,346.7901635439606,0.0055731216305361575,0.0013262494053486204,0.6825249617794527
TOR,rim,middle (8–15),after a score,2329,0.050665521683125804,0.006365508957675079,14.825270362425258,1.3762957165654637,80264,0.006276070530141061,43961,346.7901635439606,0.05297877664293351,0.04274997367549597,14.616968264698531
TOR,rim,middle (8–15),other dead ball,395,0.07341772151898734,0.008479905340491176,3.349562609494015,1.341139293368231,13325,0.00717740353863139,43961,346.7901635439606,0.008985236914537885,0.009658758989193215,2.8350743977593993
TOR,rim,middle (8–15),rebound push,1450,0.06137931034482759,0.00544446946960172,7.894480730922494,1.3393703415310187,48083,0.007346732546098074,43961,346.7901635439606,0.032983781078683376,0.02276443094650162,10.652762191842207
TOR,rim,middle (8–15),second chance,1171,0.03159692570452605,0.003899161885744768,4.565918568207123,1.3645050684194462,36772,0.002271262334085996,43961,346.7901635439606,0.026637246650440163,0.013166228596412676,2.6596481932147014
TOR,rim,middle (8–15),turnover attack,536,0.04291044776119403,0.0048234949899029845,2.5853933145879995,1.4070377768480387,17089,0.006075804770359153,43961,346.7901635439606,0.012192625281499512,0.0074552094793203785,3.256631356912506
TOR,rim,early (16–23),after a score,574,0.078397212543554,0.006168284846748745,3.5405955020337796,1.437973035908131,16978,0.007446752802776915,43961,346.7901635439606,0.013057027820113282,0.01020961917100327,4.2744361087939495
TOR,rim,early (16–23),other dead ball,110,0.15454545454545454,0.023055473050022906,2.5361020355025197,1.337398053714321,4068,0.01363511546828802,43961,346.7901635439606,0.002502217874934601,0.007313073731922712,1.499862701511682
TOR,rim,early (16–23),rebound push,2318,0.0729076790336497,0.0071958710695402195,16.68002913919423,1.4398788422523576,67256,0.007182983062180963,43961,346.7901635439606,0.05272855485544005,0.048098334072499714,16.650154738135473
TOR,rim,early (16–23),second chance,997,0.160481444332999,0.011717569795983868,11.682417086595917,1.319863180149223,24145,0.0127614196941752,43961,346.7901635439606,0.022679192920998157,0.03368727926769758,12.723135435092674
TOR,rim,early (16–23),turnover attack,1467,0.03885480572597137,0.004349342236280316,6.380485060623223,1.6336162345270884,39844,0.0037397852803434514,43961,346.7901635439606,0.03337048747753691,0.01839869099924573,5.486265006263843
TOR,three,late (0–7),after a score,2198,0.0009099181073703367,0.00019684874318085384,0.4326735375115167,1.2757196738206893,60211,6.620861986211196e-05,43961,346.7901635439606,0.04999886262823867,0.0012476522779362776,0.1455265464569221
TOR,three,late (0–7),other dead ball,448,0.0,0.0,0.0,1.2679799822976083,11441,8.102951376710335e-05,43961,346.7901635439606,0.01019085098155183,0.0,0.0363012221676623
TOR,three,late (0–7),rebound push,695,0.0,0.0,0.0,1.2473711792941242,20544,8.273088640251868e-05,43961,346.7901635439606,0.015809467482541344,0.0,0.05749796604975048
TOR,three,late (0–7),second chance,154,0.0,0.0,0.0,1.2407044861228553,5203,0.00014020920454352797,43961,346.7901635439606,0.0035031050249084415,0.0,0.021592217499703307
TOR,three,late (0–7),turnover attack,328,0.003048780487804878,7.516194331967279e-05,0.024653117408852676,1.2639764454826308,8394,3.886883828135605e-05,43961,346.7901635439606,0.007461158754350447,7.108943678481106e-05,0.012748978956284783
TOR,three,middle (8–15),after a score,3445,0.0,0.0,0.0,1.268975307054095,109627,2.727384872646845e-05,43961,346.7901635439606,0.07836491435590637,0.0,0.0939584088626838
TOR,three,middle (8–15),other dead ball,661,0.0,0.0,0.0,1.2515540374429817,17995,0.000119845929478456,43961,346.7901635439606,0.015036054684834285,0.0,0.07921815938525942
TOR,three,middle (8–15),rebound push,1975,0.0,0.0,0.0,1.2699316156246414,61834,1.0404584197921159e-05,43961,346.7901635439606,0.04492618457268943,0.0,0.02054905379089429
TOR,three,middle (8–15),second chance,739,0.0,0.0,0.0,1.2767562978153608,19491,0.00013549020140558147,43961,346.7901635439606,0.016810354632515186,0.0,0.10012725883872471
TOR,three,middle (8–15),turnover attack,780,0.0,0.0,0.0,1.2634829899035325,22045,1.0410916405124238e-05,43961,346.7901635439606,0.01774299947680899,0.0,0.008120514795996906
TOR,three,early (16–23),after a score,709,0.004231311706629055,6.272498293594465e-05,0.044472012901584757,1.2782369214217366,21578,0.00010644479590490595,43961,346.7901635439606,0.01612793157571484,0.00012823896862330496,0.07546936029657832
TOR,three,early (16–23),other dead ball,138,0.0,0.0,0.0,1.26328101555284,5022,0.00031789892876931915,43961,346.7901635439606,0.0031391460612815907,0.0,0.04387005217016604
TOR,three,early (16–23),rebound push,2645,0.0,0.0,0.0,1.3098277086858092,72214,2.1681045396897346e-05,43961,346.7901635439606,0.06016696617456382,0.0,0.05734636507479348
TOR,three,early (16–23),second chance,498,0.002008032128514056,2.629871628111587e-05,0.013096760707995703,1.2882806337764938,13045,0.0002206650063292304,43961,346.7901635439606,0.01132822274288574,3.776566374938573e-05,0.10989117315195673
TOR,three,early (16–23),turnover attack,700,0.0,0.0,0.0,1.321558386702674,18922,1.8362996595510883e-05,43961,346.7901635439606,0.015923204658674736,0.0,0.012854097616857619
UTA,mid-range,late (0–7),after a score,1041,0.0345821325648415,0.002117829681683568,2.204660698632594,0.9452446917767693,37774,0.0013628006063988987,42885,401.8012954394828,0.02427422175585869,0.005486942734271619,1.4186754312612535
UTA,mid-range,late (0–7),other dead ball,169,0.029585798816568046,0.0012903597924627266,0.2180708049262008,0.9266351822782255,7164,0.0014651568720382769,42885,401.8012954394828,0.003940771831642766,0.0005427329563178212,0.2476115113744688
UTA,mid-range,late (0–7),rebound push,467,0.06209850107066381,0.0031252074200492637,1.459471865163006,0.9154023328730684,13361,0.001897253901621738,42885,401.8012954394828,0.010889588434184447,0.003632322448255581,0.8860175720573517
UTA,mid-range,late (0–7),second chance,76,0.02631578947368421,0.0020311939542548576,0.1543707405233692,0.9342384914168015,2573,0.0020484346194213784,42885,401.8012954394828,0.0017721814154133147,0.0003841967218013106,0.15568103107602477
UTA,mid-range,late (0–7),turnover attack,157,0.044585987261146494,0.0034663369597275275,0.5442149026772218,0.9372925988950722,5618,0.001703101156536643,42885,401.8012954394828,0.0036609537134196105,0.0013544378996637374,0.26738688157625295
UTA,mid-range,middle (8–15),after a score,1214,0.24794069192751236,0.012092992453207368,14.680892838193744,0.9609988041270408,59116,0.009230823245253882,42885,401.8012954394828,0.028308266293575843,0.036537694140921215,11.206219419738213
UTA,mid-range,middle (8–15),other dead ball,268,0.39552238805970147,0.025100638885204286,6.7269712212347486,0.9242838745463144,11785,0.017592352363402647,42885,401.8012954394828,0.006249271306983794,0.016742034676311614,4.7147504333919095
UTA,mid-range,middle (8–15),rebound push,818,0.3484107579462103,0.01885131224017151,15.420373412460295,0.9404281916468343,34308,0.01320737556514952,42885,401.8012954394828,0.01907426839221173,0.03837810775496325,10.803633212292308
UTA,mid-range,middle (8–15),second chance,132,0.38636363636363635,0.01971727503113628,2.602680304109989,0.9401132650520991,6250,0.01419988631121416,42885,401.8012954394828,0.0030779993004547046,0.006477530893132701,1.8743849930802692
UTA,mid-range,middle (8–15),turnover attack,261,0.30268199233716475,0.014767585930379072,3.8543399278289376,0.951746657010321,12275,0.012774855296131201,42885,401.8012954394828,0.00608604407135362,0.009592651819634212,3.3342372322902434
UTA,mid-range,early (16–23),after a score,103,0.34951456310679613,0.023885305095029674,2.4601864247880565,0.9746298701915272,6626,0.020990360954200912,42885,401.8012954394828,0.0024017721814154134,0.006122893212917969,2.162007178282694
UTA,mid-range,early (16–23),other dead ball,85,0.5294117647058824,0.04456213457434885,3.7877814388196525,0.9413576138407873,3632,0.03569070903022185,42885,401.8012954394828,0.001982045004080681,0.009427001559755172,3.033710267568857
UTA,mid-range,early (16–23),rebound push,360,0.37222222222222223,0.02597713626804664,9.35176905649679,0.9747983337616164,18399,0.020208350650541707,42885,401.8012954394828,0.008394543546694649,0.023274611512309834,7.275006234195015
UTA,mid-range,early (16–23),second chance,136,0.6544117647058824,0.047014436927208754,6.3939634221003905,0.9519680945880966,5438,0.039655743631359645,42885,401.8012954394828,0.0031712720065290895,0.015913247405304635,5.393181133864911
UTA,mid-range,early (16–23),turnover attack,72,0.4861111111111111,0.026729648151688906,1.9245346669216012,0.9784485207817694,3273,0.021689207581074777,42885,401.8012954394828,0.0016789087093389296,0.004789767202757724,1.561622945837384
UTA,other,late (0–7),after a score,1,1.0,0.33704291434896927,0.33704291434896927,0.34165124372663214,13,,42885,401.8012954394828,2.3318176518596245e-05,0.0008388298349817862,
UTA,paint (non-RA),late (0–7),after a score,1263,0.14489311163895488,0.01893075589931706,23.909544700837444,0.9898211127469689,34630,0.012700564811662521,42885,401.8012954394828,0.029450856942987057,0.05950589252004683,16.040813357129764
UTA,paint (non-RA),late (0–7),other dead ball,303,0.12871287128712872,0.017095911378228367,5.180061147603196,0.9754747399012562,7248,0.010104988280229639,42885,401.8012954394828,0.007065407485134663,0.012892096681613088,3.0618114489095807
UTA,paint (non-RA),late (0–7),rebound push,469,0.14925373134328357,0.018215499034416358,8.543069047141271,0.9739889260698029,11060,0.015217063988591456,42885,401.8012954394828,0.01093622478722164,0.021261925096077706,7.136803010649393
UTA,paint (non-RA),late (0–7),second chance,105,0.06666666666666667,0.008793392721888527,0.9233062357982953,1.0108316597200624,2713,0.010103361481748192,42885,401.8012954394828,0.002448408534452606,0.0022979175186292025,1.0608529555835602
UTA,paint (non-RA),late (0–7),turnover attack,171,0.14035087719298245,0.01928964760254906,3.2985297400358893,0.9848800858614177,5206,0.015698449223662616,42885,401.8012954394828,0.003987408184679958,0.008209355662798496,2.6844348172463075
UTA,paint (non-RA),middle (8–15),after a score,1756,0.22095671981776766,0.03441055783802621,60.42493956357403,1.012375865355759,53931,0.02844624805676054,42885,401.8012954394828,0.04094671796665501,0.15038512879228613,49.95161158767151
UTA,paint (non-RA),middle (8–15),other dead ball,370,0.24054054054054055,0.03711715502558795,13.73334735946754,0.9934228231104199,9624,0.033404863515880075,42885,401.8012954394828,0.008627725311880611,0.034179450179338676,12.359799500875628
UTA,paint (non-RA),middle (8–15),rebound push,1207,0.22949461474730737,0.03954735280627381,47.733654837172494,1.0105573949241913,32822,0.032959406317193386,42885,401.8012954394828,0.02814503905794567,0.11879915614747412,39.78200342485242
UTA,paint (non-RA),middle (8–15),second chance,274,0.3029197080291971,0.036921864604222566,10.116590901556982,1.009683068188225,7538,0.02877018277862828,42885,401.8012954394828,0.006389180366095371,0.02517809428785351,7.883030081344149
UTA,paint (non-RA),middle (8–15),turnover attack,330,0.24848484848484848,0.03738011061452127,12.33543650279202,1.0054011323190946,11228,0.03156854800129544,42885,401.8012954394828,0.007694998251136761,0.03070034029954968,10.417620840427494
UTA,paint (non-RA),early (16–23),after a score,154,0.24675324675324675,0.03680696329684615,5.668272347714307,1.0475127136998519,6380,0.03730405591916841,42885,401.8012954394828,0.003590999183863822,0.014107152993407989,5.744824611551936
UTA,paint (non-RA),early (16–23),other dead ball,56,0.30357142857142855,0.05242727870858289,2.9359276076806418,1.004084746666552,2153,0.04870651855549135,42885,401.8012954394828,0.0013058178850413897,0.007306914240954298,2.7275650391075157
UTA,paint (non-RA),early (16–23),rebound push,682,0.2756598240469208,0.04345209319431773,29.634327558524696,1.0313491959454653,21284,0.0405823070642736,42885,401.8012954394828,0.01590299638568264,0.07375368843973293,27.677133417834593
UTA,paint (non-RA),early (16–23),second chance,125,0.312,0.06113248200765524,7.641560250956905,1.057772074482401,5265,0.05486110841304818,42885,401.8012954394828,0.0029147720648245307,0.01901825687893492,6.857638551631022
UTA,paint (non-RA),early (16–23),turnover attack,130,0.33076923076923076,0.04749377538565988,6.174190800135785,1.0515543844687918,4704,0.04263414850085676,42885,401.8012954394828,0.0030313629474175117,0.01536627897971949,5.542439305111379
UTA,rim,late (0–7),after a score,1423,0.02178496134926212,0.005176447483620106,7.36608476919141,1.360246494498487,41090,0.003322965709581713,42885,401.8012954394828,0.033181765185962456,0.01833265560066083,4.728580204734778
UTA,rim,late (0–7),other dead ball,283,0.01060070671378092,0.0010580556306036505,0.29942974346083306,1.3473754708440917,7953,0.002359383082515829,42885,401.8012954394828,0.006599043954762737,0.0007452184621090442,0.6677054123519796
UTA,rim,late (0–7),rebound push,566,0.04240282685512368,0.00589529617226083,3.33673763349963,1.315363575293354,13518,0.003873904942650122,42885,401.8012954394828,0.013198087909525475,0.008304447176682116,2.192630197539969
UTA,rim,late (0–7),second chance,133,0.0,0.0,0.0,1.3419102595625898,3903,0.0016886623877104521,42885,401.8012954394828,0.003101317476973301,0.0,0.22459209756549015
UTA,rim,late (0–7),turnover attack,232,0.02586206896551724,0.006047025994763859,1.4029100307852154,1.3435655247254434,6300,0.0027858161705283783,42885,401.8012954394828,0.005409816952314329,0.003491551786190083,0.6463093515625837
UTA,rim,middle (8–15),after a score,2570,0.04824902723735409,0.006795164213845805,17.46357202958372,1.407777720968788,80264,0.006276070530141061,42885,401.8012954394828,0.05992771365279235,0.04346320489206584,16.129501262462526
UTA,rim,middle (8–15),other dead ball,463,0.04535637149028078,0.006077522569014443,2.8138929494536873,1.382169759545442,13325,0.00717740353863139,42885,401.8012954394828,0.010796315728110063,0.0070031953141811145,3.3231378383863337
UTA,rim,middle (8–15),rebound push,1788,0.053691275167785234,0.008416846378641677,15.04932132501132,1.387545457078047,48083,0.007346732546098074,42885,401.8012954394828,0.041692899615250086,0.03745463614932016,13.135957792423357
UTA,rim,middle (8–15),second chance,1169,0.029940119760479042,0.0025829066447356852,3.019417867696016,1.4152602423179275,36772,0.002271262334085996,42885,401.8012954394828,0.027258948350239013,0.007514704163393583,2.655105668546529
UTA,rim,middle (8–15),turnover attack,541,0.04805914972273567,0.007536527923398229,4.077261606558442,1.4035756300324118,17089,0.006075804770359153,42885,401.8012954394828,0.01261513349656057,0.010147457593681497,3.287010380764302
UTA,rim,early (16–23),after a score,387,0.082687338501292,0.004027075835766967,1.558478348441816,1.393418246775593,16978,0.007446752802776915,42885,401.8012954394828,0.009024134312696747,0.003878729028827997,2.881893334674666
UTA,rim,early (16–23),other dead ball,143,0.16783216783216784,0.023711632129114944,3.390763394463437,1.3551209278540992,4068,0.01363511546828802,42885,401.8012954394828,0.003334499242159263,0.008438906078574693,1.9498215119651867
UTA,rim,early (16–23),rebound push,1833,0.10365521003818876,0.008821837932909886,16.17042893102382,1.4026072398047675,67256,0.007182983062180963,42885,401.8012954394828,0.04274221755858692,0.04024484020972831,13.166407952977705
UTA,rim,early (16–23),second chance,737,0.16417910447761194,0.013901362574314223,10.245304217269583,1.3740181159767941,24145,0.0127614196941752,42885,401.8012954394828,0.017185496094205433,0.02549843500644631,9.405166314607122
UTA,rim,early (16–23),turnover attack,1074,0.04655493482309125,0.0036505053036581204,3.920642696128821,1.581735648794919,39844,0.0037397852803434514,42885,401.8012954394828,0.02504372158097237,0.009757665643761789,4.016529391088866
UTA,three,late (0–7),after a score,2286,0.0,0.0,0.0,1.2845077601084223,60211,6.620861986211196e-05,42885,401.8012954394828,0.053305351521511016,0.0,0.15135290500478793
UTA,three,late (0–7),other dead ball,555,0.0,0.0,0.0,1.2839453879225788,11441,8.102951376710335e-05,42885,401.8012954394828,0.012941587967820916,0.0,0.04497138014074236
UTA,three,late (0–7),rebound push,935,0.0,0.0,0.0,1.2566621941240474,20544,8.273088640251868e-05,42885,401.8012954394828,0.02180249504488749,0.0,0.07735337878635497
UTA,three,late (0–7),second chance,242,0.004132231404958678,0.0009361634965641488,0.226551566168524,1.2598780489461743,5203,0.00014020920454352797,42885,401.8012954394828,0.005642998717500292,0.0005638398102244198,0.033930627499533766
UTA,three,late (0–7),turnover attack,335,0.0,0.0,0.0,1.2708956057358758,8394,3.886883828135605e-05,42885,401.8012954394828,0.007811589133729742,0.0,0.013021060824254275
UTA,three,middle (8–15),after a score,3609,0.0022166805209199226,0.00012902276191568035,0.4656431477536904,1.2770678943173965,109627,2.727384872646845e-05,42885,401.8012954394828,0.08415529905561385,0.0011588891151890852,0.09843132005382464
UTA,three,middle (8–15),other dead ball,688,0.0029069767441860465,0.0005426427382258591,0.3733382038993911,1.2600348728560176,17995,0.000119845929478456,42885,401.8012954394828,0.01604290544479422,0.000929161274831234,0.08245399948117772
UTA,three,middle (8–15),rebound push,2425,0.0,0.0,0.0,1.2780513968009952,61834,1.0404584197921159e-05,42885,401.8012954394828,0.05654657805759589,0.0,0.02523111667995881
UTA,three,middle (8–15),second chance,737,0.0013568521031207597,6.6294395474202e-05,0.04885896946448687,1.2790167347070287,19491,0.00013549020140558147,42885,401.8012954394828,0.017185496094205433,0.00012159983061041611,0.09985627843591355
UTA,three,middle (8–15),turnover attack,719,0.0013908205841446453,3.0741416114575986e-05,0.022103078186380132,1.2720088466331747,22045,1.0410916405124238e-05,42885,401.8012954394828,0.0167657689168707,5.5009972434768277e-05,0.007485448895284327
UTA,three,early (16–23),after a score,604,0.0016556291390728477,8.656733457677049e-05,0.05228667008436938,1.2786415475649242,21578,0.00010644479590490595,42885,401.8012954394828,0.014084178617232133,0.00013013066577393485,0.06429265672656319
UTA,three,early (16–23),other dead ball,197,0.005076142131979695,0.00042039134760087326,0.08281709547737204,1.2708508590072356,5022,0.00031789892876931915,42885,401.8012954394828,0.00459368077416346,0.00020611455567057902,0.06262608896755588
UTA,three,early (16–23),rebound push,2369,0.0008442380751371887,1.746218896738124e-05,0.04136792566372616,1.3039449648708688,72214,2.1681045396897346e-05,42885,401.8012954394828,0.055240760172554505,0.0001029561779249086,0.051362396545249815
UTA,three,early (16–23),second chance,388,0.0,0.0,0.0,1.2743040900699307,13045,0.0002206650063292304,42885,401.8012954394828,0.009047452489215343,0.0,0.08561802245574139
UTA,three,early (16–23),turnover attack,699,0.0,0.0,0.0,1.3206994066401088,18922,1.8362996595510883e-05,42885,401.8012954394828,0.016299405386498777,0.0,0.012835734620262107
WAS,mid-range,late (0–7),after a score,1450,0.016551724137931035,0.0010517603761654067,1.5250525454398396,0.9484251864463484,37774,0.0013628006063988987,45313,420.4067250031271,0.031999646900447994,0.003627564581485931,1.9760608792784031
WAS,mid-range,late (0–7),other dead ball,290,0.017241379310344827,0.0014202502117428633,0.4118725614054304,0.9355450572884751,7164,0.0014651568720382769,45313,420.4067250031271,0.006399929380089599,0.0009797002210237401,0.4248954928911003
WAS,mid-range,late (0–7),rebound push,480,0.022916666666666665,0.001555652397500718,0.7467131508003446,0.9156062212769117,13361,0.001897253901621738,45313,420.4067250031271,0.010592986560148301,0.001776168425457015,0.9106818727784343
WAS,mid-range,late (0–7),second chance,93,0.053763440860215055,0.005049658326273398,0.46961822434342604,0.9216347853969037,2573,0.0020484346194213784,45313,420.4067250031271,0.0020523911460287336,0.001117056879477684,0.1905044196061882
WAS,mid-range,late (0–7),turnover attack,240,0.0125,0.0009446382995615589,0.22671319189477412,0.9383710488124299,5618,0.001703101156536643,45313,420.4067250031271,0.005296493280074151,0.0005392710877617093,0.40874427756879433
WAS,mid-range,middle (8–15),after a score,2586,0.14617169373549885,0.007453043888493757,19.273571495644855,0.9537600501428142,59116,0.009230823245253882,45313,420.4067250031271,0.05706971509279898,0.04584505991311507,23.87090891222654
WAS,mid-range,middle (8–15),other dead ball,465,0.22365591397849463,0.013474212082607528,6.2655086184125,0.928769330121911,11785,0.017592352363402647,45313,420.4067250031271,0.010261955730143667,0.014903445272826917,8.18044384898223
WAS,mid-range,middle (8–15),rebound push,1293,0.19721577726218098,0.011002518319269317,14.226256186815228,0.9397656933418465,34308,0.01320737556514952,45313,420.4067250031271,0.02853485754639949,0.03383926883355495,17.07713660573833
WAS,mid-range,middle (8–15),second chance,259,0.16216216216216217,0.010153448125432717,2.629743064487074,0.9427181187849475,6250,0.01419988631121416,45313,420.4067250031271,0.005715798998080021,0.006255235485273251,3.6777705546044674
WAS,mid-range,middle (8–15),turnover attack,482,0.2012448132780083,0.012586333596111604,6.066612793325794,0.9355856500297676,12275,0.012774855296131201,45313,420.4067250031271,0.01063712400414892,0.014430341934422358,6.157480252735239
WAS,mid-range,early (16–23),after a score,363,0.2892561983471074,0.018059616578540647,6.5556408180102546,0.9835924501641298,6626,0.020990360954200912,45313,420.4067250031271,0.008010946086112154,0.015593567914408343,7.619501026374931
WAS,mid-range,early (16–23),other dead ball,161,0.484472049689441,0.030477534911623985,4.906883120771462,0.9439740644302177,3632,0.03569070903022185,45313,420.4067250031271,0.003553064242049743,0.011671752207900487,5.746204153865717
WAS,mid-range,early (16–23),rebound push,815,0.2723926380368098,0.014724390680898309,12.000378404932121,0.9816357833360211,18399,0.020208350650541707,45313,420.4067250031271,0.017986008430251804,0.028544687064277714,16.469805780191493
WAS,mid-range,early (16–23),second chance,242,0.6487603305785123,0.0466156103313467,11.280977700185902,0.9340794064391085,5438,0.039655743631359645,45313,420.4067250031271,0.005340630724074769,0.02683348535897467,9.596689958789034
WAS,mid-range,early (16–23),turnover attack,169,0.38461538461538464,0.025415842163729156,4.295277325670227,0.9699015990111397,3273,0.021689207581074777,45313,420.4067250031271,0.0037296140180522147,0.010216956747393318,3.6654760812016374
WAS,other,early (16–23),second chance,1,1.0,0.7315570337753559,0.7315570337753559,0.2231182883758171,5,,45313,420.4067250031271,2.206872200030896e-05,0.0017401173441502734,
WAS,paint (non-RA),late (0–7),after a score,1131,0.14058355437665782,0.012394851281876845,14.01857679980271,0.9877225563073686,34630,0.012700564811662521,45313,420.4067250031271,0.024959724582349435,0.03334527248511174,14.36433880199031
WAS,paint (non-RA),late (0–7),other dead ball,245,0.09795918367346938,0.0074685881152395705,1.8298040882336948,0.9891290204049141,7248,0.010104988280229639,45313,420.4067250031271,0.005406836890075695,0.004352461507888781,2.4757221286562614
WAS,paint (non-RA),late (0–7),rebound push,321,0.1557632398753894,0.015037864867402568,4.8271546224362245,0.9616459872508805,11060,0.015217063988591456,45313,420.4067250031271,0.0070840597620991765,0.011482106101895298,4.884677540337857
WAS,paint (non-RA),late (0–7),second chance,69,0.14492753623188406,0.009150109087410215,0.6313575270313048,0.9825614860605689,2713,0.010103361481748192,45313,420.4067250031271,0.0015227418180213184,0.0015017778962184978,0.6971319422406252
WAS,paint (non-RA),late (0–7),turnover attack,174,0.1724137931034483,0.018984532911220084,3.3033087265522947,0.9796180903683257,5206,0.015698449223662616,45313,420.4067250031271,0.0038399576280537594,0.007857411716065493,2.731530164917295
WAS,paint (non-RA),middle (8–15),after a score,1935,0.23049095607235143,0.031956446022704546,61.8357230539333,1.0001671806910075,53931,0.02844624805676054,45313,420.4067250031271,0.04270297707059784,0.14708547550820777,55.04348998983165
WAS,paint (non-RA),middle (8–15),other dead ball,297,0.2727272727272727,0.038707968995788634,11.496266791749225,0.9607349503322196,9624,0.033404863515880075,45313,420.4067250031271,0.006554410434091762,0.02734558252288593,9.921244464216382
WAS,paint (non-RA),middle (8–15),rebound push,1053,0.24311490978157646,0.03867289106423399,40.722554290638385,0.9941638821621798,32822,0.032959406317193386,45313,420.4067250031271,0.023238364266325338,0.0968646595516175,34.70625485200463
WAS,paint (non-RA),middle (8–15),second chance,281,0.2704626334519573,0.0320402494754938,9.003310102613757,1.0036494845191173,7538,0.02877018277862828,45313,420.4067250031271,0.006201310882086818,0.021415713800836053,8.084421360794547
WAS,paint (non-RA),middle (8–15),turnover attack,397,0.2367758186397985,0.035955880384537495,14.274484512661386,1.0008610808028051,11228,0.03156854800129544,45313,420.4067250031271,0.008761282634122658,0.03395398708846822,12.532713556514288
WAS,paint (non-RA),early (16–23),after a score,273,0.304029304029304,0.05508217433683369,15.037433593955598,1.011629309256652,6380,0.03730405591916841,45313,420.4067250031271,0.006024761106084347,0.03576877509236739,10.184007265932976
WAS,paint (non-RA),early (16–23),other dead ball,89,0.4157303370786517,0.07783478365487068,6.92729574528349,0.956621139140854,2153,0.04870651855549135,45313,420.4067250031271,0.0019641162580274975,0.016477604503667163,4.33488015143873
WAS,paint (non-RA),early (16–23),rebound push,800,0.30625,0.04820987435760109,38.56789948608087,1.0307541103538318,21284,0.0405823070642736,45313,420.4067250031271,0.01765497760024717,0.09173949224003014,32.46584565141888
WAS,paint (non-RA),early (16–23),second chance,198,0.3939393939393939,0.05946309791997412,11.773693388154875,1.0501718113765375,5265,0.05486110841304818,45313,420.4067250031271,0.0043696069560611745,0.028005482995228724,10.86249946578354
WAS,paint (non-RA),early (16–23),turnover attack,189,0.37566137566137564,0.06404387630027547,12.104292620752064,1.03575312124406,4704,0.04263414850085676,45313,420.4067250031271,0.004170988458058394,0.028791862500919863,8.057854066661928
WAS,rim,late (0–7),after a score,1184,0.016047297297297296,0.0030082903842381416,3.5618158149379595,1.3519054885890014,41090,0.003322965709581713,45313,420.4067250031271,0.026129366848365813,0.008472309321197146,3.934391400144748
WAS,rim,late (0–7),other dead ball,243,0.0,0.0,0.0,1.3508030136476716,7953,0.002359383082515829,45313,420.4067250031271,0.005362699446075078,0.0,0.5733300890513464
WAS,rim,late (0–7),rebound push,370,0.010810810810810811,0.001020903302785376,0.37773422203058915,1.3846162027656617,13518,0.003873904942650122,45313,420.4067250031271,0.008165427140114315,0.0008984970971332094,1.4333448287805453
WAS,rim,late (0–7),second chance,134,0.014925373134328358,0.00315054227420963,0.42217266474409043,1.39902840700257,3903,0.0016886623877104521,45313,420.4067250031271,0.0029572087480414008,0.0010042005506475905,0.22628075995320057
WAS,rim,late (0–7),turnover attack,197,0.005076142131979695,0.0018019230509612506,0.3549788410393664,1.3539174076749851,6300,0.0027858161705283783,45313,420.4067250031271,0.004347538234060866,0.0008443700348435814,0.5488057855940905
WAS,rim,middle (8–15),after a score,2639,0.03751420992800303,0.005646142524774556,14.900170122880054,1.4022986684286642,80264,0.006276070530141061,45313,420.4067250031271,0.05823935735881535,0.03544227348591824,16.56255012904226
WAS,rim,middle (8–15),other dead ball,412,0.024271844660194174,0.002785510047532466,1.147630139583376,1.4010409019694199,13325,0.00717740353863139,45313,420.4067250031271,0.009092313464127292,0.002729809185556771,2.957090257916133
WAS,rim,middle (8–15),rebound push,1358,0.044182621502209134,0.005284353822580769,7.176152491064683,1.3774973325837745,48083,0.007346732546098074,45313,420.4067250031271,0.02996932447641957,0.01706954733183991,9.976862797601184
WAS,rim,middle (8–15),second chance,1119,0.032171581769437,0.00267521237545406,2.9935626481330933,1.3708615614006032,36772,0.002271262334085996,45313,420.4067250031271,0.02469489991834573,0.007120634542919898,2.5415425518422294
WAS,rim,middle (8–15),turnover attack,577,0.03986135181975736,0.006831109056028967,3.941549925328714,1.3816167093643332,17089,0.006075804770359153,45313,420.4067250031271,0.01273365259417827,0.009375563450607017,3.505739352497231
WAS,rim,early (16–23),after a score,781,0.06914212548015365,0.010068600874321817,7.863577282845339,1.4254815448402538,16978,0.007446752802776915,45313,420.4067250031271,0.0172356718822413,0.01870468956648314,5.815913938968771
WAS,rim,early (16–23),other dead ball,134,0.19402985074626866,0.010172336822483457,1.3630931342127832,1.2741932202382285,4068,0.01363511546828802,45313,420.4067250031271,0.0029572087480414008,0.00324232000380737,1.8271054727505947
WAS,rim,early (16–23),rebound push,2362,0.08086367485182049,0.007696650729132845,18.17948902221178,1.4276344390501008,67256,0.007182983062180963,45313,420.4067250031271,0.05212632136472977,0.04324262182551089,16.966205992871433
WAS,rim,early (16–23),second chance,809,0.12360939431396786,0.015437457942453837,12.488903475445154,1.3165416291313632,24145,0.0127614196941752,45313,420.4067250031271,0.01785359609824995,0.02970671669286988,10.323988532587736
WAS,rim,early (16–23),turnover attack,1435,0.045993031358885016,0.0049421592214459655,7.091998482774961,1.5968865469382918,39844,0.0037397852803434514,45313,420.4067250031271,0.03166861607044336,0.016869374491386188,5.366591877292853
WAS,three,late (0–7),after a score,1780,0.0011235955056179776,0.0002512648884531078,0.44725150144653186,1.264234375586705,60211,6.620861986211196e-05,45313,420.4067250031271,0.039282325160549955,0.001063854298342171,0.11785134335455928
WAS,three,late (0–7),other dead ball,303,0.0,0.0,0.0,1.2481712201589377,11441,8.102951376710335e-05,45313,420.4067250031271,0.006686822766093616,0.0,0.024551942671432316
WAS,three,late (0–7),rebound push,575,0.0,0.0,0.0,1.2327128903233713,20544,8.273088640251868e-05,45313,420.4067250031271,0.012689515150177653,0.0,0.04757025968144824
WAS,three,late (0–7),second chance,119,0.0,0.0,0.0,1.237688752381972,5203,0.00014020920454352797,45313,420.4067250031271,0.0026261779180367663,0.0,0.01668489534067983
WAS,three,late (0–7),turnover attack,229,0.0,0.0,0.0,1.25111767175834,8394,3.886883828135605e-05,45313,420.4067250031271,0.005053737338070752,0.0,0.008900963966430534
WAS,three,middle (8–15),after a score,3465,0.0002886002886002886,6.286300116129543e-06,0.021782029902388866,1.2560153354130403,109627,2.727384872646845e-05,45313,420.4067250031271,0.07646812173107055,5.181180177892455e-05,0.09450388583721318
WAS,three,middle (8–15),other dead ball,523,0.0,0.0,0.0,1.2300952007786417,17995,0.000119845929478456,45313,420.4067250031271,0.011541941606161588,0.0,0.06267942111723249
WAS,three,middle (8–15),rebound push,1807,0.0011068068622025456,2.525015754985175e-05,0.045627034692582114,1.251699615374955,61834,1.0404584197921159e-05,45313,420.4067250031271,0.039878180654558296,0.00010853069653498698,0.018801083645643535
WAS,three,middle (8–15),second chance,600,0.0,0.0,0.0,1.2560354090515022,19491,0.00013549020140558147,45313,420.4067250031271,0.013241233200185377,0.0,0.08129412084334887
WAS,three,middle (8–15),turnover attack,731,0.0,0.0,0.0,1.2547609683716983,22045,1.0410916405124238e-05,45313,420.4067250031271,0.016132235782225852,0.0,0.007610379892145819
WAS,three,early (16–23),after a score,891,0.002244668911335578,4.003705860323138e-05,0.03567301921547916,1.2580430222635275,21578,0.00010644479590490595,45313,420.4067250031271,0.019663231302275284,8.485358842728744e-05,0.0948423131512712
WAS,three,early (16–23),other dead ball,155,0.0,0.0,0.0,1.2520917914557486,5022,0.00031789892876931915,45313,420.4067250031271,0.0034206519100478893,0.0,0.04927433395924447
WAS,three,early (16–23),rebound push,2417,0.0004137360364087712,1.1597668533065894e-05,0.028031564844420265,1.269811146786034,72214,2.1681045396897346e-05,45313,420.4067250031271,0.05334010107474676,6.667725128376991e-05,0.052403086724300885
WAS,three,early (16–23),second chance,459,0.0,0.0,0.0,1.2702772269122327,13045,0.0002206650063292304,45313,420.4067250031271,0.010129543398141814,0.0,0.10128523790511675
WAS,three,early (16–23),turnover attack,664,0.0,0.0,0.0,1.2913956683678307,18922,1.8362996595510883e-05,45313,420.4067250031271,0.01465363140820515,0.0,0.012193029739419227
