PLAYER_ID,PLAYER_NAME,TEAM_ABBREVIATION,N_SHOTS,PREMATURE,EXPOSURE_PER_SHOT,SHORTFALL_WHEN_BELOW,MEAN_SECOND,LATE_SHARE,MEAN_SHOT_VALUE,TEAM_PREMATURE,PREMATURE_MINUS_TEAM
201143,Al Horford,ATL,967,0.13857290589451912,0.010463062817271817,0.07550583391270033,11.675284384694933,0.21923474663908996,1.1631034447429978,0.058274271571605356,0.08029863432291376
1627819,Isaiah Taylor,ATL,360,0.13055555555555556,0.014929381484836942,0.11435270924555956,12.472222222222221,0.16111111111111112,1.1399483687635086,0.058274271571605356,0.0722812839839502
203488,Mike Muscala,ATL,713,0.10378681626928471,0.006017377943400328,0.0579782496438437,12.488078541374474,0.17391304347826086,1.2072413333830914,0.058274271571605356,0.045512544697679354
203118,Mike Scott,ATL,395,0.10126582278481013,0.012374152991293286,0.12219476078902121,11.891139240506329,0.2430379746835443,1.1872004100935927,0.058274271571605356,0.04299155121320477
200794,Paul Millsap,ATL,1840,0.09347826086956522,0.013417176261134386,0.1435325832586469,11.290760869565217,0.2358695652173913,1.1702992134906005,0.058274271571605356,0.03520398929795986
1627098,Malcolm Delaney,ATL,598,0.0802675585284281,0.008625908520490392,0.10746444365110946,11.479933110367893,0.27759197324414714,1.120911818037867,0.058274271571605356,0.02199328695682274
203145,Kent Bazemore,ATL,2593,0.07983031237948322,0.010418507233330657,0.13050816065713236,12.607790204396451,0.20015426147319706,1.2129482454287064,0.058274271571605356,0.021556040807877867
1627752,Taurean Prince,ATL,1746,0.07789232531500573,0.010909217164528794,0.1400550968328476,12.497709049255441,0.1815578465063001,1.191536963858908,0.058274271571605356,0.019618053743400372
1628381,John Collins,ATL,3152,0.07106598984771574,0.007434050528970147,0.10460771101479423,11.872779187817258,0.217005076142132,1.3426538512077846,0.058274271571605356,0.012791718276110385
203473,Dewayne Dedmon,ATL,1011,0.06923837784371908,0.004132323298723365,0.05968255507156174,12.05242334322453,0.18991097922848665,1.2765447182869298,0.058274271571605356,0.010964106272113729
200757,Thabo Sefolosha,ATL,702,0.06552706552706553,0.006284079050388562,0.095900510725495,12.307692307692308,0.22364672364672364,1.2715111782773723,0.058274271571605356,0.00725279395546017
1628416,Tyler Dorsey,ATL,432,0.06481481481481481,0.0078356317294183,0.1208926038253109,13.13888888888889,0.14351851851851852,1.1905693716501757,0.058274271571605356,0.006540543243209455
101141,Ersan Ilyasova,ATL,567,0.06349206349206349,0.005695286099980241,0.0897007560746888,12.324514991181658,0.20458553791887124,1.203920382450401,0.058274271571605356,0.005217791920458133
1629629,Cam Reddish,ATL,1103,0.06255666364460562,0.007364047820164346,0.1177180397919025,12.051677243880327,0.19945602901178605,1.2141183013411578,0.058274271571605356,0.0042823920730002615
1627761,DeAndre' Bembry,ATL,990,0.05858585858585859,0.007710702617255642,0.13161371708763944,12.23030303030303,0.21515151515151515,1.280984809626756,0.058274271571605356,0.0003115870142532326
203471,Dennis Schroder,ATL,2914,0.05833905284831846,0.005781341933390711,0.09909900231706195,12.293067947838024,0.17982155113246398,1.161211724243833,0.058274271571605356,6.478127671310369e-05
201952,Jeff Teague,ATL,1054,0.05787476280834915,0.010596956992108957,0.18310151917512854,12.28178368121442,0.20018975332068312,1.2250312188022128,0.058274271571605356,-0.00039950876325620804
2594,Kyle Korver,ATL,812,0.054187192118226604,0.0025276309816058455,0.04664628084236244,13.245073891625616,0.1354679802955665,1.2046487174272364,0.058274271571605356,-0.004087079453378752
203458,Alex Len,ATL,859,0.05238649592549476,0.004992043226236948,0.09529255847416752,11.938300349243306,0.18859138533178113,1.3486490323516127,0.058274271571605356,-0.0058877756461105935
1629164,Brandon Goodwin,ATL,373,0.04825737265415549,0.006059112788024594,0.12555828166295407,11.798927613941018,0.2734584450402145,1.1782429243113826,0.058274271571605356,-0.010016898917449862
203953,Jabari Parker,ATL,359,0.04735376044568245,0.0062075323264443585,0.1310884767760897,12.105849582172702,0.18662952646239556,1.3808420354652595,0.058274271571605356,-0.010920511125922905
1629631,De'Andre Hunter,ATL,1406,0.04623044096728307,0.004539486293899232,0.09819258044957416,11.630867709815078,0.2155049786628734,1.1997951603386596,0.058274271571605356,-0.012043830604322285
202391,Jeremy Lin,ATL,360,0.044444444444444446,0.004309876446277455,0.09697222004124273,13.230555555555556,0.12777777777777777,1.195169982182802,0.058274271571605356,-0.01382982712716091
2730,Dwight Howard,ATL,563,0.04440497335701599,0.004226881194359527,0.09518936449697656,12.770870337477797,0.1847246891651865,1.4986685988892499,0.058274271571605356,-0.01386929821458937
203501,Tim Hardaway Jr.,ATL,1081,0.04440333024976873,0.004747022595607173,0.10690690470523652,13.074930619796485,0.18038852913968548,1.271094258615878,0.058274271571605356,-0.013870941321836625
201158,Marco Belinelli,ATL,443,0.04288939051918736,0.0028728335865310876,0.06698238309648799,12.505643340857787,0.1873589164785553,1.1743798642270136,0.058274271571605356,-0.015384881052417997
1630168,Onyeka Okongwu,ATL,343,0.037900874635568516,0.0046366905196007875,0.12233729601715929,11.151603498542274,0.24489795918367346,1.4399280017921126,0.058274271571605356,-0.02037339693603684
1628989,Kevin Huerter,ATL,2616,0.03784403669724771,0.004777520397268328,0.12624235716418125,11.964067278287462,0.2198012232415902,1.2194771276518177,0.058274271571605356,-0.020430234874357647
1629027,Trae Young,ATL,4873,0.03652780627949928,0.0036934302408165045,0.10111284024437543,12.954237635953211,0.1571926944387441,1.188150067182678,0.058274271571605356,-0.021746465292106075
101150,Lou Williams,ATL,498,0.0321285140562249,0.0011781327948963856,0.03666938324115,12.170682730923694,0.18072289156626506,1.124768302720634,0.058274271571605356,-0.02614575751538046
1713,Vince Carter,ATL,732,0.028688524590163935,0.003106823785946773,0.10829500053871609,11.836065573770492,0.20355191256830601,1.218437116709993,0.058274271571605356,-0.02958574698144142
203991,Clint Capela,ATL,1198,0.02671118530884808,0.0021830127965929004,0.08172654157244671,12.323873121869783,0.17696160267111852,1.4810626563864968,0.058274271571605356,-0.03156308626275728
201568,Danilo Gallinari,ATL,958,0.024008350730688934,0.0015103653539631134,0.06291000039550707,9.944676409185805,0.3569937369519833,1.187282875412032,0.058274271571605356,-0.034265920840916425
203992,Bogdan Bogdanovic,ATL,1268,0.018138801261829655,0.0014536976255393147,0.0801429821384283,11.355678233438486,0.27129337539432175,1.2393317374362651,0.058274271571605356,-0.0401354703097757
201152,Thaddeus Young,BKN,888,0.18468468468468469,0.026158373752248124,0.14163802373168496,11.97635135135135,0.24324324324324326,1.0965587123972182,0.0699044232051567,0.11478026147952798
101127,Jarrett Jack,BKN,335,0.16417910447761194,0.0141502765780207,0.08618804824794427,11.585074626865671,0.21194029850746268,1.0876794227117466,0.0699044232051567,0.09427468127245524
1626178,Rondae Hollis-Jefferson,BKN,1753,0.15972618368511124,0.015796752165797127,0.09889895195229416,12.414147176269253,0.2076440387906446,1.135923653874605,0.0699044232051567,0.08982176047995453
201961,Wayne Ellington,BKN,523,0.15296367112810708,0.011871683019607374,0.07761112774068321,11.499043977055448,0.25812619502868067,1.136200166304485,0.0699044232051567,0.08305924792295037
2207,Joe Johnson,BKN,558,0.14874551971326164,0.01694773811421547,0.11393780563532811,10.372759856630825,0.33512544802867383,1.080917209921424,0.0699044232051567,0.07884109650810493
203499,Shane Larkin,BKN,455,0.14065934065934066,0.013268961530824961,0.09433402338320872,11.887912087912088,0.2175824175824176,1.1560960934276971,0.0699044232051567,0.07075491745418395
201572,Brook Lopez,BKN,2186,0.1322049405306496,0.014249667635889009,0.10778468322509817,11.542543458371455,0.2392497712717292,1.1166654603298876,0.0699044232051567,0.062300517325492896
202391,Jeremy Lin,BKN,386,0.12176165803108809,0.011768693932676565,0.0966535288938969,12.759067357512953,0.15803108808290156,1.1313190241815612,0.0699044232051567,0.05185723482593138
203930,Sean Kilpatrick,BKN,976,0.11065573770491803,0.015826778426215823,0.14302718281469115,12.339139344262295,0.21413934426229508,1.1812243026567322,0.0699044232051567,0.040751314499761326
202388,Donald Sloan,BKN,317,0.11041009463722397,0.01454267613769465,0.13171509530426298,11.962145110410095,0.2334384858044164,1.1933759443342438,0.0699044232051567,0.040505671432067264
1627785,Isaiah Whitehead,BKN,547,0.10968921389396709,0.013265157705305048,0.12093402108003101,12.482632541133455,0.19744058500914077,1.174617742142989,0.0699044232051567,0.039784790688810384
203120,Justin Hamilton,BKN,354,0.10734463276836158,0.016684679214894617,0.15543095900191298,12.516949152542374,0.1751412429378531,1.2003217446393561,0.0699044232051567,0.037440209563204874
202344,Trevor Booker,BKN,682,0.10557184750733138,0.011195693246222967,0.10604809436005644,12.718475073313783,0.18475073313782991,1.1936428962394792,0.0699044232051567,0.03566742430217468
202711,Bojan Bogdanovic,BKN,1276,0.08699059561128526,0.011729887597023408,0.13484087003425105,12.295454545454545,0.20924764890282133,1.2146051030250344,0.0699044232051567,0.017086172406128558
201960,DeMarre Carroll,BKN,1251,0.07753796962430055,0.007953730395773333,0.10257852293930352,12.948041566746603,0.2182254196642686,1.211552181420215,0.0699044232051567,0.00763354641914385
203915,Spencer Dinwiddie,BKN,2722,0.06869948567229978,0.0074447587320859866,0.10836702282747622,11.647685525349008,0.27296105804555476,1.2062830248519163,0.0699044232051567,-0.0012049375328569284
1627747,Caris LeVert,BKN,2352,0.06335034013605442,0.008010787272164997,0.12645215881967833,12.080357142857142,0.22959183673469388,1.202423029791324,0.0699044232051567,-0.006554083069102282
1629651,Nic Claxton,BKN,431,0.05336426914153132,0.007317910818331545,0.13713128533482155,12.262180974477959,0.16705336426914152,1.478840803043787,0.0699044232051567,-0.016540154063625384
1628971,Bruce Brown,BKN,860,0.05,0.004763024150046919,0.0952604830009384,11.795348837209302,0.24651162790697675,1.2646357932191454,0.0699044232051567,-0.0199044232051567
1626156,D'Angelo Russell,BKN,2072,0.04922779922779923,0.004010497919158967,0.08146815380879784,12.770752895752896,0.17567567567567569,1.1642283032390097,0.0699044232051567,-0.020676623977357478
1629066,Rodions Kurucs,BKN,591,0.049069373942470386,0.004908599091269486,0.10003386423931956,12.88155668358714,0.15736040609137056,1.3127302195539132,0.0699044232051567,-0.02083504926268632
203894,Shabazz Napier,BKN,393,0.04580152671755725,0.0036365201176031424,0.07939735590100194,11.404580152671755,0.26208651399491095,1.2012326314181965,0.0699044232051567,-0.024102896487599453
1628386,Jarrett Allen,BKN,1381,0.04561911658218682,0.005598012106369756,0.12271197966502594,11.821144098479364,0.20419985517740769,1.51636964766344,0.0699044232051567,-0.024285306622969884
203925,Joe Harris,BKN,3170,0.04100946372239748,0.0042627877283952795,0.1039464392231772,12.248264984227129,0.1946372239747634,1.2762330216778734,0.0699044232051567,-0.028894959482759226
1627789,Timothe Luwawu-Cabarrot,BKN,591,0.038917089678511,0.003969382110291184,0.10199586205139517,12.11336717428088,0.22673434856175972,1.2416726736815804,0.0699044232051567,-0.030987333526645705
203112,Quincy Acy,BKN,480,0.03125,0.0034627368834672084,0.11080758027095067,11.408333333333333,0.24166666666666667,1.2479605233090072,0.0699044232051567,-0.038654423205156704
201935,James Harden,BKN,1189,0.031118587047939444,0.002630856190066907,0.08454291918890683,11.51555929352397,0.25651808242220353,1.242713241746356,0.0699044232051567,-0.03878583615721726
1627752,Taurean Prince,BKN,783,0.02937420178799489,0.002873707658022886,0.09783100418399653,11.911877394636015,0.21583652618135377,1.2482148136671036,0.0699044232051567,-0.04053022141716181
203459,Allen Crabbe,BKN,1134,0.02821869488536155,0.002422005369215994,0.08582981527159178,12.831569664902998,0.18077601410934743,1.2478348116619051,0.0699044232051567,-0.041685728319795154
1630560,Cam Thomas,BKN,462,0.025974025974025976,0.0034875733571716546,0.1342715742511087,12.058441558441558,0.19913419913419914,1.1605091035556416,0.0699044232051567,-0.04393039723113073
201145,Jeff Green,BKN,493,0.02434077079107505,0.0016116354188419172,0.06621135512408877,11.71602434077079,0.22718052738336714,1.307327384660752,0.0699044232051567,-0.045563652414081654
201599,DeAndre Jordan,BKN,494,0.020242914979757085,0.002495522927660177,0.12327883262641275,12.40080971659919,0.15789473684210525,1.6864686361963395,0.0699044232051567,-0.04966150822539962
202681,Kyrie Irving,BKN,2001,0.017991004497751123,0.0013545237414106786,0.07528894462674357,12.361319340329835,0.1809095452273863,1.22838110440629,0.0699044232051567,-0.05191341870740558
201933,Blake Griffin,BKN,460,0.017391304347826087,0.0014435590743695284,0.08300464677624789,11.558695652173913,0.22391304347826088,1.3366781708599957,0.0699044232051567,-0.05251311885733062
1629013,Landry Shamet,BKN,428,0.016355140186915886,0.00033959555402639734,0.020763842446185437,11.792056074766355,0.2336448598130841,1.2849888366810438,0.0699044232051567,-0.053549283018240815
201988,Patty Mills,BKN,754,0.014588859416445624,0.001464435436785368,0.1003803926669243,12.092838196286472,0.1989389920424403,1.2572193083410035,0.0699044232051567,-0.05531556378871108
202066,Garrett Temple,BKN,540,0.012962962962962963,0.0006690925842682063,0.05161571364354735,11.505555555555556,0.25555555555555554,1.285972499043436,0.0699044232051567,-0.056941460242193744
200746,LaMarcus Aldridge,BKN,476,0.008403361344537815,0.00014863327619467942,0.017687359867166852,10.834033613445378,0.22478991596638656,1.17573153978367,0.0699044232051567,-0.06150106186061889
201142,Kevin Durant,BKN,1625,0.003076923076923077,0.00028242243150519193,0.09178729023918737,12.092307692307692,0.2,1.2644988000579238,0.0699044232051567,-0.06682750012823363
203092,Tyler Zeller,BOS,406,0.3251231527093596,0.03877740961302576,0.11926991138551864,12.847290640394089,0.17980295566502463,1.137881053455862,0.0912533215234721,0.2338698311858875
203096,Jared Sullinger,BOS,735,0.3115646258503401,0.034751083015047785,0.11153731884742411,11.525170068027212,0.24489795918367346,1.0342198137116796,0.0912533215234721,0.22031130432686802
202323,Evan Turner,BOS,695,0.23309352517985613,0.034128201946397374,0.1464141997083097,11.730935251798561,0.23597122302158274,1.0771184690028965,0.0912533215234721,0.14184020365638403
202340,Avery Bradley,BOS,1681,0.15348007138607972,0.0121202646764415,0.07896963147712466,12.571683521713267,0.18798334324806662,1.1968302122686272,0.0912533215234721,0.06222674986260762
203382,Aron Baynes,BOS,591,0.13874788494077833,0.006294260250363164,0.04536472936542231,11.890016920473773,0.19458544839255498,1.2000377517532794,0.0912533215234721,0.047494563417306235
203482,Kelly Olynyk,BOS,977,0.13203684749232344,0.018227545657504843,0.13804893106497854,11.605936540429887,0.23336745138178097,1.2057709238670795,0.0912533215234721,0.04078352596885135
1629641,Romeo Langford,BOS,304,0.125,0.014782148590054838,0.1182571887204387,11.766447368421053,0.23355263157894737,1.1940201202690996,0.0912533215234721,0.0337466784765279
203109,Jae Crowder,BOS,1426,0.11921458625525946,0.0127183481713971,0.10668449701418982,12.519635343618514,0.1718092566619916,1.220630497205776,0.0912533215234721,0.027961264731787366
201973,Jonas Jerebko,BOS,509,0.11591355599214145,0.015768620803443833,0.13603776252462557,11.738703339882122,0.22789783889980353,1.188864803391895,0.0912533215234721,0.024660234468669356
202954,Brad Wanamaker,BOS,443,0.10835214446952596,0.012389716020194069,0.11434675410304108,12.266365688487584,0.23927765237020315,1.1883441505194363,0.0912533215234721,0.01709882294605386
1628464,Daniel Theis,BOS,1219,0.10828547990155865,0.010735178998577009,0.09913775150958616,11.57752255947498,0.21410992616899097,1.3221845953546578,0.0912533215234721,0.017032158378086554
202738,Isaiah Thomas,BOS,2682,0.1081282624906786,0.015390376290476735,0.1423344455553745,12.91461595824012,0.168530947054437,1.207601375774043,0.0912533215234721,0.0168749409672065
1626179,Terry Rozier,BOS,1797,0.10350584307178631,0.012696136972203604,0.12266106526370903,12.179187534780189,0.21925431274346133,1.154324311263529,0.0912533215234721,0.012252521548314216
203935,Marcus Smart,BOS,3882,0.09222050489438434,0.010339535389474859,0.11211753179313241,11.513910355486862,0.24832560535806286,1.1574970828419917,0.0912533215234721,0.0009671833709122418
101161,Amir Johnson,BOS,739,0.08389715832205684,0.013804129063760297,0.1645363125503042,12.025710419485792,0.2219215155615697,1.2957104761047036,0.0912533215234721,-0.007356163201415258
1629057,Robert Williams III,BOS,710,0.07887323943661972,0.009198769348981402,0.1166272542460142,12.064788732394366,0.17746478873239438,1.5391838069678951,0.0912533215234721,-0.012380082086852373
1627759,Jaylen Brown,BOS,4908,0.07885085574572127,0.007409305167487078,0.09396607173650279,12.398329258353709,0.20700896495517523,1.2333325849410912,0.0912533215234721,-0.012402465777750823
1630174,Aaron Nesmith,BOS,336,0.07738095238095238,0.010266406823025024,0.13267356509755415,11.988095238095237,0.19642857142857142,1.2201958227730154,0.0912533215234721,-0.013872369142519714
1628400,Semi Ojeleye,BOS,721,0.07350901525658807,0.0075607425043050045,0.10285462916233787,11.689320388349515,0.23578363384188628,1.2149453413174365,0.0912533215234721,-0.01774430626688403
1628369,Jayson Tatum,BOS,5565,0.07151841868823001,0.006684994996010762,0.0934723546552761,11.540521114106019,0.2551662174303684,1.2251896017782276,0.0912533215234721,-0.019734902835242082
203471,Dennis Schroder,BOS,535,0.06355140186915888,0.00478257219794774,0.07525518017358945,11.226168224299066,0.2485981308411215,1.1402260188468312,0.0912533215234721,-0.02770191965431322
202330,Gordon Hayward,BOS,1276,0.061128526645768025,0.0038177732412807016,0.06245485456248943,11.92398119122257,0.19278996865203762,1.2307448180420488,0.0912533215234721,-0.030124794877704072
1629684,Grant Williams,BOS,809,0.059332509270704575,0.006135917758393684,0.10341578055292688,10.995055624227442,0.28182941903584674,1.2330552643704324,0.0912533215234721,-0.03192081225276752
201143,Al Horford,BOS,2661,0.053363397219090565,0.0032948189450737564,0.0617430507946568,10.70913190529876,0.2773393461104848,1.2182730264482335,0.0912533215234721,-0.03788992430438153
202689,Kemba Walker,BOS,1470,0.053061224489795916,0.004201978489078504,0.07919113306340257,12.133333333333333,0.19591836734693877,1.2029501702699938,0.0912533215234721,-0.03819209703367618
202694,Marcus Morris Sr.,BOS,1329,0.05191873589164785,0.004239517772937999,0.08165679884397974,11.404815650865313,0.24153498871331827,1.1703076863750022,0.0912533215234721,-0.039334585631824244
1626196,Josh Richardson,BOS,311,0.05144694533762058,0.0028496816482681876,0.0553906870382129,11.009646302250804,0.3086816720257235,1.197519552431192,0.0912533215234721,-0.03980637618585152
1630202,Payton Pritchard,BOS,725,0.0496551724137931,0.004732615329578913,0.09530961427624199,11.07448275862069,0.28551724137931034,1.1980152361658363,0.0912533215234721,-0.041598149109678996
202683,Enes Freedom,BOS,408,0.041666666666666664,0.002869652347391684,0.0688716563374004,11.151960784313726,0.22058823529411764,1.3307374159554959,0.0912533215234721,-0.04958665485680543
202681,Kyrie Irving,BOS,2167,0.04014766958929396,0.003571156617429355,0.08895053321803924,12.732348869404706,0.17258883248730963,1.2205804766735562,0.0912533215234721,-0.05110565193417814
2744,Al Jefferson,CHA,462,0.3528138528138528,0.05059806718208456,0.14341292661425195,9.597402597402597,0.34415584415584416,0.9331042220619671,0.09156900671293662,0.2612448461009162
203077,Michael Kidd-Gilchrist,CHA,1494,0.1753681392235609,0.017068932413236794,0.09733200391364798,11.600401606425702,0.2757697456492637,1.1298441123574352,0.09156900671293662,0.08379913251062428
202391,Jeremy Lin,CHA,660,0.16818181818181818,0.021446935564290705,0.12752231957145826,11.328787878787878,0.24545454545454545,1.126413668609048,0.09156900671293662,0.07661281146888156
1626163,Frank Kaminsky,CHA,2129,0.13715359323626117,0.016239660533890178,0.11840492218031574,10.487552841709723,0.3137623297322687,1.121331270399628,0.09156900671293662,0.04558458652332455
201150,Spencer Hawes,CHA,470,0.1276595744680851,0.01555761177968829,0.12186795894089161,10.591489361702127,0.2765957446808511,1.1278033070169238,0.09156900671293662,0.036090567755148475
1628407,Dwayne Bacon,CHA,658,0.12613981762917933,0.01442830885814691,0.11438346058627308,12.379939209726444,0.23252279635258358,1.137416222960808,0.09156900671293662,0.034570810916242714
2730,Dwight Howard,CHA,770,0.12597402597402596,0.01065100604131605,0.0845492232145707,11.290909090909091,0.2805194805194805,1.2876080532057863,0.09156900671293662,0.03440501926108934
203469,Cody Zeller,CHA,2032,0.11318897637795275,0.011312772793425999,0.09994588833148534,11.926181102362206,0.20127952755905512,1.3033970845176197,0.09156900671293662,0.02161996966501613
201158,Marco Belinelli,CHA,576,0.1111111111111111,0.007681510342554089,0.06913359308298682,11.175347222222221,0.2309027777777778,1.1258300334687663,0.09156900671293662,0.019542104398174484
1628997,Caleb Martin,CHA,307,0.10423452768729642,0.010904302236500282,0.10461314958142458,11.719869706840392,0.247557003257329,1.2015745708061654,0.09156900671293662,0.0126655209743598
201587,Nicolas Batum,CHA,2916,0.0953360768175583,0.007141389445806762,0.07490752382723928,11.675582990397805,0.19513031550068588,1.1612511046693157,0.09156900671293662,0.0037670701046216837
203087,Jeremy Lamb,CHA,2520,0.09523809523809523,0.009559316105153419,0.1003728191041109,11.710714285714285,0.24563492063492062,1.167685725315436,0.09156900671293662,0.003669088525158612
1626195,Willy Hernangomez,CHA,471,0.0870488322717622,0.008137264642007662,0.0934793084484295,11.409766454352441,0.22929936305732485,1.2414597419588278,0.09156900671293662,-0.004520174441174418
202689,Kemba Walker,CHA,5292,0.08578987150415722,0.008576610397025617,0.09997229564110037,12.46050642479214,0.17479213907785338,1.177030321188929,0.09156900671293662,-0.005779135208779401
101107,Marvin Williams,CHA,2663,0.07622981599699587,0.007227403018258226,0.09481071053015594,11.609838527975967,0.23957942170484417,1.207177600704393,0.09156900671293662,-0.015339190715940754
1629023,P.J. Washington,CHA,1698,0.07538280329799764,0.00799798385675319,0.10609825459974154,11.499411071849234,0.2314487632508834,1.2501993265109212,0.09156900671293662,-0.016186203414938982
2225,Tony Parker,CHA,428,0.07242990654205607,0.007877189988605728,0.1087560424233307,11.83411214953271,0.22429906542056074,1.1157944846102352,0.09156900671293662,-0.019139100170880552
1628970,Miles Bridges,CHA,2888,0.07063711911357341,0.007815387188044502,0.11064136372094376,11.249653739612189,0.2579639889196676,1.276618595860448,0.09156900671293662,-0.020931887599363208
1630163,LaMelo Ball,CHA,1794,0.06856187290969899,0.007019199637695792,0.10237759471566057,12.74247491638796,0.16610925306577481,1.1940161408411563,0.09156900671293662,-0.023007133803237628
1629667,Jalen McDaniels,CHA,573,0.06806282722513089,0.007476700597033493,0.10984998569487672,11.706806282722512,0.2513089005235602,1.2420247760704863,0.09156900671293662,-0.02350617948780573
1628370,Malik Monk,CHA,1743,0.06597819850831899,0.005481179805750677,0.08307562088194287,12.123350545037292,0.21227768215720022,1.1972982319459697,0.09156900671293662,-0.025590808204617635
1628998,Cody Martin,CHA,755,0.060927152317880796,0.005513298060402601,0.0904900007739992,11.667549668874171,0.28211920529801326,1.2845064106922668,0.09156900671293662,-0.030641854395055824
202687,Bismack Biyombo,CHA,629,0.06041335453100159,0.006073167367348797,0.10052690194901037,11.418124006359301,0.21462639109697934,1.38381904258321,0.09156900671293662,-0.03115565218193503
1626179,Terry Rozier,CHA,3024,0.055224867724867725,0.004481045338566083,0.08114180301690918,11.912037037037036,0.24173280423280424,1.2017336672958243,0.09156900671293662,-0.036344138988068896
1628984,Devonte' Graham,CHA,1664,0.0390625,0.0036797529646035677,0.09420167589385135,11.548076923076923,0.2566105769230769,1.1759824244140196,0.09156900671293662,-0.05250650671293662
202330,Gordon Hayward,CHA,1211,0.037985136251032205,0.002161218257266813,0.056896419772828485,12.135425268373245,0.20891824938067713,1.2248580682031287,0.09156900671293662,-0.053583870461904416
1626162,Kelly Oubre Jr.,CHA,870,0.028735632183908046,0.0019491066338454374,0.06782891085782122,12.175862068965516,0.20689655172413793,1.280872189790743,0.09156900671293662,-0.06283337452902857
2200,Pau Gasol,CHI,908,0.30837004405286345,0.026214374917661397,0.0850094729472734,10.894273127753303,0.2786343612334802,1.0010395060215829,0.09117813170676607,0.21719191234609736
202734,E'Twaun Moore,CHI,354,0.20056497175141244,0.035133183711446726,0.175171084983833,11.463276836158192,0.2514124293785311,1.0785415749422136,0.09117813170676607,0.10938684004464637
201959,Taj Gibson,CHI,933,0.19292604501607716,0.020255343964203074,0.10499019954778596,11.187566988210076,0.28510182207931406,1.13937024264316,0.09117813170676607,0.10174791330931109
201565,Derrick Rose,CHI,967,0.1892450879007239,0.02564756896758023,0.1355256786428966,12.195449844881075,0.1768355739400207,1.0919503771401593,0.09117813170676607,0.09806695619395782
1626171,Bobby Portis,CHI,1698,0.18433451118963487,0.01535629758494736,0.08330668785699878,12.457597173144876,0.2049469964664311,1.1223449652628261,0.09117813170676607,0.0931563794828688
203503,Tony Snell,CHI,305,0.1737704918032787,0.028718460065614022,0.1652666098115524,12.183606557377049,0.22295081967213115,1.1443382113459213,0.09117813170676607,0.08259236009651262
202710,Jimmy Butler,CHI,2018,0.1565906838453915,0.015793425851187606,0.1008580169863816,11.564915758176411,0.2537165510406343,1.1378910746602398,0.09117813170676607,0.06541255213862542
1628021,David Nwaba,CHI,391,0.15601023017902813,0.026884486988493557,0.17232515430329481,14.580562659846548,0.12531969309462915,1.2292801703569174,0.09117813170676607,0.06483209847226205
1628469,Antonio Blakeney,CHI,498,0.14457831325301204,0.014203945279784327,0.09824395485184159,12.176706827309237,0.2289156626506024,1.106931018363961,0.09117813170676607,0.05340018154624597
203926,Doug McDermott,CHI,954,0.13941299790356393,0.01192887272888063,0.08556499686730917,12.520964360587001,0.18658280922431866,1.1649798679975478,0.09117813170676607,0.04823486619679786
200765,Rajon Rondo,CHI,487,0.13141683778234087,0.00898280825806438,0.06835355658870865,12.075975359342916,0.22587268993839835,1.1567748764435604,0.09117813170676607,0.040238706075574796
1628976,Wendell Carter Jr.,CHI,919,0.1305767138193689,0.01098235933897953,0.08410656860435158,11.339499455930358,0.22850924918389554,1.2539653831592625,0.09117813170676607,0.03939858211260282
1627835,Paul Zipser,CHI,418,0.12440191387559808,0.015396283891485556,0.12376243589694158,11.366028708133971,0.2679425837320574,1.1339309084853175,0.09117813170676607,0.03322378216883201
201166,Aaron Brooks,CHI,413,0.11864406779661017,0.01821275688467638,0.15350752231370093,11.39951573849879,0.2566585956416465,1.1102000176416371,0.09117813170676607,0.0274659360898441
1627739,Kris Dunn,CHI,1457,0.11667810569663692,0.011143646056274631,0.09550760178818904,12.902539464653398,0.16884008236101578,1.1337333993616396,0.09117813170676607,0.025499973989870847
1626166,Cameron Payne,CHI,412,0.10679611650485436,0.008695767591590917,0.08142400563035132,12.650485436893204,0.21359223300970873,1.1501647742743384,0.09117813170676607,0.015617984798088291
201577,Robin Lopez,CHI,1735,0.10662824207492795,0.004674254099283295,0.04383692357976496,10.462824207492796,0.31239193083573485,1.1545701563426505,0.09117813170676607,0.015450110368161879
2548,Dwyane Wade,CHI,878,0.10592255125284739,0.007721707267888486,0.07289955893769991,11.825740318906606,0.224373576309795,1.1033714879726706,0.09117813170676607,0.014744419546081314
1626245,Cristiano Felicio,CHI,665,0.1037593984962406,0.00962191981522834,0.09273299532067893,12.042105263157895,0.21954887218045113,1.3245702198113594,0.09117813170676607,0.012581266789474535
1627782,Wayne Selden,CHI,305,0.10163934426229508,0.012527411056903463,0.12325356039856632,11.459016393442623,0.26229508196721313,1.1396887219218703,0.09117813170676607,0.01046121255552901
1626170,Jerian Grant,CHI,717,0.100418410041841,0.007918475721057265,0.07885482072219527,12.01534170153417,0.2398884239888424,1.1115605089355687,0.09117813170676607,0.00924027833507493
203953,Jabari Parker,CHI,436,0.0963302752293578,0.007219589962975278,0.07494621961564811,12.080275229357799,0.21100917431192662,1.2448686177484491,0.09117813170676607,0.005152143522591732
1627885,Shaquille Harrison,CHI,531,0.08851224105461393,0.013280624414314456,0.15004279923406333,12.295668549905837,0.2617702448210923,1.2213143762913798,0.09117813170676607,-0.002665890652152142
202703,Nikola Mirotic,CHI,1427,0.08549404344779257,0.008778011951685689,0.10267395946766784,11.78135949544499,0.22704975473020322,1.1871663230103422,0.09117813170676607,-0.005684088258973499
1630172,Patrick Williams,CHI,588,0.07993197278911565,0.007322787615649919,0.09161274719153516,11.350340136054422,0.25510204081632654,1.236997517216373,0.09117813170676607,-0.01124615891765042
203200,Justin Holiday,CHI,1224,0.07516339869281045,0.00634477316605358,0.08441306907879982,12.718954248366012,0.18872549019607843,1.1976186166121436,0.09117813170676607,-0.016014733013955618
1628374,Lauri Markkanen,CHI,2573,0.06645938593082006,0.008560726512198982,0.12881139950811685,11.977846871356393,0.21570151574038088,1.226761785025317,0.09117813170676607,-0.024718745775946016
1627756,Denzel Valentine,CHI,1555,0.06302250803858521,0.006364605129322171,0.10098939771526505,12.468810289389067,0.20643086816720257,1.1726255000730226,0.09117813170676607,-0.028155623668180862
1628990,Chandler Hutchison,CHI,373,0.05361930294906166,0.006357530883218303,0.11856795097202136,11.528150134048257,0.289544235924933,1.2813503650152716,0.09117813170676607,-0.03755882875770441
203897,Zach LaVine,CHI,4651,0.05332186626531928,0.004750328010955966,0.08908780475385562,11.970973984089444,0.2165125779402279,1.2637296473963366,0.09117813170676607,-0.03785626544144679
1629632,Coby White,CHI,2148,0.05260707635009311,0.004528602514693571,0.08608352390762647,12.153631284916202,0.21834264432029796,1.2020602031959784,0.09117813170676607,-0.03857105535667296
1630245,Ayo Dosunmu,CHI,493,0.038539553752535496,0.003974218956383895,0.10312052344722422,12.973630831643002,0.18661257606490872,1.2983470704364954,0.09117813170676607,-0.052638577954230575
1627853,Ryan Arcidiacono,CHI,734,0.03814713896457766,0.0036580589772927307,0.09589340319045944,11.303814713896458,0.2888283378746594,1.1905828067249302,0.09117813170676607,-0.053030992742188414
203107,Tomas Satoransky,CHI,814,0.033169533169533166,0.002598187515364251,0.07833054212987038,11.718673218673219,0.24447174447174447,1.2542763332879239,0.09117813170676607,-0.058008598537232905
1629750,Javonte Green,CHI,328,0.027439024390243903,0.0029686028662607744,0.10818908223705934,12.414634146341463,0.21951219512195122,1.4206887052877275,0.09117813170676607,-0.06373910731652217
1628366,Lonzo Ball,CHI,356,0.025280898876404494,0.0028403030739606963,0.11234976603666753,12.337078651685394,0.18258426966292135,1.2608880711545007,0.09117813170676607,-0.06589723283036159
201152,Thaddeus Young,CHI,1160,0.01810344827586207,0.001224808637698025,0.06765609617760521,11.056034482758621,0.25948275862068965,1.2870284580768712,0.09117813170676607,-0.07307468343090401
203490,Otto Porter Jr.,CHI,514,0.017509727626459144,0.0008071355740146493,0.04609640944928109,12.027237354085603,0.1828793774319066,1.2380355208638112,0.09117813170676607,-0.07366840408030692
202066,Garrett Temple,CHI,359,0.011142061281337047,0.000737263279359141,0.0661693793224829,11.92200557103064,0.2590529247910863,1.2629864697405817,0.09117813170676607,-0.08003607042542903
201942,DeMar DeRozan,CHI,1434,0.008368200836820083,0.00019865060000617759,0.023738746700738222,10.927475592747559,0.24407252440725244,1.1643335321256327,0.09117813170676607,-0.082809930869946
202696,Nikola Vucevic,CHI,1553,0.003219575016097875,0.00014764806934671062,0.045859490339088316,11.052157115260785,0.23567289117836446,1.2428598101531294,0.09117813170676607,-0.0879585566906682
2548,Dwyane Wade,CLE,405,0.1654320987654321,0.010980113213959454,0.06637232614408327,13.118518518518519,0.1728395061728395,1.1568624685891844,0.07591419623725541,0.0895179025281767
202389,Timofey Mozgov,CLE,327,0.1559633027522936,0.023254476703188844,0.1491022329792696,10.749235474006117,0.28134556574923547,1.3014425127333522,0.07591419623725541,0.08004910651503817
202697,Iman Shumpert,CLE,761,0.12746386333771353,0.01122027581275764,0.08802711230421201,11.063074901445466,0.28383705650459923,1.1920994350751446,0.07591419623725541,0.05154966710045812
1627790,Ante Zizic,CLE,434,0.12672811059907835,0.011285076252122191,0.08904951078947329,11.304147465437788,0.22350230414746544,1.2874672016716664,0.07591419623725541,0.050813914361822934
201145,Jeff Green,CLE,544,0.12316176470588236,0.010142540361968577,0.08235137249120757,11.522058823529411,0.2959558823529412,1.2304063673449839,0.07591419623725541,0.047247568468626946
203109,Jae Crowder,CLE,347,0.11239193083573487,0.008024285581283501,0.07139556658218908,12.780979827089338,0.2132564841498559,1.2548058520742762,0.07591419623725541,0.03647773459847946
202684,Tristan Thompson,CLE,1760,0.10965909090909091,0.014989464400828573,0.13669148883657142,11.339772727272727,0.275,1.3343520568845064,0.07591419623725541,0.0337448946718355
202681,Kyrie Irving,CLE,2097,0.1072961373390558,0.011694377517342034,0.10899159846162777,11.830710538865045,0.2184072484501669,1.172839628323049,0.07591419623725541,0.031381941101800384
2544,LeBron James,CLE,3888,0.09259259259259259,0.009912369210442798,0.1070535874727822,11.878086419753087,0.2734053497942387,1.3017532123757958,0.07591419623725541,0.016678396355337174
202692,Alec Burks,CLE,304,0.09210526315789473,0.00660810359036691,0.07174512469541217,10.12171052631579,0.3881578947368421,1.1679255036685015,0.07591419623725541,0.01619106692063932
1630596,Evan Mobley,CLE,751,0.07989347536617843,0.008463924127560835,0.10594011699663647,10.382157123834887,0.322237017310253,1.2770674581891583,0.07591419623725541,0.003979279128923013
2747,JR Smith,CLE,1684,0.07897862232779097,0.007236580795269479,0.09162708315213386,11.741092636579573,0.24703087885985747,1.1983523419156996,0.07591419623725541,0.0030644260905355603
2210,Richard Jefferson,CLE,585,0.07863247863247863,0.007906049775544629,0.10054432866725233,10.864957264957265,0.3076923076923077,1.2919826336239006,0.07591419623725541,0.0027182823952232177
203521,Matthew Dellavedova,CLE,880,0.07386363636363637,0.0099110552261471,0.13418043998476073,11.181818181818182,0.2636363636363636,1.1623849973255218,0.07591419623725541,-0.0020505598736190456
201567,Kevin Love,CLE,4262,0.0692163303613327,0.006167287287428763,0.08910162175939453,11.369544814641014,0.2571562646644768,1.190156299713113,0.07591419623725541,-0.006697865875922707
1629012,Collin Sexton,CLE,3252,0.06888068880688807,0.006312074936744281,0.09163780220666251,11.867773677736777,0.23862238622386223,1.2032148312893027,0.07591419623725541,-0.007033507430367347
101112,Channing Frye,CLE,893,0.0683090705487122,0.0036549645777248277,0.053506284719807735,11.049272116461367,0.2642777155655095,1.2287946322783037,0.07591419623725541,-0.007605125688543213
1629645,Kevin Porter Jr.,CLE,381,0.06561679790026247,0.0053783669686435324,0.08196631260212744,11.527559055118111,0.2677165354330709,1.2618433763154402,0.07591419623725541,-0.010297398336992947
203918,Rodney Hood,CLE,614,0.06514657980456026,0.005372117462449347,0.08246200304859748,10.636807817589576,0.3257328990228013,1.1600975247414744,0.07591419623725541,-0.010767616432695151
1626204,Larry Nance Jr.,CLE,1175,0.06042553191489362,0.0038813234018689273,0.06423316897459139,11.262127659574467,0.265531914893617,1.369041054487733,0.07591419623725541,-0.015488664322361796
1630171,Isaac Okoro,CLE,895,0.05810055865921788,0.005906821402429668,0.10166548375335681,11.46703910614525,0.3039106145251397,1.3201867613928502,0.07591419623725541,-0.017813637578037535
201937,Ricky Rubio,CLE,376,0.05585106382978723,0.00411567140188014,0.07369011652890155,11.23936170212766,0.2845744680851064,1.1773109674933762,0.07591419623725541,-0.02006313240746818
1628386,Jarrett Allen,CLE,863,0.054461181923522596,0.0060590578910530764,0.11125461616976179,10.776361529548089,0.2769409038238702,1.4828504515427081,0.07591419623725541,-0.021453014313732817
1630205,Lamar Stevens,CLE,409,0.05378973105134474,0.0055932526566883165,0.10398365166297822,11.10757946210269,0.30317848410757947,1.26071386707256,0.07591419623725541,-0.02212446518591067
203083,Andre Drummond,CLE,453,0.05077262693156733,0.0033581173062143983,0.06614031042239664,11.066225165562914,0.293598233995585,1.3398287180670938,0.07591419623725541,-0.02514156930568808
203903,Jordan Clarkson,CLE,1623,0.04805914972273567,0.0023163304375941073,0.04819749102840045,11.284658040665434,0.2735674676524954,1.2024000273908175,0.07591419623725541,-0.02785504651451974
2594,Kyle Korver,CLE,776,0.04639175257731959,0.00249631989305542,0.053809562139194606,12.63659793814433,0.1713917525773196,1.257739273684486,0.07591419623725541,-0.029522443659935824
1629636,Darius Garland,CLE,2419,0.04299297230260438,0.0039707166933130875,0.09235734308773419,11.377428689541132,0.26787928896238117,1.1976498867316006,0.07591419623725541,-0.03292122393465103
1626224,Cedi Osman,CLE,2566,0.03819173811379579,0.004070116037014178,0.10657058929569774,11.325409197194077,0.2868277474668745,1.2615700103772975,0.07591419623725541,-0.037722458123459625
1628374,Lauri Markkanen,CLE,639,0.028169014084507043,0.0019067579799034453,0.06768990828657231,11.701095461658841,0.26291079812206575,1.3043628363642183,0.07591419623725541,-0.04774518215274837
1629731,Dean Wade,CLE,500,0.022,0.0015822977596505197,0.07192262543865999,11.372,0.304,1.2774066577604826,0.07591419623725541,-0.053914196237255414
2585,Zaza Pachulia,DAL,434,0.2672811059907834,0.03179593616427347,0.11896065771805762,11.495391705069125,0.27880184331797236,1.1414628963964044,0.06024259980085091,0.20703850618993253
101111,Charlie Villanueva,DAL,305,0.1180327868852459,0.016858933839081575,0.1428326339144411,11.701639344262295,0.2098360655737705,1.180823016873565,0.06024259980085091,0.057790187084395
101114,Deron Williams,DAL,1116,0.11379928315412187,0.014544615241180878,0.1278093748752587,11.007168458781361,0.267921146953405,1.1416848699722242,0.06024259980085091,0.05355668335327096
101109,Raymond Felton,DAL,608,0.11348684210526316,0.01336266491983188,0.1177463807428664,10.296052631578947,0.3371710526315789,1.1467338057959815,0.06024259980085091,0.053244242304412256
1626246,Boban Marjanovic,DAL,372,0.11021505376344086,0.009843901022421525,0.08931539464245872,11.088709677419354,0.21505376344086022,1.2659229809704413,0.06024259980085091,0.04997245396258995
203939,Dwight Powell,DAL,2235,0.10111856823266219,0.01051172473124794,0.10395444590415552,11.358389261744966,0.22058165548098435,1.4475611973038733,0.06024259980085091,0.04087596843181128
1626147,Justin Anderson,DAL,415,0.09397590361445783,0.014303109132742672,0.1521997510279028,10.773493975903614,0.29397590361445786,1.2472776973062698,0.06024259980085091,0.033733303813606924
1717,Dirk Nowitzki,DAL,2726,0.08950843727072634,0.005576408779666546,0.06230037021873363,10.942773294203961,0.2740278796771827,1.0947320915843284,0.06024259980085091,0.029265837469875433
1628372,Dennis Smith Jr.,DAL,1267,0.08681925808997633,0.007856062177133853,0.09048755253116901,12.646408839779005,0.19494869771112866,1.2235375152605847,0.06024259980085091,0.02657665828912542
1627812,Yogi Ferrell,DAL,989,0.0788675429726997,0.008484579586060623,0.10758011808479431,12.335692618806876,0.224469160768453,1.1703553667735649,0.06024259980085091,0.01862494317184879
200826,J.J. Barea,DAL,2121,0.07496463932107496,0.00819005207456475,0.10925220408900525,11.478547854785479,0.24516737388024518,1.1852717491242228,0.06024259980085091,0.01472203952022405
1626153,Delon Wright,DAL,376,0.07446808510638298,0.009897846829251915,0.13291394313566857,12.058510638297872,0.22340425531914893,1.215180472853555,0.06024259980085091,0.014225485305532068
202718,Chandler Parsons,DAL,605,0.0743801652892562,0.010323244406222475,0.13879028590587994,11.593388429752066,0.23801652892561984,1.2265377236705033,0.06024259980085091,0.014137565488405293
1626257,Salah Mejri,DAL,413,0.06537530266343826,0.008497041342265014,0.12997326201316484,11.728813559322035,0.2639225181598063,1.459948690027589,0.06024259980085091,0.005132702862587352
1630182,Josh Green,DAL,316,0.06329113924050633,0.00564002541162123,0.08911240150361545,11.958860759493671,0.23417721518987342,1.2972543511961663,0.06024259980085091,0.003048539439655426
2734,Devin Harris,DAL,1209,0.062034739454094295,0.0079633630394482,0.12836941219590497,11.764267990074442,0.24979321753515302,1.2416164504973506,0.06024259980085091,0.001792139653243388
203552,Seth Curry,DAL,1176,0.05952380952380952,0.004332723379775103,0.0727897527802217,11.078231292517007,0.2687074829931973,1.2087138627004312,0.06024259980085091,-0.0007187902770413868
203084,Harrison Barnes,DAL,2959,0.049678945589726256,0.00351421659072709,0.0707385502854521,10.053058465697871,0.34268333896586683,1.1806901576560254,0.06024259980085091,-0.010563654211124651
203504,Trey Burke,DAL,777,0.043758043758043756,0.0038886773374625727,0.08886771444730644,11.391248391248391,0.24967824967824967,1.195341235700913,0.06024259980085091,-0.01648455604280715
202083,Wesley Matthews,DAL,2629,0.04222137694941042,0.0041671544896130005,0.09869774011885206,10.841764929631038,0.29593001141118297,1.1954684100051425,0.06024259980085091,-0.018021222851440484
1628973,Jalen Brunson,DAL,2386,0.039815590947191955,0.003594807582812095,0.0902864304483122,11.108130762782901,0.2732606873428332,1.194982492896098,0.06024259980085091,-0.020427008853658953
1629029,Luka Doncic,DAL,4803,0.036019154694982305,0.003633548347567959,0.10087822377669889,11.167603581095149,0.254840724547158,1.2118301124514743,0.06024259980085091,-0.024223445105868602
1627827,Dorian Finney-Smith,DAL,2435,0.03367556468172485,0.00414059103223037,0.12295535565220672,11.719507186858316,0.2373716632443532,1.3190764220782023,0.06024259980085091,-0.02656703511912606
204001,Kristaps Porzingis,DAL,1997,0.02904356534802203,0.0019357294895436304,0.06664916880376949,11.060590886329495,0.24636955433149724,1.2350265630922481,0.06024259980085091,-0.031199034452828876
1628382,Justin Jackson,DAL,506,0.02766798418972332,0.0018715872533106917,0.06764451072680071,11.401185770750988,0.24703557312252963,1.2335021488848161,0.06024259980085091,-0.03257461561112759
201599,DeAndre Jordan,DAL,304,0.02631578947368421,0.0026328299775711717,0.10004753914770452,11.87828947368421,0.19407894736842105,1.6482824793480038,0.06024259980085091,-0.0339268103271667
203501,Tim Hardaway Jr.,DAL,2449,0.026133115557370357,0.0026799533496231305,0.10255008989417261,11.76194365046958,0.22090649244589627,1.2330296868652015,0.06024259980085091,-0.03410948424348055
1628467,Maxi Kleber,DAL,1716,0.024475524475524476,0.002798656298282067,0.11434510018695306,10.843240093240093,0.270979020979021,1.3091706489844352,0.06024259980085091,-0.03576707532532643
1626196,Josh Richardson,DAL,576,0.022569444444444444,0.0015513670180560954,0.06873749249233162,11.333333333333334,0.2586805555555556,1.2140185803505716,0.06024259980085091,-0.03767315535640646
203493,Reggie Bullock,DAL,469,0.010660980810234541,0.0011258860436534894,0.10560811089469731,12.125799573560768,0.24093816631130063,1.3059580122651262,0.06024259980085091,-0.04958161899061637
201589,Darrell Arthur,DEN,694,0.2838616714697406,0.02441181516562136,0.08599898337533614,11.112391930835734,0.26368876080691644,1.0975751064371304,0.10517933648863866,0.17868233498110198
203994,Jusuf Nurkic,DEN,503,0.27435387673956263,0.038545681659786314,0.14049621648458344,11.427435387673956,0.2823061630218688,1.1180889659395896,0.10517933648863866,0.169174540250924
1626144,Emmanuel Mudiay,DEN,1621,0.25724861196792104,0.029535776598869214,0.11481413397306234,11.950647748303517,0.2282541640962369,1.1125286457854087,0.10517933648863866,0.1520692754792824
203530,Joffrey Lauvergne,DEN,344,0.2063953488372093,0.0232899429568423,0.1128414137627289,10.622093023255815,0.313953488372093,1.1860173431169452,0.10517933648863866,0.10121601234857065
202702,Kenneth Faried,DEN,1061,0.20169651272384542,0.03002346608239973,0.14885466127769215,12.9066918001885,0.2054665409990575,1.2616066492978961,0.10517933648863866,0.09651717623520677
200751,Randy Foye,DEN,302,0.18874172185430463,0.022715319515172572,0.12035134199266871,11.241721854304636,0.23841059602649006,1.1325976429396707,0.10517933648863866,0.08356238536566597
201568,Danilo Gallinari,DEN,1319,0.17892342683851403,0.021170567476536478,0.11832194280318478,11.106141015921152,0.26611068991660347,1.1662561469615056,0.10517933648863866,0.07374409034987538
2749,Jameer Nelson,DEN,819,0.13553113553113552,0.015335484426391923,0.11315100671364851,11.615384615384615,0.23321123321123322,1.1476867373723416,0.10517933648863866,0.030351799042496866
201163,Wilson Chandler,DEN,1429,0.12806158152554234,0.016947380528316843,0.13233774193969822,11.925822253324002,0.22673198040587825,1.192776729674008,0.10517933648863866,0.022882245036903684
1628408,P.J. Dozier,DEN,555,0.11891891891891893,0.014824144254243025,0.12465757668340725,11.03963963963964,0.2918918918918919,1.1676187616249623,0.10517933648863866,0.01373958243028027
203115,Will Barton,DEN,4939,0.11804008908685969,0.014082072183323227,0.11929906434551185,12.715124519133427,0.2022676655193359,1.2078590421512159,0.10517933648863866,0.012860752598221031
203924,Jerami Grant,DEN,588,0.11224489795918367,0.0115940499627713,0.10329244512287158,11.064625850340136,0.25170068027210885,1.239478002277042,0.10517933648863866,0.007065561470545018
1626168,Trey Lyles,DEN,941,0.08926673751328375,0.009674379656174235,0.10837608638642804,11.713071200850159,0.2051009564293305,1.2128840226699105,0.10517933648863866,-0.015912598975354908
203999,Nikola Jokic,DEN,6711,0.08359409924005365,0.008025118297895368,0.09600101407696224,10.679034421099686,0.2841603337803606,1.229958728706563,0.10517933648863866,-0.021585237248585007
203932,Aaron Gordon,DEN,958,0.08350730688935282,0.005396181537440072,0.06461927391084486,11.869519832985386,0.2254697286012526,1.3429166062298439,0.10517933648863866,-0.02167202959928584
200794,Paul Millsap,DEN,1804,0.08314855875831485,0.00654669019367958,0.07873486072931975,11.297671840354766,0.26108647450110867,1.2151438262139562,0.10517933648863866,-0.022030777730323803
1627736,Malik Beasley,DEN,1201,0.08076602830974189,0.00852804179392795,0.10558946592275739,12.581182348043297,0.1990008326394671,1.2316500405522268,0.10517933648863866,-0.024413308178896767
1629008,Michael Porter Jr.,DEN,1218,0.07881773399014778,0.007697536841898032,0.09766249868158128,12.587027914614122,0.1863711001642036,1.282195898269079,0.10517933648863866,-0.02636160249849087
203914,Gary Harris,DEN,3401,0.07733019700088209,0.008342828535781364,0.10788577889807002,12.430461628932667,0.21376065862981475,1.2741732628108462,0.10517933648863866,-0.027849139487756566
1627750,Jamal Murray,DEN,4194,0.0765379113018598,0.007808812735721132,0.10202542247231909,11.656652360515022,0.24201239866475918,1.1973579277019022,0.10517933648863866,-0.028641425186778854
203486,Mason Plumlee,DEN,1130,0.07610619469026549,0.008825654476925127,0.1159649948712255,11.254867256637167,0.2584070796460177,1.426252051609701,0.10517933648863866,-0.02907314179837317
1627823,Juancho Hernangomez,DEN,671,0.07600596125186289,0.012650109951665512,0.16643576034446192,12.326378539493293,0.20417287630402384,1.272386904771805,0.10517933648863866,-0.029173375236775767
1628470,Torrey Craig,DEN,694,0.06628242074927954,0.008644562744380193,0.13042014227390988,11.886167146974064,0.2622478386167147,1.305168825478008,0.10517933648863866,-0.03889691573935912
1630538,Bones Hyland,DEN,520,0.057692307692307696,0.005335480090612199,0.09248165490394479,11.63076923076923,0.2423076923076923,1.202635206349916,0.10517933648863866,-0.04748702879633096
203210,JaMychal Green,DEN,647,0.0571870170015456,0.005837387776535672,0.10207540247077242,11.284389489953632,0.23802163833075735,1.3208045724374866,0.10517933648863866,-0.04799231948709306
201145,Jeff Green,DEN,491,0.05295315682281059,0.005937204262767576,0.1121218189622646,11.016293279022403,0.319755600814664,1.3480149222110083,0.10517933648863866,-0.052226179665828064
1628420,Monte Morris,DEN,2252,0.04706927175843695,0.0042576302732961705,0.09045456014587712,11.924067495559502,0.23712255772646537,1.2157682461133772,0.10517933648863866,-0.05811006473020171
203085,Austin Rivers,DEN,428,0.03271028037383177,0.003224221456008388,0.09856905594082788,10.934579439252337,0.2967289719626168,1.2556859191351522,0.10517933648863866,-0.07246905611480689
1630267,Facundo Campazzo,DEN,531,0.032015065913371,0.0023344350482348195,0.07291676533015817,11.698681732580038,0.2787193973634652,1.2396635703606185,0.10517933648863866,-0.07316427057526766
203382,Aron Baynes,DET,585,0.17606837606837608,0.02074305095441863,0.1178124738673291,12.073504273504273,0.24444444444444444,1.1394435678094423,0.09111454465788806,0.08495383141048803
202720,Jon Leuer,DET,748,0.1751336898395722,0.014363866466303886,0.08201658104423899,12.052139037433156,0.20989304812834225,1.1578935005138546,0.09111454465788806,0.08401914518168414
101141,Ersan Ilyasova,DET,474,0.16244725738396623,0.026855199807907383,0.16531642479153374,12.552742616033756,0.19831223628691982,1.1097675000693186,0.09111454465788806,0.07133271272607818
1626169,Stanley Johnson,DET,1681,0.1588340273646639,0.020229237289460668,0.127360853496567,11.903033908387865,0.26710291493158833,1.1147661583468882,0.09111454465788806,0.06771948270677584
202694,Marcus Morris Sr.,DET,1755,0.1259259259259259,0.013958403935164123,0.11084614889689157,10.39031339031339,0.31851851851851853,1.0784794578769243,0.09111454465788806,0.03481138126803786
202397,Ish Smith,DET,1812,0.12527593818984548,0.011779651876414221,0.09402964405313907,11.938189845474614,0.25055187637969095,1.0873708421847517,0.09111454465788806,0.03416139353195742
202699,Tobias Harris,DET,1967,0.12201321809862735,0.015016830249222695,0.1230754379175877,11.25063548551093,0.25826131164209454,1.1480581391823421,0.09111454465788806,0.030898673440739294
203484,Kentavious Caldwell-Pope,DET,1737,0.11686816350028785,0.014221847425558888,0.12169137427682655,12.063903281519861,0.20207253886010362,1.1383544622565713,0.09111454465788806,0.025753618842399795
202704,Reggie Jackson,DET,3379,0.11660254513169577,0.015988610539527635,0.13712059647985755,11.49334122521456,0.24267534773601657,1.1304261974248846,0.09111454465788806,0.025488000473807712
1630240,Saben Lee,DET,349,0.11461318051575932,0.015122161858020663,0.1319408622112303,12.472779369627506,0.22063037249283668,1.1993743378910569,0.09111454465788806,0.023498635857871264
1628971,Bruce Brown,DET,689,0.11175616835994194,0.011487219301459987,0.10278823504812898,10.936139332365748,0.34107402031930334,1.1793697170410973,0.09111454465788806,0.020641623702053885
1628977,Hamidou Diallo,DET,641,0.0967238689547582,0.008709478247315718,0.09004476704079638,12.082683307332294,0.24492979719188768,1.1609080213921887,0.09111454465788806,0.0056093242968701384
1630165,Killian Hayes,DET,602,0.0946843853820598,0.008306182365262746,0.08772494357698547,11.471760797342192,0.22591362126245848,1.1387896635842063,0.09111454465788806,0.003569840724171741
1630191,Isaiah Stewart,DET,829,0.08926417370325694,0.009537161622954017,0.10684198628957947,12.054282267792521,0.18455971049457176,1.2200478488711886,0.09111454465788806,-0.0018503709546311142
1626174,Christian Wood,DET,464,0.08405172413793104,0.011693673064070324,0.1391247256853495,11.90948275862069,0.21982758620689655,1.2968511777129503,0.09111454465788806,-0.007062820519957019
1628367,Josh Jackson,DET,857,0.07701283547257877,0.00893074560371424,0.11596437852095613,11.8389731621937,0.24737456242707118,1.1816701966897634,0.09111454465788806,-0.014101709185309286
203924,Jerami Grant,DET,1494,0.07563587684069611,0.0077608135678230985,0.10260757053387351,10.819946452476573,0.2757697456492637,1.1701130607521544,0.09111454465788806,-0.01547866781719194
203083,Andre Drummond,DET,3985,0.07377666248431619,0.009074930816239005,0.12300543980514433,12.370138017565871,0.23538268506900878,1.2820581868795256,0.09111454465788806,-0.017337882173571864
203493,Reggie Bullock,DET,1126,0.07104795737122557,0.006960607132785417,0.09797054539395474,12.150976909413854,0.21403197158081705,1.204863592118666,0.09111454465788806,-0.020066587286662482
1626168,Trey Lyles,DET,354,0.06779661016949153,0.006042618481256438,0.08912862259853245,11.725988700564972,0.19491525423728814,1.1847788749235038,0.09111454465788806,-0.02331793448839653
204038,Langston Galloway,DET,1357,0.06632277081798084,0.0058546454159966645,0.08827504255008305,11.824613117170228,0.21812822402358142,1.1920541631213604,0.09111454465788806,-0.024791773839907216
1629635,Sekou Doumbouya,DET,487,0.06365503080082136,0.0064152094355189575,0.10078087080960428,11.182751540041068,0.3059548254620123,1.250511626862728,0.09111454465788806,-0.0274595138570667
202340,Avery Bradley,DET,524,0.06297709923664122,0.004983159818508486,0.07912653772419535,12.41793893129771,0.19083969465648856,1.1831895232923908,0.09111454465788806,-0.02813744542124684
203486,Mason Plumlee,DET,338,0.0621301775147929,0.0045313740094526204,0.07293354358071358,10.502958579881657,0.30177514792899407,1.4051156897238868,0.09111454465788806,-0.028984367143095158
1630595,Cade Cunningham,DET,962,0.061330561330561334,0.006328294190628978,0.10318337307432335,11.555093555093555,0.22765072765072766,1.165318964472721,0.09111454465788806,-0.02978398332732672
1628379,Luke Kennard,DET,1238,0.06058158319870759,0.005608733686641739,0.09258149738749966,11.609046849757673,0.23263327948303716,1.1675155348746784,0.09111454465788806,-0.030532961459180462
1628402,Frank Jackson,DET,717,0.0599721059972106,0.005642645262685649,0.09408782914757234,11.499302649930264,0.21896792189679218,1.1938392906634177,0.09111454465788806,-0.03114243866067746
1629004,Svi Mykhailiuk,DET,588,0.05782312925170068,0.006915993385479814,0.11960600325476853,12.301020408163266,0.22108843537414966,1.2285826464414136,0.09111454465788806,-0.03329141540618737
201933,Blake Griffin,DET,1967,0.05388917132689375,0.005363270452737422,0.09952408472202365,10.531774275546518,0.3218098627351296,1.2197225702745043,0.09111454465788806,-0.03722537333099431
1630180,Saddiq Bey,DET,1672,0.05203349282296651,0.005092010153496394,0.09786024111087321,11.366626794258373,0.26973684210526316,1.2105229416876384,0.09111454465788806,-0.03908105183492155
201565,Derrick Rose,DET,872,0.04472477064220184,0.0024559718609582265,0.054913011865527515,11.68348623853211,0.22935779816513763,1.1508369169960282,0.09111454465788806,-0.04638977401568622
202709,Cory Joseph,DET,510,0.041176470588235294,0.0035920999563921123,0.08723671322666558,10.674509803921568,0.3215686274509804,1.1733430656275243,0.09111454465788806,-0.04993807406965276
201229,Anthony Tolliver,DET,740,0.033783783783783786,0.003336560678432137,0.09876219608159126,12.294594594594594,0.20405405405405405,1.2490823116292953,0.09111454465788806,-0.05733076087410427
203503,Tony Snell,DET,351,0.022792022792022793,0.0019261841282254707,0.08451132862589253,11.37037037037037,0.27635327635327633,1.263898798162976,0.09111454465788806,-0.06832252186586527
201961,Wayne Ellington,DET,575,0.022608695652173914,0.002508393091032538,0.1109481559495161,11.513043478260869,0.2573913043478261,1.271810564559839,0.09111454465788806,-0.06850584900571415
202693,Markieff Morris,DET,343,0.02040816326530612,0.0013842812501340118,0.06782978125656658,10.962099125364432,0.27113702623906705,1.2320447287299248,0.09111454465788806,-0.07070638139258194
201578,Marreese Speights,GSW,417,0.3597122302158273,0.04478249001755199,0.12449532224879453,11.357314148681056,0.2446043165467626,1.0202129759292382,0.10133585211172581,0.2583763781041015
2585,Zaza Pachulia,GSW,516,0.27906976744186046,0.02961243936100486,0.10611124104360074,13.470930232558139,0.1375968992248062,1.158371308233255,0.10133585211172581,0.17773391533013466
1630164,James Wiseman,GSW,348,0.20689655172413793,0.02300110636721618,0.11117201410821156,12.46264367816092,0.14655172413793102,1.2598561748277681,0.10133585211172581,0.10556069961241211
2561,David West,GSW,567,0.20634920634920634,0.013026133023661835,0.06312664465313043,11.493827160493828,0.25749559082892415,1.1303807393441045,0.10133585211172581,0.10501335423748052
1628395,Jordan Bell,GSW,337,0.18694362017804153,0.01916379741567093,0.10251110681081116,12.540059347181009,0.20771513353115728,1.3064580066104063,0.10133585211172581,0.08560776806631572
203084,Harrison Barnes,GSW,594,0.18181818181818182,0.02483934666672232,0.13661640666697278,11.590909090909092,0.25084175084175087,1.1911686203065817,0.10133585211172581,0.08048232970645601
1629672,Eric Paschall,GSW,888,0.17567567567567569,0.018096121536449374,0.10300869182286568,11.22072072072072,0.23648648648648649,1.1771216044013544,0.10133585211172581,0.07433982356394987
2571,Leandro Barbosa,GSW,332,0.16265060240963855,0.02634180004414974,0.161953289160328,12.882530120481928,0.21385542168674698,1.1854601465895258,0.10133585211172581,0.06131475029791274
2733,Shaun Livingston,GSW,1152,0.1605902777777778,0.014388732639455927,0.08959902703055798,12.059027777777779,0.23524305555555555,1.174132543559105,0.10133585211172581,0.05925442566605198
202692,Alec Burks,GSW,547,0.15356489945155394,0.013783014932283578,0.08975368057094187,11.343692870201098,0.26691042047531993,1.1247973825338922,0.10133585211172581,0.052229047339828125
1626172,Kevon Looney,GSW,1183,0.14539306846999156,0.018301819018184225,0.1258782087122787,11.037193575655115,0.23076923076923078,1.3376706911731946,0.10133585211172581,0.04405721635826575
203922,Glenn Robinson III,GSW,490,0.1346938775510204,0.0132159686817221,0.09811855536430043,12.66530612244898,0.18775510204081633,1.1808446526763632,0.10133585211172581,0.0333580254392946
1627775,Patrick McCaw,GSW,440,0.1340909090909091,0.016845278058150174,0.1256258024675606,12.381818181818181,0.20227272727272727,1.2203210787357484,0.10133585211172581,0.03275505697918328
203110,Draymond Green,GSW,3202,0.12429731417863835,0.016373874020606898,0.1317315191306113,12.246408494690819,0.2033104309806371,1.2355649047881558,0.10133585211172581,0.022961462066912533
203546,Ian Clark,GSW,574,0.12020905923344948,0.01621780738030713,0.13491335414922165,11.461672473867596,0.25435540069686413,1.166585609144655,0.10133585211172581,0.018873207121723662
1630228,Jonathan Kuminga,GSW,434,0.1152073732718894,0.014498530080812106,0.12584724110144907,11.14516129032258,0.271889400921659,1.2704926471858007,0.10133585211172581,0.013871521160163588
1629065,Ky Bowman,GSW,300,0.11,0.01299739730441018,0.11815815731281981,11.783333333333333,0.23,1.1804611346138194,0.10133585211172581,0.008664147888274187
203145,Kent Bazemore,GSW,370,0.10810810810810811,0.0118999607467885,0.11007463690779362,12.22972972972973,0.21351351351351353,1.2163205014004554,0.10133585211172581,0.006772255996382301
201973,Jonas Jerebko,GSW,328,0.10670731707317073,0.009012650693595877,0.08446141221426993,11.987804878048781,0.19207317073170732,1.2312406778501652,0.10133585211172581,0.005371464961444916
1626188,Quinn Cook,GSW,648,0.10493827160493827,0.009045251536676577,0.08619592640832974,12.368827160493828,0.20987654320987653,1.1904572971540333,0.10133585211172581,0.0036024194932124526
202326,DeMarcus Cousins,GSW,353,0.1048158640226629,0.008928791425588693,0.0851854965738597,11.19830028328612,0.24929178470254956,1.2015504737552616,0.10133585211172581,0.003480011910937081
1627737,Marquese Chriss,GSW,368,0.10054347826086957,0.00914061631561569,0.09091207578774525,12.081521739130435,0.18206521739130435,1.3657191584566426,0.10133585211172581,-0.0007923738508562456
202691,Klay Thompson,GSW,5609,0.0994829737921198,0.00829863891187308,0.08341768038834428,12.751114280620431,0.17115350329827064,1.2230465758496987,0.10133585211172581,-0.0018528783196060106
1629308,Juan Toscano-Anderson,GSW,464,0.09482758620689655,0.010252073564899928,0.10811277577530828,11.767241379310345,0.22844827586206898,1.3102066433525288,0.10133585211172581,-0.006508265904829266
201156,Nick Young,GSW,453,0.09271523178807947,0.008632004925949092,0.09310233884416522,13.02869757174393,0.2185430463576159,1.2059317271633576,0.10133585211172581,-0.008620620323646341
201580,JaVale McGee,GSW,472,0.08898305084745763,0.01057814836589241,0.11887823877860042,12.622881355932204,0.18008474576271186,1.4914633927262713,0.10133585211172581,-0.012352801264268187
2738,Andre Iguodala,GSW,1357,0.08179808400884303,0.00953097391839274,0.11651830276809866,11.55858511422255,0.2726602800294768,1.3431488932794622,0.10133585211172581,-0.019537768102882783
1626156,D'Angelo Russell,GSW,602,0.08139534883720931,0.003581004679714169,0.043995200350774075,12.779069767441861,0.1611295681063123,1.162347581979596,0.10133585211172581,-0.019940503274516505
1626162,Kelly Oubre Jr.,GSW,690,0.07971014492753623,0.008503884970035971,0.10668510235136036,12.052173913043479,0.18405797101449275,1.2717893991492761,0.10133585211172581,-0.021625707184189588
203952,Andrew Wiggins,GSW,2146,0.0750232991612302,0.003946799282213194,0.052607647575338604,11.421248835041938,0.21621621621621623,1.2171895016757772,0.10133585211172581,-0.026312552950495616
1629673,Jordan Poole,GSW,1895,0.07493403693931398,0.006157516689721931,0.08217249385227506,12.255408970976253,0.18522427440633246,1.1856010800390595,0.10133585211172581,-0.02640181517241183
202357,Nemanja Bjelica,GSW,316,0.07278481012658228,0.007411154219191873,0.10182281448976661,11.746835443037975,0.2088607594936709,1.2187613126029215,0.10133585211172581,-0.028551041985143535
1627780,Gary Payton II,GSW,334,0.0658682634730539,0.008216119586112772,0.12473563371643932,12.553892215568862,0.18263473053892215,1.3680325809084215,0.10133585211172581,-0.035467588638671915
1627814,Damion Lee,GSW,1194,0.06448911222780569,0.006328976218698872,0.0981402286380059,11.804857621440537,0.2102177554438861,1.2029146574537732,0.10133585211172581,-0.03684673988392012
201939,Stephen Curry,GSW,7364,0.05608365019011407,0.005978027134952994,0.10659126349102628,13.136746333514393,0.14502987506789788,1.2927002924167352,0.10133585211172581,-0.045252201921611744
201142,Kevin Durant,GSW,3408,0.03931924882629108,0.002726295619358646,0.06933742888637512,12.795481220657276,0.1892605633802817,1.2720484081721684,0.10133585211172581,-0.062016603285434735
203490,Otto Porter Jr.,GSW,388,0.020618556701030927,0.0007286462074805897,0.0353393410628086,11.646907216494846,0.23711340206185566,1.3124080102318945,0.10133585211172581,-0.08071729541069489
1628539,Mychal Mulder,GSW,318,0.012578616352201259,0.00020436888539803776,0.016247326389144,12.10062893081761,0.17295597484276728,1.2651482803958674,0.10133585211172581,-0.08875723575952456
203093,Terrence Jones,HOU,324,0.19135802469135801,0.03525643682925002,0.18424331504317748,11.62037037037037,0.25617283950617287,1.1731137797427411,0.06463878326996197,0.12671924142139604
1626149,Montrezl Harrell,HOU,387,0.15762273901808785,0.022616610220221874,0.1434857074627191,12.832041343669252,0.17829457364341086,1.4245159698898386,0.06463878326996197,0.09298395574812587
2403,Nene,HOU,689,0.1509433962264151,0.012529189470687816,0.08300588024330678,11.891146589259797,0.22351233671988388,1.370313970865239,0.06463878326996197,0.08630461295645311
201977,Marcus Thornton,HOU,394,0.12944162436548223,0.016526034695217472,0.12767171901795457,12.48477157360406,0.2131979695431472,1.160915309374443,0.06463878326996197,0.06480284109552026
2730,Dwight Howard,HOU,547,0.12431444241316271,0.03092013272493415,0.24872518530204382,11.888482632541134,0.24680073126142596,1.3622012743082041,0.06463878326996197,0.059675659143200735
201147,Corey Brewer,HOU,681,0.09838472834067548,0.012338064732695221,0.1254062997457529,12.759177679882526,0.21145374449339208,1.2545891771430497,0.06463878326996197,0.033745945070713504
1630256,Jae'Sean Tate,HOU,1259,0.08975377283558379,0.010454464745452564,0.11647939039402458,11.278792692613186,0.25019857029388404,1.2467317813606833,0.06463878326996197,0.025114989565621818
201976,Patrick Beverley,HOU,1032,0.08527131782945736,0.012468469858945827,0.14622114652763743,12.030038759689923,0.22868217054263565,1.2019473933639162,0.06463878326996197,0.02063253455949539
1630578,Alperen Sengun,HOU,471,0.08492569002123142,0.009244875385737185,0.10885840766705535,9.910828025477707,0.3375796178343949,1.2376659324959753,0.06463878326996197,0.020286906751269443
203991,Clint Capela,HOU,2526,0.07838479809976247,0.01454241293297557,0.18552593469038534,12.81631037212985,0.16983372921615203,1.4906404988419075,0.06463878326996197,0.013746014829800493
1626155,Sam Dekker,HOU,385,0.07792207792207792,0.014013761460702177,0.17984327207901127,13.07012987012987,0.16883116883116883,1.3071381375959805,0.06463878326996197,0.013283294652115946
201566,Russell Westbrook,HOU,1223,0.07604251839738348,0.004500819045508631,0.05918819024362426,13.315617334423548,0.1455437448896157,1.2191790360322619,0.06463878326996197,0.011403735127421502
1630528,Josh Christopher,HOU,442,0.07239819004524888,0.009822666983607896,0.13567558771108407,12.052036199095022,0.22624434389140272,1.2571031828775905,0.06463878326996197,0.007759406775286901
201583,Ryan Anderson,HOU,1171,0.07087959009393681,0.006957612274857139,0.09816101173322542,12.762596071733562,0.17164816396242527,1.2108256963088295,0.06463878326996197,0.006240806823974834
1891,Jason Terry,HOU,339,0.07079646017699115,0.008709777430610953,0.12302560620737972,11.882005899705014,0.23008849557522124,1.192268412144669,0.06463878326996197,0.006157676907029175
1626174,Christian Wood,HOU,1428,0.0700280112044818,0.0071762211686321785,0.10247643828806749,11.065126050420169,0.24579831932773108,1.3113828248281278,0.06463878326996197,0.005389227934519819
1628021,David Nwaba,HOU,357,0.0700280112044818,0.008303172316024936,0.11856930067283612,13.27450980392157,0.16806722689075632,1.310155949563988,0.06463878326996197,0.005389227934519819
202322,John Wall,HOU,672,0.06994047619047619,0.006598426730922437,0.09434346304638036,11.819940476190476,0.22470238095238096,1.1923114306719254,0.06463878326996197,0.005301692920514217
1628425,Sterling Brown,HOU,308,0.06493506493506493,0.008499890218605512,0.13089830936652486,12.266233766233766,0.18831168831168832,1.2540793820440799,0.06463878326996197,0.0002962816651029543
1630224,Jalen Green,HOU,884,0.06447963800904978,0.007176237664614376,0.11129463325472118,11.960407239819004,0.19570135746606335,1.2651959694705952,0.06463878326996197,-0.00015914526091219405
1629645,Kevin Porter Jr.,HOU,1081,0.06290471785383904,0.008430961135921502,0.13402748511663443,11.562442183163737,0.242368177613321,1.2203720497411061,0.06463878326996197,-0.0017340654161229346
1630231,Kenyon Martin Jr.,HOU,781,0.06274007682458387,0.006939152250493955,0.11060158995175061,11.997439180537771,0.20102432778489115,1.3622529858583634,0.06463878326996197,-0.0018987064453781094
201569,Eric Gordon,HOU,4049,0.06001481847369721,0.0077099777294697336,0.12846790052108212,12.690046925166708,0.17461101506544827,1.2351497757818952,0.06463878326996197,-0.004623964796264764
201601,Luc Mbah a Moute,HOU,332,0.05421686746987952,0.005177069214725351,0.09548816551604536,13.024096385542169,0.21686746987951808,1.3234629512450844,0.06463878326996197,-0.010421915800082455
201935,James Harden,HOU,7414,0.05381710277852711,0.007509956610287683,0.13954591054805232,11.843809009981117,0.24130024278392231,1.2374660199240561,0.06463878326996197,-0.010821680491434865
203482,Kelly Olynyk,HOU,314,0.04777070063694268,0.005366477329145946,0.11233825875678848,12.235668789808917,0.17834394904458598,1.301035245810411,0.06463878326996197,-0.016868082633019296
2772,Trevor Ariza,HOU,2128,0.046992481203007516,0.0049910284327799636,0.10620908504955763,13.474624060150376,0.15648496240601503,1.290873189930618,0.06463878326996197,-0.01764630206695446
200782,P.J. Tucker,HOU,1413,0.043170559094125975,0.002817977697958417,0.06527545061008595,11.503892427459306,0.23637650389242745,1.26286568740517,0.06463878326996197,-0.021468224175836
203085,Austin Rivers,HOU,821,0.04141291108404385,0.004149827778985591,0.10020613548668149,11.321559074299634,0.23386114494518878,1.244943116283128,0.06463878326996197,-0.023225872185918123
203506,Victor Oladipo,HOU,359,0.03899721448467967,0.003713930201669766,0.09523578159996042,11.969359331476323,0.20334261838440112,1.2050713812737426,0.06463878326996197,-0.025641568785282308
101123,Gerald Green,HOU,918,0.037037037037037035,0.001989921043034584,0.05372786816193377,12.33115468409586,0.17973856209150327,1.2478541899995355,0.06463878326996197,-0.02760174623292494
1627863,Danuel House Jr.,HOU,1045,0.03349282296650718,0.0041372433326085575,0.1235262652164555,12.140669856459331,0.21339712918660286,1.3082867064940562,0.06463878326996197,-0.031145960303454796
101108,Chris Paul,HOU,1324,0.026435045317220542,0.001540717955106071,0.058283159216012514,11.217522658610273,0.2847432024169184,1.221349378283457,0.06463878326996197,-0.03820373795274143
203463,Ben McLemore,HOU,714,0.023809523809523808,0.0022695046023442356,0.0953191932984579,12.815126050420169,0.14285714285714285,1.3063191973739445,0.06463878326996197,-0.040829259460438166
1629717,Armoni Brooks,HOU,405,0.019753086419753086,0.0022816573577890166,0.11550890373806896,12.098765432098766,0.18024691358024691,1.256709786891279,0.06463878326996197,-0.04488569685020889
1629726,Garrison Mathews,HOU,439,0.018223234624145785,0.0015117875175527874,0.0829593400257092,12.20501138952164,0.16856492027334852,1.2954684676047252,0.06463878326996197,-0.04641554864581619
201941,Jordan Hill,IND,500,0.28,0.027593331245363367,0.09854761159058345,10.46,0.352,1.0664905071731652,0.08105697402163006,0.19894302597836996
202730,Lavoy Allen,IND,487,0.2792607802874743,0.028957313494255617,0.10369273288016534,12.09034907597536,0.20739219712525667,1.1067905505366993,0.08105697402163006,0.19820380626584425
2744,Al Jefferson,IND,609,0.2233169129720854,0.020854410212829348,0.0933848222030373,9.431855500821017,0.39408866995073893,1.009454887398663,0.08105697402163006,0.14225993895045533
1626202,Joe Young,IND,380,0.18157894736842106,0.019226315092585877,0.10588405413308162,12.697368421052632,0.21052631578947367,1.1218331988851233,0.08105697402163006,0.100521973346791
203922,Glenn Robinson III,IND,513,0.16764132553606237,0.01875754768873413,0.11189095307349545,12.2046783625731,0.23391812865497075,1.1826996978326474,0.08105697402163006,0.0865843515144323
201155,Rodney Stuckey,IND,619,0.1583198707592892,0.019667374025006176,0.12422555634162062,11.452342487883683,0.27463651050080773,1.1218789184345026,0.08105697402163006,0.07726289673765913
201952,Jeff Teague,IND,820,0.1475609756097561,0.014763818207649326,0.10005232173778882,11.636585365853659,0.22195121951219512,1.1222075372084281,0.08105697402163006,0.06650400158812603
202331,Paul George,IND,2554,0.14722004698512137,0.012209139689625897,0.08293123076410783,11.917384494909944,0.21260767423649177,1.1276256890521386,0.08105697402163006,0.0661630729634913
101133,Ian Mahinmi,IND,422,0.12796208530805686,0.017817561986503423,0.13924094737600823,11.33175355450237,0.25829383886255924,1.2815930773463047,0.08105697402163006,0.0469051112864268
101145,Monta Ellis,IND,1419,0.11909795630725863,0.009679920088932507,0.08127696216683566,11.461592670894996,0.2452431289640592,1.160475608547472,0.08105697402163006,0.03804098228562856
1629048,Goga Bitadze,IND,558,0.1057347670250896,0.011677772335538803,0.11044401632594325,11.81899641577061,0.2007168458781362,1.2253120456820608,0.08105697402163006,0.02467779300345954
1628388,T.J. Leaf,IND,365,0.0958904109589041,0.012072543792507495,0.12589938526472108,12.35890410958904,0.21095890410958903,1.219995920905349,0.08105697402163006,0.014833436937274042
201936,Tyreke Evans,IND,600,0.09,0.009725514735894943,0.10806127484327714,12.208333333333334,0.21833333333333332,1.2091118626114203,0.08105697402163006,0.008943025978369934
1627734,Domantas Sabonis,IND,3441,0.08718395815170009,0.005876503228312041,0.06740349202873913,11.109270560883465,0.24120895088637023,1.2545153439814347,0.08105697402163006,0.006126984130070026
201588,George Hill,IND,672,0.08630952380952381,0.01083483353361899,0.12553462301020624,12.075892857142858,0.23660714285714285,1.206893223374284,0.08105697402163006,0.0052525497878937455
1626167,Myles Turner,IND,3974,0.08354302969300453,0.00655142938630872,0.07841982042527366,11.179919476597886,0.2299949672873679,1.1946178478258194,0.08105697402163006,0.002486055671374471
101139,CJ Miles,IND,1194,0.07956448911222781,0.009276153483218339,0.11658660272592317,11.835845896147404,0.211892797319933,1.2017901463397482,0.08105697402163006,-0.0014924849094022502
1628410,Edmond Sumner,IND,444,0.07882882882882883,0.007756670039782726,0.09839889993324372,14.087837837837839,0.14189189189189189,1.2900683044622254,0.08105697402163006,-0.002228145192801234
201152,Thaddeus Young,IND,2147,0.07079646017699115,0.005079533626684091,0.07174841247691278,11.71541686073591,0.2328830926874709,1.2671574104294219,0.08105697402163006,-0.010260513844638913
202362,Lance Stephenson,IND,977,0.06550665301944729,0.004896037425062536,0.07474107131697028,11.80245649948823,0.23848515864892528,1.1782505654053879,0.08105697402163006,-0.015550321002182774
1628988,Aaron Holiday,IND,1180,0.05677966101694915,0.0064070701158599475,0.11284093636887668,12.049152542372882,0.21864406779661016,1.1843085630419454,0.08105697402163006,-0.02427731300468091
202709,Cory Joseph,IND,1037,0.054966248794599805,0.003133713455768691,0.05701159392337075,11.47348119575699,0.26036644165863065,1.14375425255144,0.08105697402163006,-0.026090725227030258
1627747,Caris LeVert,IND,1166,0.05317324185248713,0.0033497900073488573,0.06299766368659303,12.025728987993139,0.2144082332761578,1.1838662020697066,0.08105697402163006,-0.02788373216914293
202711,Bojan Bogdanovic,IND,1782,0.05218855218855219,0.005040412750144721,0.09658081205116015,13.020763187429854,0.18518518518518517,1.269099441462028,0.08105697402163006,-0.028868421833077876
1629052,Oshae Brissett,IND,613,0.05057096247960848,0.007731519227677596,0.1528845576311731,12.96574225122349,0.1631321370309951,1.305183444024515,0.08105697402163006,-0.03048601154202158
1630537,Chris Duarte,IND,580,0.04655172413793104,0.0036237561424100105,0.07784365046658541,11.775862068965518,0.25517241379310346,1.2373776595338537,0.08105697402163006,-0.034505249883699025
203926,Doug McDermott,IND,1552,0.04574742268041237,0.0028205265741540315,0.06165432736742334,12.693943298969073,0.13466494845360824,1.337386156302988,0.08105697402163006,-0.035309551341217695
1630613,Duane Washington Jr.,IND,397,0.04534005037783375,0.005082805072689149,0.11210408965875514,12.858942065491183,0.16876574307304787,1.237251302511488,0.08105697402163006,-0.03571692364379631
203506,Victor Oladipo,IND,2189,0.0438556418455916,0.003650322157202979,0.08323495002205543,12.587026039287347,0.17770671539515762,1.2183968212902296,0.08105697402163006,-0.037201332176038465
1627763,Malcolm Brogdon,IND,2141,0.03829985987856142,0.00416321721945375,0.10870058618110338,11.99112564222326,0.21298458664175618,1.2348336873517338,0.08105697402163006,-0.042757114143068646
201954,Darren Collison,IND,1184,0.03800675675675676,0.002708721971983627,0.07126948477396923,12.318412162162161,0.25422297297297297,1.2288526831730624,0.08105697402163006,-0.043050217264873306
203933,T.J. Warren,IND,1005,0.03383084577114428,0.002257865594573881,0.06673985066313971,12.459701492537313,0.1781094527363184,1.2334596012502321,0.08105697402163006,-0.047226128250485784
1627741,Buddy Hield,IND,385,0.025974025974025976,0.0016884072400480225,0.06500367874184887,12.745454545454546,0.19480519480519481,1.2594905173873518,0.08105697402163006,-0.05508294804760409
203200,Justin Holiday,IND,1474,0.02103120759837178,0.0019928611021252816,0.09475733111395694,12.62483039348711,0.16010854816824965,1.2793239935045135,0.08105697402163006,-0.060025766423258284
203087,Jeremy Lamb,IND,908,0.019823788546255508,0.0016513974248843796,0.08330382565527869,11.622246696035242,0.23788546255506607,1.2076785827217384,0.08105697402163006,-0.061233185475374555
204456,T.J. McConnell,IND,1011,0.018793273986152326,0.001289826528484668,0.0686323484367368,12.073194856577645,0.20178041543026706,1.2416256192201922,0.08105697402163006,-0.06226370003547774
201933,Blake Griffin,LAC,1944,0.21502057613168724,0.015975171990837356,0.07429601519183689,11.119341563786008,0.2788065843621399,1.1539838742541983,0.08316569129480615,0.13185488483688107
201601,Luc Mbah a Moute,LAC,543,0.18968692449355432,0.01860818940663588,0.09809948395925518,12.062615101289135,0.2283609576427256,1.2067832785781472,0.08316569129480615,0.10652123319874816
2037,Jamal Crawford,LAC,1609,0.1740211311373524,0.01770452905996399,0.10173781163386449,11.01988812927284,0.27843380981976384,1.0983931075615176,0.08316569129480615,0.09085543984254625
101108,Chris Paul,LAC,1669,0.14799281006590773,0.014235625874417731,0.09619133434981048,11.572798082684242,0.25704014379868184,1.106620370808978,0.08316569129480615,0.06482711877110157
202325,Wesley Johnson,LAC,987,0.13677811550151975,0.009062749871730266,0.06625877128442793,12.25227963525836,0.22188449848024316,1.2041835995565704,0.08316569129480615,0.053612424206713596
200755,JJ Redick,LAC,1643,0.13390139987827146,0.0073957313961912005,0.05523266674519156,11.755325623858795,0.21606816798539258,1.158184717376086,0.08316569129480615,0.05073570858346531
101109,Raymond Felton,LAC,442,0.1334841628959276,0.010625924472604513,0.07960438333713889,10.44343891402715,0.32805429864253394,1.1248149582826543,0.08316569129480615,0.05031847160112145
1627820,Tyrone Wallace,LAC,448,0.12053571428571429,0.013791637608586132,0.11441951201197385,13.368303571428571,0.17410714285714285,1.1799428596420845,0.08316569129480615,0.037370022990908136
201568,Danilo Gallinari,LAC,1041,0.09990393852065321,0.007395277456989211,0.07402388300697854,11.341978866474543,0.2747358309317964,1.1864342984893415,0.08316569129480615,0.01673824722584706
201578,Marreese Speights,LAC,497,0.096579476861167,0.01143703783847638,0.1184209959525575,10.841046277665995,0.2716297786720322,1.1678379176149285,0.08316569129480615,0.013413785566360845
1629611,Terance Mann,LAC,1016,0.09645669291338582,0.009690316872221523,0.1004628769609905,12.53248031496063,0.21358267716535434,1.2508478932038427,0.08316569129480615,0.01329100161857967
1718,Paul Pierce,LAC,423,0.09219858156028368,0.008981794835069126,0.09741792859574976,10.458628841607565,0.3309692671394799,1.1411078864049204,0.08316569129480615,0.00903289026547753
1630527,Brandon Boston Jr.,LAC,302,0.08940397350993377,0.008592792358363336,0.09611197378613807,12.721854304635762,0.16556291390728478,1.207672675109676,0.08316569129480615,0.006238282215127622
101150,Lou Williams,LAC,3600,0.08777777777777777,0.004819724560865426,0.054908254490871944,12.896944444444445,0.17305555555555555,1.1511975837699533,0.08316569129480615,0.004612086482971622
1628983,Shai Gilgeous-Alexander,LAC,684,0.08771929824561403,0.009339123168535869,0.1064660041213089,12.695906432748538,0.18421052631578946,1.2029396370677827,0.08316569129480615,0.004553606950807879
203085,Austin Rivers,LAC,1894,0.0850052798310454,0.010072524080512167,0.11849292303409967,11.315733896515312,0.25131995776135163,1.1964593909984633,0.08316569129480615,0.0018395885362392506
1629599,Amir Coffey,LAC,572,0.06818181818181818,0.008042800074091151,0.1179610677533369,11.791958041958042,0.2534965034965035,1.1984454901084982,0.08316569129480615,-0.014983873112987975
1628462,Milos Teodosic,LAC,386,0.06476683937823834,0.0048103496253267385,0.07427179821504484,12.012953367875648,0.19430051813471502,1.1751927538435027,0.08316569129480615,-0.018398851916567815
202340,Avery Bradley,LAC,449,0.05790645879732739,0.0026023774594130145,0.04494105689524783,11.596881959910913,0.24944320712694878,1.1875200829413195,0.08316569129480615,-0.02525923249747876
202339,Eric Bledsoe,LAC,442,0.05429864253393665,0.0033007892373315534,0.06078953512085611,11.289592760180996,0.2669683257918552,1.2114346599502828,0.08316569129480615,-0.0288670487608695
1626149,Montrezl Harrell,LAC,2032,0.051181102362204724,0.005015695395846196,0.09799897158037951,12.372047244094489,0.20078740157480315,1.453795356533499,0.08316569129480615,-0.03198458893260143
1628392,Isaiah Hartenstein,LAC,347,0.04610951008645533,0.005398189287242133,0.11707323016706375,11.518731988472622,0.21613832853025935,1.323988787638551,0.08316569129480615,-0.03705618120835082
201976,Patrick Beverley,LAC,1069,0.04396632366697849,0.003683225404018594,0.08377378631693354,11.737137511693172,0.25257249766136575,1.2446011672495205,0.08316569129480615,-0.039199367627827664
202331,Paul George,LAC,2241,0.0428380187416332,0.0019213188877317741,0.0448507877854886,11.914323962516734,0.21508255243195,1.2067251978223394,0.08316569129480615,-0.040327672553172954
201599,DeAndre Jordan,LAC,1402,0.042796005706134094,0.007476010981196238,0.17468945659395213,12.976462196861625,0.20970042796005706,1.6033030160465465,0.08316569129480615,-0.04036968558867206
1627826,Ivica Zubac,LAC,1362,0.041116005873715125,0.0032078360030774965,0.07801915421770625,12.00734214390602,0.17988252569750368,1.4243725843746802,0.08316569129480615,-0.042049685421091026
203210,JaMychal Green,LAC,474,0.035864978902953586,0.0021282814955094196,0.05934149581596853,12.29324894514768,0.1940928270042194,1.261142868915967,0.08316569129480615,-0.047300712391852566
202699,Tobias Harris,LAC,1284,0.03582554517133956,0.002250596266621555,0.06282099144221905,11.746884735202492,0.235202492211838,1.2245150029909795,0.08316569129480615,-0.04734014612346659
202704,Reggie Jackson,LAC,1776,0.03547297297297297,0.00207150114690814,0.058396603760458056,11.38400900900901,0.2668918918918919,1.1994900361616891,0.08316569129480615,-0.04769271832183318
202335,Patrick Patterson,LAC,361,0.0332409972299169,0.004120980929055239,0.12397284294907841,11.650969529085872,0.18559556786703602,1.2913144509626195,0.08316569129480615,-0.04992469406488925
1629013,Landry Shamet,LAC,576,0.026041666666666668,0.0020064270813752454,0.07704679992480942,12.378472222222221,0.1857638888888889,1.2644731517881902,0.08316569129480615,-0.05712402462813948
202694,Marcus Morris Sr.,LAC,1325,0.02339622641509434,0.0018519884763695644,0.0791575719738604,10.430943396226414,0.31471698113207547,1.1717283110985868,0.08316569129480615,-0.05976946487971181
1628379,Luke Kennard,LAC,990,0.023232323232323233,0.0010913812146857774,0.046976843588648676,11.797979797979798,0.22323232323232323,1.241304467516508,0.08316569129480615,-0.05993336806248292
201587,Nicolas Batum,LAC,762,0.01968503937007874,0.0009105176316527058,0.046254295687957456,11.318897637795276,0.25065616797900264,1.2956616458614654,0.08316569129480615,-0.0634806519247274
202695,Kawhi Leonard,LAC,1922,0.01040582726326743,0.0006169544114454369,0.05928931893990648,11.417273673257023,0.25390218522372526,1.2448317216717937,0.08316569129480615,-0.07275986403153872
201586,Serge Ibaka,LAC,530,0.0037735849056603774,1.2496586213964788e-05,0.0033115953467006687,11.366037735849057,0.24528301886792453,1.2790420931351074,0.08316569129480615,-0.07939210638914578
201579,Roy Hibbert,LAL,373,0.19302949061662197,0.020063617555203528,0.10394068539015161,10.343163538873995,0.3190348525469169,1.056953940647757,0.06394853633388622,0.12908095428273575
203944,Julius Randle,LAL,2239,0.16927199642697632,0.019897067528331418,0.1175449451080054,12.216614560071461,0.2559178204555605,1.157890090508152,0.06394853633388622,0.1053234600930901
1627826,Ivica Zubac,LAL,493,0.13793103448275862,0.016825828694030025,0.1219872580317177,12.261663286004056,0.18661257606490872,1.2130404166563162,0.06394853633388622,0.0739824981488724
1626204,Larry Nance Jr.,LAL,815,0.13496932515337423,0.011224215902498514,0.08316123600487536,12.609815950920245,0.20368098159509201,1.2685681361696277,0.06394853633388622,0.071020788819488
204028,Tarik Black,LAL,357,0.11484593837535013,0.01716908607667773,0.1494966763261939,12.170868347338935,0.226890756302521,1.3163357993289484,0.06394853633388622,0.05089740204146391
1627742,Brandon Ingram,LAL,1990,0.1100502512562814,0.012585083396382332,0.11435760711781204,12.057788944723619,0.23768844221105528,1.1500925256335917,0.06394853633388622,0.046101714922395176
977,Kobe Bryant,LAL,1026,0.10721247563352826,0.011037584805120253,0.102950563727758,11.072124756335283,0.2807017543859649,1.099939936925895,0.06394853633388622,0.043263939299642035
1626156,D'Angelo Russell,LAL,1661,0.10174593618302227,0.010782847415987005,0.10597816306481904,12.069235400361228,0.2275737507525587,1.141461443705985,0.06394853633388622,0.03779739984913605
203903,Jordan Clarkson,LAL,2558,0.09343236903831117,0.010151990733656708,0.10865603471420024,12.003909304143862,0.24433150899139952,1.164210520859489,0.06394853633388622,0.02948383270442495
101150,Lou Williams,LAL,1330,0.08947368421052632,0.01112990437083534,0.12439304885051262,12.399248120300753,0.19097744360902255,1.1600082074967744,0.06394853633388622,0.025525147876640092
202389,Timofey Mozgov,LAL,305,0.08524590163934426,0.010147824300971272,0.11904178506908605,11.134426229508197,0.2819672131147541,1.216795418000677,0.06394853633388622,0.021297365305458033
2736,Luol Deng,LAL,389,0.08483290488431877,0.005182201068111123,0.0610871580453099,12.352185089974293,0.2467866323907455,1.217125780444697,0.06394853633388622,0.020884368550432547
203898,Tyler Ennis,LAL,334,0.059880239520958084,0.004610516533583946,0.07699562611085191,12.275449101796408,0.20359281437125748,1.1742137715442151,0.06394853633388622,-0.0040682968129281405
1628366,Lonzo Ball,LAL,953,0.05771248688352571,0.0066541622578135335,0.11529848421266,13.087093389296957,0.15634837355718784,1.2179370533663534,0.06394853633388622,-0.006236049450360513
201566,Russell Westbrook,LAL,1145,0.056768558951965066,0.003780088514573105,0.06658771306440316,12.487336244541485,0.2017467248908297,1.1699753489230384,0.06394853633388622,-0.0071799773819211585
1627936,Alex Caruso,LAL,812,0.05541871921182266,0.004575866838003893,0.08256897494353693,11.87807881773399,0.2512315270935961,1.2329237969218405,0.06394853633388622,-0.008529817122063563
1629659,Talen Horton-Tucker,LAL,966,0.053830227743271224,0.006850616249592066,0.12726337109819108,11.415113871635612,0.2660455486542443,1.1901168347500528,0.06394853633388622,-0.010118308590615
200765,Rajon Rondo,LAL,750,0.05333333333333334,0.004212000789208737,0.07897501479766382,11.586666666666666,0.244,1.1977158066461235,0.06394853633388622,-0.010615203000552888
201156,Nick Young,LAL,922,0.05314533622559653,0.0037822835889262463,0.07116868304061222,12.175704989154013,0.22234273318872017,1.1760035172963004,0.06394853633388622,-0.010803200108289696
1628370,Malik Monk,LAL,763,0.05242463958060288,0.005770015805755534,0.11006305149478679,12.47051114023591,0.2214941022280472,1.2661769957256936,0.06394853633388622,-0.011523896753283344
1628398,Kyle Kuzma,LAL,3276,0.04975579975579975,0.003998339005938409,0.08035925511321612,12.685897435897436,0.2039072039072039,1.2288491976213822,0.06394853633388622,-0.014192736578086472
1626149,Montrezl Harrell,LAL,560,0.04642857142857143,0.0019654286665744614,0.042332309741603784,11.101785714285715,0.26607142857142857,1.407070655977227,0.06394853633388622,-0.017519964905314794
1628404,Josh Hart,LAL,769,0.04031209362808843,0.003313753379389993,0.08220246286293241,13.799739921976593,0.16384915474642392,1.2752463012095099,0.06394853633388622,-0.023636442705797796
201580,JaVale McGee,LAL,895,0.03910614525139665,0.0034598307358316696,0.0884728145305527,12.286033519553072,0.1653631284916201,1.4702059385258497,0.06394853633388622,-0.024842391082489576
203471,Dennis Schroder,LAL,717,0.03905160390516039,0.0028730827545750113,0.07357144053679583,11.655509065550907,0.2384937238493724,1.1633302785386423,0.06394853633388622,-0.024896932428725836
202362,Lance Stephenson,LAL,401,0.03740648379052369,0.0038522341202682,0.10298305881516988,12.0,0.2169576059850374,1.191550427642994,0.06394853633388622,-0.026542052543362532
2730,Dwight Howard,LAL,476,0.0273109243697479,0.0024371233348153888,0.08923620825939424,11.800420168067227,0.1869747899159664,1.5355825112040993,0.06394853633388622,-0.036637611964138325
2544,LeBron James,LAL,4081,0.024013722126929673,0.0020713836947340845,0.08625833528785509,11.808625336927223,0.26366086743445233,1.3066103471476394,0.06394853633388622,-0.03993481420695655
201572,Brook Lopez,LAL,740,0.01756756756756757,0.0009119742061400643,0.051912377887972885,12.613513513513514,0.16756756756756758,1.2343152768473835,0.06394853633388622,-0.046380968766318656
202340,Avery Bradley,LAL,700,0.017142857142857144,0.0016113437552509279,0.09399505238963746,12.054285714285715,0.21714285714285714,1.2387709108193667,0.06394853633388622,-0.046805679191029084
203484,Kentavious Caldwell-Pope,LAL,2387,0.016757436112274822,0.0011895935844515614,0.07098899715214693,13.427314620863008,0.1663175534143276,1.2560178280875958,0.06394853633388622,-0.0471911002216114
2546,Carmelo Anthony,LAL,658,0.015197568389057751,0.0011386850635447736,0.0749254771812461,11.934650455927052,0.24316109422492402,1.1978391602649934,0.06394853633388622,-0.04875096794482847
201980,Danny Green,LAL,440,0.013636363636363636,0.00045218526427446534,0.03316025271346079,12.918181818181818,0.17272727272727273,1.2771272140223495,0.06394853633388622,-0.05031217269752259
203076,Anthony Davis,LAL,2223,0.010796221322537112,0.0006686599340116654,0.0619346263878305,11.285650022492128,0.24786324786324787,1.2839380717345494,0.06394853633388622,-0.053152315011349115
202693,Markieff Morris,LAL,415,0.004819277108433735,4.7091363297494004e-05,0.009771457884230006,11.281927710843373,0.26506024096385544,1.2246152940727206,0.06394853633388622,-0.059129259225452487
2216,Zach Randolph,MEM,1675,0.1755223880597015,0.019685272585232602,0.11215248836824697,9.936716417910448,0.38925373134328356,1.0565847684151095,0.06967286779904736,0.10584952026065414
1626185,Jarell Martin,MEM,650,0.17384615384615384,0.012284039373989551,0.07066040347870096,11.803076923076922,0.27384615384615385,1.180425962407642,0.06967286779904736,0.10417328604710649
1628397,Ivan Rabb,MEM,323,0.15479876160990713,0.00994983587925819,0.06427593978000791,11.575851393188854,0.2043343653250774,1.2203635197964888,0.06967286779904736,0.08512589381085978
201584,Courtney Lee,MEM,378,0.14814814814814814,0.01638669393745254,0.11061018407780465,10.444444444444445,0.3439153439153439,1.1169046957060107,0.06967286779904736,0.07847528034910078
2754,Tony Allen,MEM,969,0.14138286893704852,0.021502681481354816,0.1520883091637432,12.6656346749226,0.21362229102167182,1.2116525561368883,0.06967286779904736,0.07171000113800116
203210,JaMychal Green,MEM,1578,0.11660329531051965,0.009098925400575714,0.07803317544624173,11.26615969581749,0.2877059569074778,1.2272033151941226,0.06967286779904736,0.04693042751147229
201145,Jeff Green,MEM,489,0.1165644171779141,0.01863232715413848,0.15984575400655643,10.400817995910021,0.3333333333333333,1.196611477956576,0.06967286779904736,0.04689154937886675
1626150,Andrew Harrison,MEM,693,0.10678210678210678,0.010449645477060777,0.09785951777842053,11.191919191919192,0.27705627705627706,1.1540484950178445,0.06967286779904736,0.03710923898305943
203463,Ben McLemore,MEM,344,0.10174418604651163,0.006332617445060635,0.06224058288859594,12.962209302325581,0.2005813953488372,1.2247752222259207,0.06967286779904736,0.03207131824746427
201936,Tyreke Evans,MEM,737,0.09362279511533243,0.010502026950648597,0.11217382409605821,11.993215739484397,0.2672998643147897,1.223242475611028,0.06967286779904736,0.023949927316285077
201596,Mario Chalmers,MEM,767,0.09256844850065189,0.014143462017675587,0.1527892305289743,11.966101694915254,0.22816166883963493,1.1617093237843432,0.06967286779904736,0.022895580701604537
203516,James Ennis III,MEM,481,0.08316008316008316,0.007613553446214487,0.0915529801907292,11.96881496881497,0.2785862785862786,1.2706071343876089,0.06967286779904736,0.01348721536103581
201188,Marc Gasol,MEM,3299,0.07759927250682025,0.006646491906047093,0.08565147186738031,9.93604122461352,0.3464686268566232,1.1120690790416203,0.06967286779904736,0.007926404707772894
1713,Vince Carter,MEM,752,0.07313829787234043,0.006160389289756867,0.08422932265267569,10.075797872340425,0.33111702127659576,1.1884301044711048,0.06967286779904736,0.0034654300732930715
2440,Matt Barnes,MEM,620,0.07096774193548387,0.009552329282366162,0.13460100352425045,11.720967741935484,0.2693548387096774,1.224057757366902,0.06967286779904736,0.0012948741364365163
201144,Mike Conley,MEM,2684,0.06669150521609538,0.006090213308216937,0.09131917608521933,10.766766020864381,0.30998509687034276,1.1701747544057925,0.06967286779904736,-0.0029813625829519796
1628991,Jaren Jackson Jr.,MEM,2358,0.06573367260390162,0.006801833774869237,0.10347563897510748,11.452502120441052,0.23155216284987276,1.2558543962534505,0.06967286779904736,-0.003939195195145739
1629001,De'Anthony Melton,MEM,1394,0.058823529411764705,0.004945676406084038,0.08407649890342866,13.003586800573888,0.19368723098995697,1.217454116815468,0.06967286779904736,-0.01084933838728265
1627782,Wayne Selden,MEM,433,0.057736720554272515,0.006486374936350249,0.1123440138975863,11.732101616628176,0.23787528868360278,1.2125679607526627,0.06967286779904736,-0.01193614724477484
203584,Troy Daniels,MEM,452,0.05752212389380531,0.004354575650872836,0.07570262285363545,10.95796460176991,0.2610619469026549,1.1749448740481534,0.06967286779904736,-0.012150743905242047
1628415,Dillon Brooks,MEM,3346,0.056485355648535567,0.004801332328291908,0.08500136492309378,12.19635385534967,0.20741183502689778,1.1837366574608954,0.06967286779904736,-0.013187512150511789
202718,Chandler Parsons,MEM,593,0.05227655986509275,0.0036186593144311536,0.06922145075669917,11.128161888701518,0.2715008431703204,1.22083425444539,0.06967286779904736,-0.017396307933954608
1629634,Brandon Clarke,MEM,1331,0.0473328324567994,0.004686696281876257,0.09901575795519518,12.358377160030052,0.1720510894064613,1.3514081855091262,0.06967286779904736,-0.022340035342247953
1629630,Ja Morant,MEM,2884,0.04680998613037448,0.00489629858294935,0.10459944528315498,11.97364771151179,0.22052704576976423,1.2473714037172987,0.06967286779904736,-0.022862881668672876
1630214,Xavier Tillman,MEM,485,0.04329896907216495,0.004703287924690064,0.1086235544511753,12.018556701030928,0.21649484536082475,1.3067291288371818,0.06967286779904736,-0.026373898726882408
202714,Shelvin Mack,MEM,339,0.04129793510324484,0.004523271209201744,0.10952778142281365,9.920353982300885,0.3893805309734513,1.2213288643495113,0.06967286779904736,-0.02837493269580252
203200,Justin Holiday,MEM,356,0.03651685393258427,0.002448637127932647,0.06705498596492479,11.845505617977528,0.20224719101123595,1.2589343167772673,0.06967286779904736,-0.03315601386646309
1630217,Desmond Bane,MEM,1518,0.034255599472990776,0.0025581258252221303,0.07467759620552296,12.281949934123848,0.21541501976284586,1.2420415259730897,0.06967286779904736,-0.03541726832605658
203109,Jae Crowder,MEM,380,0.031578947368421054,0.00257394756332601,0.08150833950532364,12.83157894736842,0.2131578947368421,1.300995715981531,0.06967286779904736,-0.0380939204306263
203937,Kyle Anderson,MEM,1619,0.03150092649783817,0.002324905674902699,0.0738043585817151,12.151327980234713,0.22730080296479308,1.240150674809548,0.06967286779904736,-0.038171941301209183
1629723,John Konchar,MEM,397,0.027707808564231738,0.003176072216238558,0.11462733362242798,13.251889168765743,0.15869017632241814,1.3350715386395804,0.06967286779904736,-0.04196505923481562
1626145,Tyus Jones,MEM,1306,0.02526799387442573,0.001331158118156441,0.05268159097916096,12.049004594180705,0.20980091883614088,1.1838425575185392,0.06967286779904736,-0.04440487392462163
1628960,Grayson Allen,MEM,640,0.0234375,0.002681425208954127,0.11440747558204274,12.921875,0.1890625,1.2376471852041366,0.06967286779904736,-0.046235367799047355
1630533,Ziaire Williams,MEM,396,0.022727272727272728,0.002614444195968215,0.11503554462260146,12.964646464646465,0.18686868686868688,1.3163626495555847,0.06967286779904736,-0.04694559507177463
202066,Garrett Temple,MEM,346,0.02023121387283237,0.0012395224309478198,0.06126782301542081,11.372832369942197,0.33815028901734107,1.3071364539188675,0.06967286779904736,-0.04944165392621498
203500,Steven Adams,MEM,359,0.011142061281337047,0.0008501544321562497,0.07630136028602341,11.983286908077995,0.15598885793871867,1.4348705509534414,0.06967286779904736,-0.05853080651771031
202685,Jonas Valanciunas,MEM,1663,0.010222489476849068,0.0006454231403349122,0.06313756955158582,11.074564040889959,0.2164762477450391,1.3447256453718406,0.06967286779904736,-0.05945037832219829
2547,Chris Bosh,MIA,707,0.21923620933521923,0.022599166566701964,0.10308135975908574,9.797736916548798,0.3323903818953324,1.0826196664885277,0.09876256587653519,0.12047364345868404
101123,Gerald Green,MIA,532,0.20488721804511278,0.01959780531089262,0.09565167362747588,11.723684210526315,0.25,1.1427785239390418,0.09876256587653519,0.1061246521685776
2736,Luol Deng,MIA,683,0.1698389458272328,0.02037922542158274,0.11999147381845697,10.920937042459736,0.32503660322108346,1.1480473941537768,0.09876256587653519,0.07107637995069761
202355,Hassan Whiteside,MIA,2628,0.15487062404870625,0.0162886645200976,0.10517594682755897,11.758371385083715,0.2553272450532725,1.266998765820062,0.09876256587653519,0.05610805817217106
1626159,Justise Winslow,MIA,1879,0.15274081958488558,0.01795804947545161,0.11757203820339224,11.449707291112293,0.28738690792974986,1.1376903599905697,0.09876256587653519,0.053978253708350396
2548,Dwyane Wade,MIA,2155,0.15081206496519722,0.016163236135307617,0.10717468883565512,11.20092807424594,0.27238979118329465,1.1214292569863389,0.09876256587653519,0.052049499088662035
1628389,Bam Adebayo,MIA,2854,0.13139453398738613,0.012811076645575034,0.09750083399058972,11.332515767344079,0.24737210932025228,1.2967795975680887,0.09876256587653519,0.03263196811085094
204020,Tyler Johnson,MIA,2010,0.1208955223880597,0.011579809600709867,0.09578361027747669,11.803482587064677,0.23034825870646766,1.185689697472315,0.09876256587653519,0.022132956511524512
203079,Dion Waiters,MIA,1435,0.11916376306620209,0.01158367060112895,0.09720799598023416,10.898954703832752,0.29477351916376304,1.1461306076271476,0.09876256587653519,0.020401197189666903
1626196,Josh Richardson,MIA,2471,0.11169566976932416,0.009925585033743578,0.08886275586369703,11.438688789963578,0.2614326183731283,1.177972635893203,0.09876256587653519,0.012933103892788969
201949,James Johnson,MIA,1632,0.10784313725490197,0.013281769740480393,0.12315822850263634,11.027573529411764,0.2757352941176471,1.2337101969295905,0.09876256587653519,0.009080571378366778
203585,Rodney McGruder,MIA,897,0.10702341137123746,0.014199793037739541,0.13267931619637882,11.03010033444816,0.27759197324414714,1.2061046568648766,0.09876256587653519,0.008260845494702268
201609,Goran Dragic,MIA,4422,0.08661239258254183,0.008510659592207006,0.09826145356851013,12.076662143826322,0.2299864314789688,1.193211006901201,0.09876256587653519,-0.012150173293993358
1628997,Caleb Martin,MIA,371,0.07277628032345014,0.007457970609090935,0.10247804059158287,11.830188679245284,0.2776280323450135,1.2824438229047777,0.09876256587653519,-0.025986285553085048
203482,Kelly Olynyk,MIA,1834,0.064340239912759,0.005862090752364324,0.09111080033759467,11.6979280261723,0.22846237731733915,1.2692971295944595,0.09876256587653519,-0.03442232596377619
1627884,Derrick Jones Jr.,MIA,649,0.05546995377503852,0.009744833926200827,0.17567770050289827,12.137134052388289,0.21263482280431434,1.4109598300570692,0.09876256587653519,-0.043292612101496666
202337,Luke Babbitt,MIA,307,0.05537459283387622,0.00421111794820848,0.07604783588823551,10.899022801302932,0.28338762214983715,1.2144403003736457,0.09876256587653519,-0.04338797304265897
202710,Jimmy Butler,MIA,2088,0.05363984674329502,0.003622745126201218,0.06753831985275129,11.12691570881226,0.2868773946360153,1.2232227986425597,0.09876256587653519,-0.04512271913324017
200782,P.J. Tucker,MIA,401,0.05236907730673317,0.0024479314237108416,0.046743833376573694,10.331670822942643,0.3167082294264339,1.2117325559137038,0.09876256587653519,-0.04639348856980202
1629216,Gabe Vincent,MIA,727,0.052269601100412656,0.004534928874830063,0.08676034978951198,10.757909215955983,0.29573590096286106,1.1989932875684963,0.09876256587653519,-0.04649296477612253
201961,Wayne Ellington,MIA,1345,0.051301115241635685,0.003356926231171707,0.0654357359554485,11.386617100371748,0.25799256505576207,1.2366450171862473,0.09876256587653519,-0.0474614506348995
1629639,Tyler Herro,MIA,2246,0.04808548530721282,0.003916427923933677,0.08144719552921333,11.566340160284952,0.2497773820124666,1.187815399164082,0.09876256587653519,-0.050677080569322366
1629134,Kendrick Nunn,MIA,1458,0.04801097393689986,0.0037519335442694228,0.07814741582206883,11.603566529492456,0.23045267489711935,1.2292047025108213,0.09876256587653519,-0.05075159193963533
203473,Dewayne Dedmon,MIA,322,0.046583850931677016,0.0030405251990460827,0.06526994093952258,10.937888198757763,0.2670807453416149,1.3394338174276275,0.09876256587653519,-0.05217871494485817
200768,Kyle Lowry,MIA,586,0.040955631399317405,0.0032399327576140206,0.07910835816507567,11.895904436860068,0.25597269624573377,1.2173717904204322,0.09876256587653519,-0.05780693447721778
1629130,Duncan Robinson,MIA,2057,0.013612056392805057,0.0010540355350427061,0.07743396769938737,11.444822557122022,0.24598930481283424,1.317352257180711,0.09876256587653519,-0.08515050948373012
2738,Andre Iguodala,MIA,301,0.013289036544850499,0.001539398696256293,0.11583975189328605,9.780730897009967,0.37209302325581395,1.3141992276236523,0.09876256587653519,-0.08547352933168469
1629622,Max Strus,MIA,709,0.012693935119887164,0.0009732022760296782,0.07666671263389353,11.449929478138223,0.24823695345557123,1.2591082637922013,0.09876256587653519,-0.08606863075664803
203487,Michael Carter-Williams,MIL,512,0.265625,0.04122358797679181,0.15519468414792212,11.830078125,0.1875,1.1066759269289392,0.0823821673156976,0.18324283268430241
203953,Jabari Parker,MIL,1873,0.19006940736785904,0.022544568835563657,0.11861229614890656,12.449546182594768,0.200747463961559,1.2241780624117766,0.0823821673156976,0.10768724005216145
201563,Michael Beasley,MIL,373,0.18498659517426275,0.017776666103502876,0.09609705009574743,11.546916890080428,0.23324396782841822,1.1177092559537556,0.0823821673156976,0.10260442785856515
202328,Greg Monroe,MIL,1573,0.16401780038143673,0.022571443198150274,0.1376158145375596,11.064844246662428,0.3064208518753973,1.1436986497161818,0.0823821673156976,0.08163563306573914
1626173,Rashad Vaughn,MIL,437,0.15102974828375287,0.020280297678907634,0.13428015281337327,11.5720823798627,0.2608695652173913,1.1437835829362104,0.0823821673156976,0.06864758096805527
203521,Matthew Dellavedova,MIL,638,0.13949843260188088,0.012591534504643828,0.09026291026924453,11.0141065830721,0.27586206896551724,1.1324440904305273,0.0823821673156976,0.057116265286183285
1627748,Thon Maker,MIL,576,0.1371527777777778,0.014379944443260751,0.10484617720655938,11.958333333333334,0.234375,1.2277507731197173,0.0823821673156976,0.05477061046208019
201573,Jerryd Bayless,MIL,381,0.12335958005249344,0.012767091324786707,0.10349493180305819,10.84514435695538,0.31496062992125984,1.1456287505738676,0.0823821673156976,0.04097741273679584
203089,John Henson,MIL,1025,0.10926829268292683,0.014059807626614601,0.12867234658285684,11.497560975609757,0.2673170731707317,1.2471328586226909,0.0823821673156976,0.02688612536722923
203507,Giannis Antetokounmpo,MIL,7793,0.09726677787758245,0.008994406241631857,0.09247151430215969,12.729757474656743,0.19825484409085076,1.3379514244829018,0.0823821673156976,0.01488461056188485
1627763,Malcolm Brogdon,MIL,1728,0.08564814814814815,0.009978553511237468,0.1165063545095834,12.295717592592593,0.21585648148148148,1.2301395406273004,0.0823821673156976,0.0032659808324505546
203503,Tony Snell,MIL,1221,0.07371007371007371,0.005810723651137323,0.07883215086709636,12.5995085995086,0.19901719901719903,1.2600223396373773,0.0823821673156976,-0.00867209360562389
202339,Eric Bledsoe,MIL,2462,0.0727051177904143,0.005318460040083946,0.07315110960160154,13.207554833468725,0.17749796913078797,1.248902497358729,0.0823821673156976,-0.009677049525283296
1628425,Sterling Brown,MIL,720,0.07083333333333333,0.008448591923931267,0.11927423892608849,13.018055555555556,0.17083333333333334,1.2265166723151586,0.0823821673156976,-0.011548833982364268
101141,Ersan Ilyasova,MIL,635,0.06929133858267716,0.00695002535540678,0.10030150228825695,12.05984251968504,0.2125984251968504,1.2347671890783871,0.0823821673156976,-0.013090828733020435
203114,Khris Middleton,MIL,6416,0.06842269326683292,0.0068643737992614045,0.10032305762200722,12.15866583541147,0.20464463840399003,1.173329112887245,0.0823821673156976,-0.013959474048864676
1628391,D.J. Wilson,MIL,419,0.06682577565632458,0.0046986347033020955,0.07031171216727064,11.723150357995227,0.21241050119331742,1.2399785919647663,0.0823821673156976,-0.015556391659373017
203141,Mirza Teletovic,MIL,435,0.05057471264367816,0.00575741412668233,0.11383977932303696,11.719540229885057,0.23448275862068965,1.2570830805016546,0.0823821673156976,-0.03180745467201944
1629670,Jordan Nwora,MIL,565,0.049557522123893805,0.00531806579174368,0.10731097044054208,12.500884955752213,0.1911504424778761,1.2137929234142457,0.0823821673156976,-0.032824645191803795
1626171,Bobby Portis,MIL,1390,0.04892086330935252,0.002363443487311986,0.04831156540240678,12.202158273381295,0.16906474820143885,1.2271730367725986,0.0823821673156976,-0.03346130400634508
1891,Jason Terry,MIL,349,0.04297994269340974,0.005093558565936408,0.11851012930078707,11.515759312320917,0.2922636103151863,1.2515609214858354,0.0823821673156976,-0.03940222462228786
202083,Wesley Matthews,MIL,617,0.03889789303079417,0.00479621179452399,0.12330261155088758,12.80064829821718,0.16693679092382496,1.255806799832467,0.0823821673156976,-0.04348427428490343
1628978,Donte DiVincenzo,MIL,1295,0.03783783783783784,0.005184811364346128,0.13702715748629052,13.390733590733591,0.13590733590733592,1.261207016292727,0.0823821673156976,-0.04454432947785976
201950,Jrue Holiday,MIL,1667,0.03479304139172166,0.0026616235981648416,0.07649873341622054,12.298140371925616,0.1871625674865027,1.2404803604783152,0.0823821673156976,-0.04758912592397594
1627854,Bryn Forbes,MIL,509,0.0275049115913556,0.0019176902705048172,0.06972173912049658,13.011787819253438,0.13555992141453832,1.2378199607826907,0.0823821673156976,-0.054877255724342
1626192,Pat Connaughton,MIL,1434,0.023709902370990237,0.00265603135280512,0.11202202823301594,12.386331938633194,0.19525801952580196,1.3078406478479132,0.0823821673156976,-0.05867226494470736
201588,George Hill,MIL,833,0.01920768307322929,0.001394769337445254,0.07261517863074353,11.506602641056423,0.2689075630252101,1.304333793490201,0.0823821673156976,-0.06317448424246831
1628960,Grayson Allen,MIL,541,0.0166358595194085,0.0017969901675469779,0.10801907562699056,11.853974121996304,0.22920517560073936,1.2844440081101027,0.0823821673156976,-0.0657463077962891
201572,Brook Lopez,MIL,2143,0.012599160055996267,0.0006338751058262837,0.05031090191798986,11.905739617358842,0.1997200186654223,1.2939183914462988,0.0823821673156976,-0.06978300725970134
2755,Kevin Martin,MIN,302,0.25165562913907286,0.025874461567613166,0.10281693938709442,12.019867549668874,0.18874172185430463,1.090866577771178,0.07982909826849562,0.17182653087057725
203498,Shabazz Muhammad,MIN,1289,0.18929402637703646,0.026833739908712594,0.14175692927184647,12.77967416602017,0.23816912335143522,1.1941139759061155,0.07982909826849562,0.10946492810854085
203476,Gorgui Dieng,MIN,2039,0.13192741539970573,0.012003814558154028,0.09098802187388871,11.095635115252575,0.27268268759195685,1.1490490215270919,0.07982909826849562,0.05209831713121012
201937,Ricky Rubio,MIN,1595,0.1103448275862069,0.00832600066930389,0.07545438106556651,11.578056426332289,0.258307210031348,1.1366234507659383,0.07982909826849562,0.03051572931771128
201959,Taj Gibson,MIN,1148,0.10540069686411149,0.006169923343425799,0.05853778510952742,11.64198606271777,0.2421602787456446,1.2698556183786238,0.07982909826849562,0.025571598595615877
203897,Zach LaVine,MIN,1498,0.10347129506008011,0.014460082659511765,0.13974970208999113,12.110814419225635,0.21962616822429906,1.2014609403803211,0.07982909826849562,0.023642196791584497
1626145,Tyus Jones,MIN,1037,0.10221793635486982,0.010924472107292612,0.10687431674775882,12.068466730954677,0.23529411764705882,1.1555749319840947,0.07982909826849562,0.022388838086374208
203952,Andrew Wiggins,MIN,5680,0.09788732394366197,0.00828548490812553,0.08464308323408817,11.31637323943662,0.2461267605633803,1.1637506150963648,0.07982909826849562,0.01805822567516635
1629633,Jarrett Culver,MIN,696,0.09051724137931035,0.009358425128821946,0.10338831570889007,12.153735632183908,0.20545977011494254,1.245611985044604,0.07982909826849562,0.01068814311081473
202357,Nemanja Bjelica,MIN,865,0.08323699421965318,0.014153905109284973,0.17004344332682642,11.65549132947977,0.2635838150289017,1.1964691772081237,0.07982909826849562,0.0034078959511575635
202710,Jimmy Butler,MIN,980,0.0826530612244898,0.004959117569693758,0.05999920022592448,11.244897959183673,0.2979591836734694,1.1806913101263976,0.07982909826849562,0.002823962955994186
1628966,Keita Bates-Diop,MIN,320,0.078125,0.010312289611518281,0.131997307027434,12.3625,0.2125,1.2604970615676316,0.07982909826849562,-0.0017040982684956157
1629006,Josh Okogie,MIN,1201,0.07577019150707744,0.010720905964923403,0.14149239630629679,12.288093255620316,0.2206494587843464,1.2592667741930803,0.07982909826849562,-0.0040589067614181795
201952,Jeff Teague,MIN,1403,0.07127583749109052,0.00436966024688644,0.06130633326381675,12.19743406985032,0.22238061297220243,1.1824123531858317,0.07982909826849562,-0.008553260777405092
1629020,Jarred Vanderbilt,MIN,562,0.0711743772241993,0.009250469729963283,0.12996909970598414,13.101423487544483,0.15658362989323843,1.453505710831222,0.07982909826849562,-0.00865472104429632
2037,Jamal Crawford,MIN,668,0.07035928143712575,0.003954716409331668,0.056207458753905405,11.80688622754491,0.27245508982035926,1.123385476071754,0.07982909826849562,-0.009469816831369868
1629675,Naz Reid,MIN,1219,0.06890894175553733,0.008366027625352698,0.12140699613458261,11.388843314191961,0.2026251025430681,1.2653640830916018,0.07982909826849562,-0.010920156512958287
203967,Dario Saric,MIN,545,0.06422018348623854,0.00396455640276162,0.06173380684300237,11.511926605504588,0.22568807339449543,1.2379067024845394,0.07982909826849562,-0.01560891478225708
1629669,Jaylen Nowell,MIN,742,0.06064690026954178,0.0058382894199492785,0.09626690554671921,12.289757412398922,0.18463611859838275,1.184650443351885,0.07982909826849562,-0.019182197998953834
1626157,Karl-Anthony Towns,MIN,7312,0.057439824945295405,0.004972284219011037,0.08656510049859215,11.555388402625821,0.212253829321663,1.2674607194969576,0.07982909826849562,-0.02238927332320021
1630162,Anthony Edwards,MIN,2321,0.05687203791469194,0.0061017184283092335,0.107288549031104,12.318397242567858,0.1904351572598018,1.2589623204291025,0.07982909826849562,-0.022957060353803675
1630183,Jaden McDaniels,MIN,877,0.05131128848346636,0.005870223680635967,0.11440413706483873,12.19612314709236,0.19156214367160776,1.2901318297989377,0.07982909826849562,-0.028517809785029255
201565,Derrick Rose,MIN,752,0.04920212765957447,0.0042885408717283245,0.08716169555512701,12.125,0.20877659574468085,1.1521412219876843,0.07982909826849562,-0.030626970608921146
1627774,Jake Layman,MIN,412,0.04854368932038835,0.005060516665932577,0.10424664331821107,12.783980582524272,0.17233009708737865,1.3244917014316233,0.07982909826849562,-0.03128540894810727
1629162,Jordan McLaughlin,MIN,556,0.04316546762589928,0.00491219052546425,0.11379908050658845,12.5,0.20323741007194246,1.2630783751368946,0.07982909826849562,-0.03666363064259633
201976,Patrick Beverley,MIN,405,0.04197530864197531,0.0030272366961062295,0.07211946246606017,11.318518518518518,0.2814814814814815,1.2389860510657387,0.07982909826849562,-0.03785378962652031
203496,Robert Covington,MIN,707,0.04101838755304102,0.004510753360041922,0.1099690560534358,12.660537482319661,0.1753889674681754,1.2515621895696523,0.07982909826849562,-0.0388107107154546
1627823,Juancho Hernangomez,MIN,412,0.03640776699029126,0.0061126339986478685,0.16789368049619482,12.54611650485437,0.15776699029126215,1.3019412050679362,0.07982909826849562,-0.043421331278204356
1627752,Taurean Prince,MIN,365,0.03561643835616438,0.0030755017735410194,0.08635062671865171,12.454794520547946,0.19726027397260273,1.2573199574794154,0.07982909826849562,-0.04421265991233123
1627736,Malik Beasley,MIN,1587,0.02835538752362949,0.002923485834757852,0.10310160043912694,12.693761814744802,0.17328292375551355,1.2823440595304492,0.07982909826849562,-0.051473710744866126
1626156,D'Angelo Russell,MIN,1732,0.017321016166281754,0.0008989732849107044,0.051900724315511314,12.20150115473441,0.203810623556582,1.2126609042130312,0.07982909826849562,-0.06250808210221387
1627767,Cheick Diallo,NOP,487,0.2792607802874743,0.032888030572784395,0.11776816830107352,12.90965092402464,0.16632443531827515,1.188656141061226,0.08687364431103613,0.1923871359764382
201582,Alexis Ajinca,NOP,456,0.27631578947368424,0.028167677769259526,0.10194016716493924,11.699561403508772,0.18640350877192982,1.0474028775031698,0.08687364431103613,0.18944214516264812
203093,Terrence Jones,NOP,439,0.2505694760820046,0.03653057268439769,0.14579019462227802,11.177676537585421,0.275626423690205,1.0845278737287716,0.08687364431103613,0.16369583177096847
202708,Norris Cole,NOP,451,0.20842572062084258,0.014497069509589674,0.06955508881728663,12.487804878048781,0.17516629711751663,1.074023476015733,0.08687364431103613,0.12155207630980645
204025,Tim Frazier,NOP,690,0.16956521739130434,0.019611820032222164,0.11565945147207944,12.333333333333334,0.21594202898550724,1.1006278644528917,0.08687364431103613,0.08269157308026821
204038,Langston Galloway,NOP,408,0.16666666666666666,0.012642290582945562,0.07585374349767338,12.313725490196079,0.18382352941176472,1.1064978995574226,0.08687364431103613,0.07979302235563053
201936,Tyreke Evans,NOP,478,0.14644351464435146,0.021951707719019168,0.14989880413844517,11.805439330543933,0.23430962343096234,1.1203314333817929,0.08687364431103613,0.05956987033331533
200765,Rajon Rondo,NOP,463,0.13174946004319654,0.011310898088227063,0.08585157073523164,13.222462203023758,0.183585313174946,1.2004036815889834,0.08687364431103613,0.044875815732160415
1627741,Buddy Hield,NOP,432,0.12731481481481483,0.013362460797699075,0.10495605572010912,12.905092592592593,0.16666666666666666,1.1391672887775695,0.08687364431103613,0.0404411705037787
201962,Toney Douglas,NOP,395,0.1240506329113924,0.01148739346790463,0.09260245754739446,12.410126582278481,0.20759493670886076,1.1460836701010513,0.08687364431103613,0.03717698860035627
203076,Anthony Davis,NOP,4761,0.12014282713715606,0.012359122189596485,0.1028702460571134,12.27452215921025,0.18399495904221802,1.1935915894473172,0.08687364431103613,0.03326918282611993
201569,Eric Gordon,NOP,513,0.10526315789473684,0.0108121083580061,0.10271502940105798,12.001949317738791,0.20662768031189083,1.1829489326764486,0.08687364431103613,0.01838951358370071
201583,Ryan Anderson,NOP,861,0.10220673635307782,0.014890501748823507,0.14569002279246634,11.08362369337979,0.24274099883855982,1.0913126876672063,0.08687364431103613,0.015333092042041696
202326,DeMarcus Cousins,NOP,1068,0.10205992509363296,0.008788075113413717,0.08610701120298946,11.97191011235955,0.19850187265917604,1.17060282036221,0.08687364431103613,0.015186280782596831
1629627,Zion Williamson,NOP,1315,0.10038022813688213,0.013180184998539317,0.1313026005536303,12.705703422053231,0.14904942965779466,1.3142380040502815,0.08687364431103613,0.013506583825846005
201967,Dante Cunningham,NOP,920,0.0967391304347826,0.010138505707352048,0.10480253090745938,12.057608695652174,0.21195652173913043,1.2480278613519187,0.08687364431103613,0.009865486123746478
201950,Jrue Holiday,NOP,4882,0.0952478492421139,0.009852990046403918,0.10344580087428801,12.69192953707497,0.16018025399426464,1.1883924068993348,0.08687364431103613,0.008374204931077767
1630529,Herbert Jones,NOP,541,0.09426987060998152,0.008461189410887925,0.08975497002530135,12.364140480591498,0.24953789279112754,1.2654113612266236,0.08687364431103613,0.007396226298945388
1630184,Kira Lewis Jr.,NOP,447,0.0894854586129754,0.011351527984250482,0.1268533252239991,12.080536912751677,0.21029082774049218,1.1753402974976865,0.08687364431103613,0.0026118143019392692
1630230,Naji Marshall,NOP,436,0.08256880733944955,0.009169392775941622,0.11105153473084854,12.279816513761467,0.19724770642201836,1.2113549056374695,0.08687364431103613,-0.004304836971586581
1628402,Frank Jackson,NOP,736,0.08152173913043478,0.009646888327881136,0.11833516348867529,12.75679347826087,0.15353260869565216,1.21159036093378,0.08687364431103613,-0.0053519051806013435
202703,Nikola Mirotic,NOP,741,0.07692307692307693,0.0064283528240853234,0.0835685867131092,13.932523616734143,0.09581646423751687,1.2155211524434313,0.08687364431103613,-0.0099505673879592
203524,Solomon Hill,NOP,640,0.075,0.009526489946029034,0.12701986594705375,12.3296875,0.1953125,1.2086409099248914,0.08687364431103613,-0.01187364431103613
202734,E'Twaun Moore,NOP,2240,0.07455357142857143,0.006383350254355245,0.08562098544763921,12.884375,0.16741071428571427,1.203478653939534,0.08687364431103613,-0.0123200728824647
1629638,Nickeil Alexander-Walker,NOP,1265,0.07430830039525692,0.006785916992007245,0.09132111696690601,11.430830039525691,0.233201581027668,1.160883892097871,0.08687364431103613,-0.012565343915779209
203944,Julius Randle,NOP,1031,0.06983511154219205,0.005159392851415904,0.07387963930291384,11.837051406401551,0.22987390882638215,1.2487783250700162,0.08687364431103613,-0.01703853276884408
203901,Elfrid Payton,NOP,392,0.0663265306122449,0.0050283416388460815,0.07581192009337169,12.775510204081632,0.16326530612244897,1.20754521607261,0.08687364431103613,-0.020547113698791225
1629637,Jaxson Hayes,NOP,878,0.06150341685649203,0.007152713262783318,0.11629781934673618,12.785876993166287,0.1492027334851936,1.4591939828395593,0.08687364431103613,-0.0253702274545441
203546,Ian Clark,NOP,823,0.05710814094775213,0.005199633457724375,0.09104890075972683,13.004860267314703,0.17132442284325639,1.1887338788010324,0.08687364431103613,-0.029765503363284
1629026,Kenrich Williams,NOP,402,0.0472636815920398,0.005161129833730283,0.10919864174524073,13.069651741293532,0.19154228855721392,1.2635663706522555,0.08687364431103613,-0.039609962718996326
1628366,Lonzo Ball,NOP,1317,0.04555808656036447,0.003943473148144902,0.08655923560178058,12.552012148823083,0.16552771450265755,1.2103747706119679,0.08687364431103613,-0.04131555775067166
1626195,Willy Hernangomez,NOP,540,0.04259259259259259,0.0029790217669518177,0.06994225018060791,11.462962962962964,0.21481481481481482,1.3128724626308914,0.08687364431103613,-0.044281051718443536
203121,Darius Miller,NOP,917,0.04034896401308615,0.0027686239214180066,0.06861697664703548,12.828789531079607,0.1624863685932388,1.1889756012820687,0.08687364431103613,-0.046524680297949976
1629740,Nicolo Melli,NOP,354,0.03954802259887006,0.002729445044861711,0.06901596756293184,11.564971751412429,0.2401129943502825,1.2142981307203902,0.08687364431103613,-0.04732562171216607
1627742,Brandon Ingram,NOP,2965,0.03946037099494098,0.0028670682190634895,0.07265689973951495,11.813153456998315,0.2209106239460371,1.1633836562648279,0.08687364431103613,-0.04741327331609515
1628404,Josh Hart,NOP,1175,0.03234042553191489,0.0033469779509509136,0.10349208137808748,13.248510638297873,0.19659574468085106,1.2740892327826554,0.08687364431103613,-0.054533218779121234
202324,Derrick Favors,NOP,326,0.03067484662576687,0.0013889393975821407,0.04527942436117779,12.128834355828221,0.13190184049079753,1.422482963243564,0.08687364431103613,-0.05619879768526925
202339,Eric Bledsoe,NOP,676,0.029585798816568046,0.0010413368057258297,0.035197184033533044,11.877218934911243,0.22189349112426035,1.219260135121353,0.08687364431103613,-0.05728784549446808
203468,CJ McCollum,NOP,471,0.021231422505307854,0.0011246726333291016,0.05297208102980069,12.167728237791932,0.23142250530785563,1.2199534717510574,0.08687364431103613,-0.06564222180572828
1628984,Devonte' Graham,NOP,739,0.018944519621109608,0.0013975753968072878,0.07377201558861327,11.427604871447903,0.2652232746955345,1.2118797594430628,0.08687364431103613,-0.06792912468992651
1626143,Jahlil Okafor,NOP,488,0.01639344262295082,0.0009842898916495228,0.060041683390620895,10.889344262295081,0.27459016393442626,1.3223716591274743,0.08687364431103613,-0.0704802016880853
200755,JJ Redick,NOP,806,0.01240694789081886,0.0009552358950292514,0.07699201313935766,13.152605459057073,0.13771712158808933,1.2591304259956353,0.08687364431103613,-0.07446669642021726
202685,Jonas Valanciunas,NOP,872,0.0045871559633027525,7.910590465229655e-05,0.01724508721420065,10.64334862385321,0.30160550458715596,1.3043184790070372,0.08687364431103613,-0.08228648834773337
201167,Arron Afflalo,NYK,723,0.2074688796680498,0.024984375312470476,0.12042468900610771,10.654218533886583,0.3084370677731674,1.033505867340591,0.08253968253968254,0.12492919712836727
1626195,Willy Hernangomez,NYK,488,0.1885245901639344,0.02119575613014169,0.11242966295118635,11.78483606557377,0.2725409836065574,1.1531141444593183,0.08253968253968254,0.10598490762425188
101181,Jose Calderon,NYK,414,0.17149758454106281,0.008595559300021538,0.050120585214210096,11.531400966183575,0.2391304347826087,1.0827010048643724,0.08253968253968254,0.08895790200138028
203124,Kyle O'Quinn,NYK,951,0.16929547844374343,0.018419338610519424,0.1087999442149315,11.475289169295479,0.2902208201892745,1.0760395663183122,0.08253968253968254,0.08675579590406089
204038,Langston Galloway,NYK,527,0.16698292220113853,0.015679779100707447,0.0939004952962821,11.981024667931688,0.21631878557874762,1.1207170318721587,0.08253968253968254,0.08444323966145599
2756,Sasha Vujacic,NYK,383,0.15404699738903394,0.010399580980025573,0.06750914432796262,11.838120104438643,0.24804177545691905,1.1000108841315752,0.08253968253968254,0.0715073148493514
202682,Derrick Williams,NYK,501,0.15169660678642716,0.016888466424616753,0.11133054840438152,11.149700598802395,0.29740518962075846,1.1517579312624722,0.08253968253968254,0.06915692424674462
201577,Robin Lopez,NYK,580,0.1482758620689655,0.0225570559097031,0.1521289817166023,10.643103448275863,0.35172413793103446,1.0850954083379045,0.08253968253968254,0.06573617952928297
101127,Jarrett Jack,NYK,418,0.1339712918660287,0.008613840044774031,0.06429616319134902,12.562200956937799,0.18899521531100477,1.0493635548190283,0.08253968253968254,0.051431609326346175
1626170,Jerian Grant,NYK,331,0.1299093655589124,0.015971461306838568,0.12294310912938526,11.561933534743202,0.256797583081571,1.1267770987137475,0.08253968253968254,0.04736968301922985
202498,Lance Thomas,NYK,993,0.12890231621349446,0.014066099423726094,0.1091221619356251,10.93655589123867,0.28197381671701915,1.1115875088710632,0.08253968253968254,0.04636263367381192
2546,Carmelo Anthony,NYK,2426,0.12819455894476506,0.012029409510712021,0.09383713013822305,10.943528441879637,0.2943116240725474,1.048735197030509,0.08253968253968254,0.04565487640508252
201943,Brandon Jennings,NYK,382,0.1256544502617801,0.01369619228342208,0.10899886358890072,12.900523560209423,0.1649214659685864,1.1495498330469829,0.08253968253968254,0.04311476772209756
1628373,Frank Ntilikina,NYK,1102,0.1206896551724138,0.0074827681098810685,0.06200007862472885,11.635208711433757,0.23411978221415608,1.1163325489199438,0.08253968253968254,0.03814997263273126
204001,Kristaps Porzingis,NYK,2520,0.10436507936507937,0.011434073176838996,0.1095584197932862,11.523015873015874,0.2376984126984127,1.125461790223437,0.08253968253968254,0.02182539682539683
201565,Derrick Rose,NYK,1557,0.10404624277456648,0.009172603992243485,0.0881589161476735,11.877328195247271,0.22671804752729607,1.110001144673144,0.08253968253968254,0.02150656023488394
203200,Justin Holiday,NYK,499,0.10220440881763528,0.009655656211393263,0.09447396959774974,11.853707414829659,0.24448897795591182,1.1620279931387494,0.08253968253968254,0.019664726277952738
201563,Michael Beasley,NYK,718,0.09749303621169916,0.00814070119035994,0.0835003350668348,11.1016713091922,0.29526462395543174,1.148603221846178,0.08253968253968254,0.014953353672016625
1629628,RJ Barrett,NYK,2777,0.09146561037090385,0.00940428464354563,0.10281771045325282,11.797263233705438,0.2326251350378106,1.1803182101219885,0.08253968253968254,0.008925927831221314
1628995,Kevin Knox II,NYK,1425,0.08842105263157894,0.007467776424680219,0.08445699527912152,11.899649122807018,0.19719298245614036,1.1850062690938366,0.08253968253968254,0.005881370091896404
1627851,Mindaugas Kuzminskas,NYK,338,0.08579881656804733,0.014515722511301735,0.16918324857999953,12.881656804733728,0.1952662721893491,1.2232888403858384,0.08253968253968254,0.0032591340283647935
203926,Doug McDermott,NYK,305,0.07868852459016394,0.004791265134706621,0.06088899442022997,12.61311475409836,0.1737704918032787,1.2352335151443075,0.08253968253968254,-0.0038511579495185966
1626144,Emmanuel Mudiay,NYK,859,0.07683352735739232,0.005389620542752604,0.07014672797309829,11.770663562281722,0.2561117578579744,1.1331570525057073,0.08253968253968254,-0.005706155182290215
1629019,Allonzo Trier,NYK,554,0.07220216606498195,0.005633848808469059,0.07802880599729647,11.945848375451263,0.2490974729241877,1.1968001525749914,0.08253968253968254,-0.01033751647470059
203501,Tim Hardaway Jr.,NYK,1500,0.06,0.003401276541954066,0.05668794236590111,12.895333333333333,0.182,1.2037386053491506,0.08253968253968254,-0.02253968253968254
203943,Noah Vonleh,NYK,408,0.058823529411764705,0.005068594784917695,0.08616611134360082,10.818627450980392,0.2769607843137255,1.2085625595098908,0.08253968253968254,-0.023716153127917833
203901,Elfrid Payton,NYK,987,0.05369807497467072,0.0036067137785005497,0.06716653772415174,11.388044579533942,0.24518743667679838,1.1808331187853514,0.08253968253968254,-0.02884160756501182
1628422,Damyean Dotson,NYK,1076,0.05297397769516728,0.0026218616506910285,0.049493388353395555,11.990706319702602,0.20910780669144982,1.1665878213216203,0.08253968253968254,-0.029565704844515255
1628372,Dennis Smith Jr.,NYK,460,0.05217391304347826,0.004292795315119466,0.08227857687312311,11.345652173913043,0.28043478260869564,1.1836961327921731,0.08253968253968254,-0.03036576949620428
203944,Julius Randle,NYK,3282,0.05088360755636807,0.002784969094618541,0.05473214711699432,10.312918951858622,0.31596587446678853,1.1725988520232251,0.08253968253968254,-0.03165607498331447
202683,Enes Freedom,NYK,1030,0.05048543689320388,0.0029106716499354987,0.057653688450645446,12.098058252427185,0.24757281553398058,1.2887782241151682,0.08253968253968254,-0.03205424564647866
1626209,Mario Hezonja,NYK,433,0.04849884526558892,0.0028774109334254415,0.059329473055867415,11.625866050808314,0.20785219399538107,1.2368972163989118,0.08253968253968254,-0.03404083727409362
201584,Courtney Lee,NYK,1382,0.04848046309696093,0.0037523560410905694,0.07739934401174875,12.219971056439942,0.23299565846599132,1.1675746057156084,0.08253968253968254,-0.03405921944272161
201959,Taj Gibson,NYK,572,0.04195804195804196,0.000952836802831487,0.02270927713415044,11.232517482517483,0.2202797202797203,1.3417422794001994,0.08253968253968254,-0.04058164058164058
203504,Trey Burke,NYK,680,0.039705882352941174,0.002569873567167432,0.06472274169162422,12.352941176470589,0.2088235294117647,1.1435893340176297,0.08253968253968254,-0.042833800186741364
202692,Alec Burks,NYK,1134,0.03880070546737213,0.002782484471507862,0.07171221342477081,10.415343915343914,0.30687830687830686,1.1855362578261674,0.08253968253968254,-0.043738977072310406
1626171,Bobby Portis,NYK,549,0.03460837887067395,0.002173325202415859,0.06279765979612141,11.367941712204008,0.23497267759562843,1.1735199197460904,0.08253968253968254,-0.047931303669008586
1630167,Obi Toppin,NYK,639,0.025039123630672927,0.0022111899494735195,0.08830939860709869,11.912363067292645,0.2378716744913928,1.4079766197434065,0.08253968253968254,-0.05750055890900961
1630193,Immanuel Quickley,NYK,1191,0.02434928631402183,0.0022775068916866125,0.09353485199995706,11.07136859781696,0.2863140218303946,1.1840271333949284,0.08253968253968254,-0.058190396225660704
202694,Marcus Morris Sr.,NYK,582,0.022336769759450172,0.0019223761853839057,0.08606330306872562,10.494845360824742,0.29553264604810997,1.1410877915444568,0.08253968253968254,-0.06020291278023236
1628436,Luke Kornet,NYK,384,0.020833333333333332,0.004495715191893836,0.21579432921090413,10.924479166666666,0.2890625,1.1934734414538493,0.08253968253968254,-0.06170634920634921
1629011,Mitchell Robinson,NYK,1082,0.02033271719038817,0.0025015786045730717,0.12303218409763922,12.451016635859519,0.1377079482439926,1.6800738165904572,0.08253968253968254,-0.06220696534929437
203493,Reggie Bullock,NYK,743,0.012113055181695828,0.002002161161341025,0.1652895269862646,12.353970390309556,0.2018842530282638,1.26711306541707,0.08253968253968254,-0.07042662735798672
202689,Kemba Walker,NYK,347,0.011527377521613832,0.0006121904806729033,0.05310752419837436,11.331412103746398,0.24495677233429394,1.2218139947247955,0.08253968253968254,-0.07101230501806871
203095,Evan Fournier,NYK,893,0.011198208286674132,0.000708598328648768,0.06327783074833498,11.241881298992162,0.2642777155655095,1.260629373233743,0.08253968253968254,-0.07134147425300841
201586,Serge Ibaka,OKC,818,0.24205378973105135,0.014513813905253994,0.059961109972210935,11.881418092909536,0.2139364303178484,1.0842280652296539,0.06837380036265535,0.17367998936839601
1627734,Domantas Sabonis,OKC,444,0.14414414414414414,0.01681647646049802,0.116664305444705,11.07882882882883,0.23873873873873874,1.1513636593884007,0.06837380036265535,0.0757703437814888
1630598,Aaron Wiggins,OKC,315,0.1365079365079365,0.016920670024629974,0.12395374552926607,12.228571428571428,0.23809523809523808,1.1865816595880632,0.06837380036265535,0.06813413614528115
201142,Kevin Durant,OKC,1266,0.12480252764612954,0.013066164199090105,0.1046947080762536,12.084518167456556,0.20774091627172195,1.1772240581466658,0.06837380036265535,0.05642872728347419
202683,Enes Freedom,OKC,1314,0.1232876712328767,0.013689246115314945,0.11103499626866564,12.0662100456621,0.271689497716895,1.1967249898894483,0.06837380036265535,0.05491387087022136
203079,Dion Waiters,OKC,640,0.121875,0.011160032741281318,0.09156949941564159,11.4671875,0.240625,1.1608274029183918,0.06837380036265535,0.05350119963734465
1630581,Josh Giddey,OKC,633,0.11532385466034756,0.011266263479811136,0.09769239428384174,12.150078988941548,0.1895734597156398,1.1410297547068755,0.06837380036265535,0.04695005429769221
203457,Nerlens Noel,OKC,496,0.10685483870967742,0.008940348315529235,0.08366816536797171,11.872983870967742,0.17943548387096775,1.429384524975139,0.06837380036265535,0.03848103834702207
201627,Anthony Morrow,OKC,510,0.10196078431372549,0.010843229514189954,0.10634705869686299,12.152941176470588,0.22549019607843138,1.1428450500557874,0.06837380036265535,0.03358698395107014
1629647,Darius Bazley,OKC,1543,0.09721322099805574,0.011637189183521458,0.11970788606782407,11.692158133506156,0.22812702527543746,1.2206063634679236,0.06837380036265535,0.02883942063540039
1630197,Aleksej Pokusevski,OKC,811,0.09247842170160296,0.010667725852699891,0.1153536755538615,11.954377311960542,0.21701602959309493,1.1855304469605439,0.06837380036265535,0.024104621338947613
1629676,Isaiah Roby,OKC,693,0.09090909090909091,0.00931139488771043,0.10242534376481473,12.023088023088023,0.21356421356421357,1.2436929607833844,0.06837380036265535,0.022535290546435563
1630544,Tre Mann,OKC,547,0.08409506398537477,0.010348719499980587,0.12305977318455179,11.016453382084094,0.25411334552102377,1.1631263272887482,0.06837380036265535,0.015721263622719417
1630526,Jeremiah Robinson-Earl,OKC,309,0.08090614886731391,0.007699650729706373,0.09516768301917077,11.783171521035598,0.19741100323624594,1.2259524554745873,0.06837380036265535,0.012532348504658564
1629652,Luguentz Dort,OKC,1493,0.07970529135967849,0.009004815283292916,0.11297637998282624,12.229738780977897,0.20026791694574683,1.2007348955967498,0.06837380036265535,0.011331490997023144
1626166,Cameron Payne,OKC,362,0.07734806629834254,0.011113971559691111,0.14368777516457792,11.5939226519337,0.21823204419889503,1.1287583491634807,0.06837380036265535,0.00897426593568719
203506,Victor Oladipo,OKC,858,0.07692307692307693,0.007101062947330492,0.0923138183152964,13.003496503496503,0.15034965034965034,1.208769458812675,0.06837380036265535,0.008549276560421579
1628977,Hamidou Diallo,OKC,672,0.07589285714285714,0.009909761005644063,0.13057567442731,12.90922619047619,0.17410714285714285,1.2450355651925056,0.06837380036265535,0.007519056780201788
1629026,Kenrich Williams,OKC,676,0.07100591715976332,0.006521757879557749,0.09184809013710497,12.177514792899409,0.20414201183431951,1.2101871751595623,0.06837380036265535,0.0026321167971079668
1630177,Theo Maledon,OKC,864,0.06944444444444445,0.007014053256321969,0.10100236689103634,11.744212962962964,0.22106481481481483,1.168388635425037,0.06837380036265535,0.0010706440817890989
203924,Jerami Grant,OKC,1477,0.06838185511171294,0.007975438272487142,0.11663091414320305,12.212593094109682,0.1997291807718348,1.3262083877407767,0.06837380036265535,8.054749057587185e-06
201566,Russell Westbrook,OKC,6132,0.060665362035225046,0.005034531367360578,0.08298856544262113,13.48972602739726,0.15101108936725374,1.2074218965039958,0.06837380036265535,-0.007708438327430303
1628983,Shai Gilgeous-Alexander,OKC,2430,0.053497942386831275,0.005240295775001617,0.09795322102503023,11.862551440329218,0.2300411522633745,1.1977332137708891,0.06837380036265535,-0.014875857975824074
1627846,Abdel Nader,OKC,453,0.04856512141280353,0.005092394314761552,0.10485702839031742,12.086092715231787,0.2163355408388521,1.210238654526097,0.06837380036265535,-0.01980867894985182
1629660,Ty Jerome,OKC,561,0.0481283422459893,0.00458960678561367,0.09536182987886178,11.167557932263815,0.2638146167557932,1.1630052984335975,0.06837380036265535,-0.020245458116666046
203518,Alex Abrines,OKC,712,0.0449438202247191,0.0028203580135880307,0.06275296580233368,12.411516853932584,0.18820224719101122,1.2358211669730323,0.06837380036265535,-0.02342998013793625
203500,Steven Adams,OKC,2796,0.044706723891273246,0.004641456934612446,0.1038201087134112,12.410228898426324,0.19206008583690987,1.3944162379400378,0.06837380036265535,-0.023667076471382102
202335,Patrick Patterson,OKC,455,0.041758241758241756,0.0034207666087146043,0.08191835826132339,12.747252747252746,0.16263736263736264,1.2515984932525288,0.06837380036265535,-0.026615558604413593
201568,Danilo Gallinari,OKC,754,0.038461538461538464,0.0030062987748200433,0.07816376814532111,10.53315649867374,0.2917771883289125,1.2159638615237582,0.06837380036265535,-0.029912261901116885
1628390,Terrance Ferguson,OKC,790,0.0379746835443038,0.0036296625529218898,0.09558111389360976,13.160759493670886,0.1569620253164557,1.2939586358298503,0.06837380036265535,-0.03039911681835155
101109,Raymond Felton,OKC,614,0.03745928338762215,0.002224219502822259,0.059376990205776824,11.570032573289902,0.24104234527687296,1.1345786006680734,0.06837380036265535,-0.030914516975033196
203460,Andre Roberson,OKC,808,0.03217821782178218,0.005822718596224605,0.18095217791344156,12.683168316831683,0.2103960396039604,1.3888119025742325,0.06837380036265535,-0.03619558254087317
202331,Paul George,OKC,2759,0.03117071402682131,0.0020805000266969245,0.0667453438797304,13.267850670532802,0.1496919173613628,1.2291582133754022,0.06837380036265535,-0.03720308633583404
2546,Carmelo Anthony,OKC,1081,0.025901942645698426,0.0019701752518805457,0.07606283740295963,12.217391304347826,0.2590194264569843,1.1554236665021973,0.06837380036265535,-0.042471857716956926
203471,Dennis Schroder,OKC,1932,0.025879917184265012,0.0020038719503649195,0.07742961216210048,12.711697722567287,0.18478260869565216,1.1710404987425316,0.06837380036265535,-0.04249388317839034
203488,Mike Muscala,OKC,658,0.0243161094224924,0.0009395003800537184,0.03863695312970917,11.96808510638298,0.2006079027355623,1.2494067456726867,0.06837380036265535,-0.044057690940162944
201143,Al Horford,OKC,338,0.01775147928994083,0.000719752409564355,0.040546052405458666,11.127218934911243,0.2603550295857988,1.2220325783885757,0.06837380036265535,-0.05062232107271452
101108,Chris Paul,OKC,795,0.010062893081761006,0.0007102327989633832,0.0705793843969862,11.778616352201258,0.2628930817610063,1.1952101351828177,0.06837380036265535,-0.058310907280894345
201160,Jason Smith,ORL,460,0.2826086956521739,0.014649713073797657,0.05183744626113017,10.793478260869565,0.25,0.9151365873497361,0.06171111111111111,0.22089758454106279
201228,C.J. Watson,ORL,349,0.13753581661891118,0.011281942598695012,0.08202912431134499,12.595988538681949,0.19197707736389685,1.1084223597579241,0.06171111111111111,0.07582470550780007
202699,Tobias Harris,ORL,511,0.12720156555772993,0.020040681914878067,0.15755059166927218,12.11545988258317,0.23679060665362034,1.2000629097705942,0.06171111111111111,0.06549045444661883
203901,Elfrid Payton,ORL,1919,0.12037519541427827,0.01426052161937147,0.11846727700248422,12.967170401250652,0.18811881188118812,1.1411244407865748,0.06171111111111111,0.058664084303167156
203613,Jonathon Simmons,ORL,925,0.11135135135135135,0.009108740055830138,0.08180179176352309,11.84108108108108,0.23135135135135135,1.1364475555275122,0.06171111111111111,0.04964024024024024
203487,Michael Carter-Williams,ORL,537,0.10986964618249534,0.01100291824900665,0.1001452050799419,11.681564245810057,0.24581005586592178,1.1405453319031602,0.06171111111111111,0.04815853507138423
203506,Victor Oladipo,ORL,897,0.10590858416945373,0.013552857808340783,0.12796751004296505,12.052396878483835,0.1995540691192865,1.165735009254555,0.06171111111111111,0.044197473058342616
203920,Khem Birch,ORL,578,0.10553633217993079,0.0111074906703992,0.10524802635230718,11.820069204152249,0.2179930795847751,1.2687118178098287,0.06171111111111111,0.04382522106881968
202687,Bismack Biyombo,ORL,612,0.10294117647058823,0.010990594867370347,0.10676577871159765,11.97875816993464,0.24673202614379086,1.2654885588458127,0.06171111111111111,0.04123006535947712
1628411,Wes Iwundu,ORL,653,0.08269525267993874,0.006430475979708772,0.07776112619907091,12.188361408882082,0.23736600306278713,1.1833404867204347,0.06171111111111111,0.02098414156882763
1630532,Franz Wagner,ORL,904,0.0752212389380531,0.007984279477202585,0.1061439506969285,11.810840707964601,0.23672566371681417,1.2051691912619211,0.06171111111111111,0.01351012782694199
1626209,Mario Hezonja,ORL,1248,0.07371794871794872,0.00899018851403173,0.12195386158164782,12.135416666666666,0.23076923076923078,1.182911614411288,0.06171111111111111,0.012006837606837607
1628371,Jonathan Isaac,ORL,1031,0.07080504364694472,0.006102536171548368,0.08618787387488175,11.971871968962173,0.1959262851600388,1.2294271547762106,0.06171111111111111,0.009093932535833606
1630175,Cole Anthony,ORL,1343,0.06850335070737155,0.007686488542171973,0.11220602295801042,12.288905435591959,0.21742367833209233,1.1438437107597943,0.06171111111111111,0.006792239596260442
201145,Jeff Green,ORL,493,0.06490872210953347,0.005464410503132986,0.08418607431389256,10.823529411764707,0.3204868154158215,1.1347694760237383,0.06171111111111111,0.0031976109984223552
1630181,R.J. Hampton,ORL,654,0.06422018348623854,0.0056660560916979505,0.08822858771358237,12.264525993883792,0.23547400611620795,1.1647061371270904,0.06171111111111111,0.0025090723751274233
1628407,Dwayne Bacon,ORL,692,0.06358381502890173,0.004886971054847525,0.07685872658987472,11.86849710982659,0.2398843930635838,1.1189399127819644,0.06171111111111111,0.0018727039177906177
202714,Shelvin Mack,ORL,368,0.059782608695652176,0.0036628785853023947,0.06126996906324005,12.144021739130435,0.28804347826086957,1.165065865465076,0.06171111111111111,-0.0019285024154589367
203932,Aaron Gordon,ORL,4035,0.059231722428748454,0.005925273020778582,0.10003546710812375,11.830731102850063,0.24907063197026022,1.2390458743309762,0.06171111111111111,-0.0024793886823626585
1630591,Jalen Suggs,ORL,513,0.05847953216374269,0.006525480096903042,0.11158570965704201,12.458089668615985,0.21442495126705652,1.2085716707219027,0.06171111111111111,-0.0032315789473684256
1628365,Markelle Fultz,ORL,977,0.05527123848515865,0.005511877588958212,0.09972415563726246,11.798362333674515,0.2292732855680655,1.126418189563955,0.06171111111111111,-0.006439872625952463
201571,D.J. Augustin,ORL,1972,0.053245436105476676,0.00492314009851055,0.09246125975488385,11.975152129817443,0.2434077079107505,1.1827820530874609,0.06171111111111111,-0.008465675005634436
1628964,Mo Bamba,ORL,1339,0.04929051530993279,0.0034245275007234984,0.06947639884043584,11.647498132935025,0.20313666915608664,1.2815652867443665,0.06171111111111111,-0.012420595801178325
203095,Evan Fournier,ORL,4690,0.04818763326226013,0.005572957097072729,0.11565118931535885,11.61727078891258,0.23880597014925373,1.1991939628814026,0.06171111111111111,-0.013523477848850982
201578,Marreese Speights,ORL,316,0.04430379746835443,0.0019932962477383137,0.04499154387752193,11.487341772151899,0.2689873417721519,1.1635667579068043,0.06171111111111111,-0.017407313642756682
1629643,Chuma Okeke,ORL,843,0.042704626334519574,0.00372667715369506,0.08726635668235933,11.358244365361804,0.2431791221826809,1.198742072708479,0.06171111111111111,-0.019006484776591538
1628976,Wendell Carter Jr.,ORL,833,0.04201680672268908,0.0030907874748431594,0.07356074190126718,11.561824729891956,0.23289315726290516,1.2509541780405946,0.06171111111111111,-0.019694304388422033
202696,Nikola Vucevic,ORL,5819,0.03797903419831586,0.003256850725670501,0.0857539111885821,11.111359340092799,0.24729334937274447,1.1422459038027153,0.06171111111111111,-0.023732076912795254
203516,James Ennis III,ORL,353,0.031161473087818695,0.002485886077337123,0.07977434411818221,12.05099150141643,0.20679886685552407,1.2591019098092509,0.06171111111111111,-0.030549638023292417
1629021,Moritz Wagner,ORL,459,0.030501089324618737,0.0036780736167373916,0.12058827072017593,11.75599128540305,0.2113289760348584,1.3054042554745644,0.06171111111111111,-0.031210021786492376
201586,Serge Ibaka,ORL,661,0.028744326777609682,0.0024881530624131843,0.0865615354871113,11.711043872919818,0.2405446293494705,1.1595204073052874,0.06171111111111111,-0.032966784333501434
203082,Terrence Ross,ORL,3280,0.014634146341463415,0.000917123552931737,0.06267010945033537,11.675609756097561,0.21371951219512195,1.2021640771801343,0.06171111111111111,-0.0470769647696477
203914,Gary Harris,ORL,687,0.01455604075691412,0.0008658302853499363,0.05948254060354062,12.117903930131005,0.2081513828238719,1.238025086381257,0.06171111111111111,-0.04715507035419699
202397,Ish Smith,PHI,639,0.19248826291079812,0.03055228817159344,0.15872286294022933,11.31924882629108,0.29890453834115804,1.1025997554778662,0.0714269471290506,0.12106131578174753
203924,Jerami Grant,PHI,562,0.19217081850533807,0.04257197752976221,0.22153195714561444,11.720640569395018,0.24733096085409254,1.1986153579100403,0.0714269471290506,0.12074387137628748
203457,Nerlens Noel,PHI,692,0.1893063583815029,0.025280158479279686,0.13354098982947743,12.307803468208093,0.20664739884393063,1.3023780344594735,0.0714269471290506,0.1178794112524523
1626143,Jahlil Okafor,PHI,1156,0.17993079584775087,0.02428213617117829,0.13495264141289473,10.646193771626297,0.2811418685121107,1.1136586485948785,0.0714269471290506,0.10850384871870028
1626158,Richaun Holmes,PHI,809,0.15945611866501855,0.02117792002385915,0.13281346743645006,12.862793572311496,0.19406674907292953,1.3105093612328462,0.0714269471290506,0.08802917153596795
200771,Sergio Rodriguez,PHI,476,0.13445378151260504,0.016161327564658837,0.1201998737621501,11.800420168067227,0.23319327731092437,1.1324888311332448,0.0714269471290506,0.06302683438355444
203967,Dario Saric,PHI,1805,0.1290858725761773,0.012880249761476413,0.09978047562002115,12.608864265927977,0.17673130193905817,1.1531510571875823,0.0714269471290506,0.0576589254471267
203138,Hollis Thompson,PHI,762,0.11811023622047244,0.019561192068343183,0.16561809284530563,12.061679790026247,0.2152230971128609,1.1455674114773695,0.0714269471290506,0.046683289091421845
201945,Gerald Henderson,PHI,508,0.11220472440944881,0.013896263222156176,0.12384739854132171,12.051181102362206,0.19291338582677164,1.1340674168069877,0.0714269471290506,0.04077777728039822
101141,Ersan Ilyasova,PHI,785,0.10955414012738854,0.010236119863382983,0.09343434991576327,12.857324840764331,0.1681528662420382,1.161975251949104,0.0714269471290506,0.038127192998337944
204456,T.J. McConnell,PHI,1631,0.10177805027590435,0.01264601027242497,0.12425085996581402,11.952176578786021,0.23114653586756592,1.1336144765059697,0.0714269471290506,0.030351103146853756
1627789,Timothe Luwawu-Cabarrot,PHI,578,0.09342560553633218,0.014830710506266373,0.15874353097448082,12.593425605536332,0.20588235294117646,1.2084637534343408,0.0714269471290506,0.021998658407281588
203477,Isaiah Canaan,PHI,656,0.09146341463414634,0.01956448809074076,0.21390506979209897,11.71798780487805,0.2621951219512195,1.1623883932615113,0.0714269471290506,0.020036467505095745
203496,Robert Covington,PHI,2238,0.07551385165326184,0.010757568459658825,0.14245821427642869,13.497765862377122,0.15638963360142985,1.2184191807774014,0.0714269471290506,0.004086904524211246
203917,Nik Stauskas,PHI,1076,0.07527881040892194,0.0097540601083695,0.12957245279759974,11.553903345724907,0.25092936802973975,1.2052585538675942,0.0714269471290506,0.0038518632798713454
1627732,Ben Simmons,PHI,2962,0.07427413909520594,0.008611445897933412,0.1159413761349035,13.175219446320053,0.17218095881161377,1.3292701219853984,0.0714269471290506,0.002847191966155349
1626147,Justin Anderson,PHI,322,0.06521739130434782,0.0063271862020127835,0.09701685509752933,12.506211180124224,0.20496894409937888,1.2865997807706682,0.0714269471290506,-0.00620955582470277
101161,Amir Johnson,PHI,359,0.06406685236768803,0.005410285824319898,0.08444750482308014,12.18941504178273,0.23119777158774374,1.2717970227631166,0.0714269471290506,-0.007360094761362568
203954,Joel Embiid,PHI,5221,0.0582263934112239,0.006565685917072675,0.11276133609551459,10.671135797739897,0.3039647577092511,1.1750026031235208,0.0714269471290506,-0.01320055371782669
1629003,Shake Milton,PHI,1290,0.05813953488372093,0.006512502445258272,0.11201504205844227,11.555038759689923,0.2317829457364341,1.1719181342153382,0.0714269471290506,-0.013287412245329665
202710,Jimmy Butler,PHI,688,0.03924418604651163,0.003077357215216271,0.07841562089143685,11.829941860465116,0.251453488372093,1.2332358058340382,0.0714269471290506,-0.032182761082538966
1630178,Tyrese Maxey,PHI,1293,0.03248259860788863,0.00277221038589542,0.08534447688006613,11.524361948955917,0.25831399845320957,1.2046430760114342,0.0714269471290506,-0.038944348521161964
1627788,Furkan Korkmaz,PHI,1596,0.03132832080200501,0.00274446685989162,0.0876033821677405,11.55451127819549,0.2412280701754386,1.2311504848719064,0.0714269471290506,-0.04009862632704558
1629680,Matisse Thybulle,PHI,760,0.02763157894736842,0.0026479520968132934,0.09583064731324299,12.35657894736842,0.23026315789473684,1.3627312910001264,0.0714269471290506,-0.04379536818168217
1626196,Josh Richardson,PHI,599,0.021702838063439065,0.0022815323308387754,0.10512598970557127,10.701168614357263,0.2704507512520868,1.1869792138444444,0.0714269471290506,-0.04972410906561153
1627777,Georges Niang,PHI,521,0.019193857965451054,0.0011054953591534938,0.05759630821189703,11.078694817658349,0.255278310940499,1.2606403245103,0.0714269471290506,-0.05223308916359954
200755,JJ Redick,PHI,1807,0.018815716657443277,0.0013124512097593486,0.06975292164809244,13.11289429994466,0.14775871610403984,1.2337166492160105,0.0714269471290506,-0.05261123047160732
202699,Tobias Harris,PHI,3273,0.013137794072716162,0.0007971509761017641,0.0606761661576994,11.202566452795601,0.2700886037274672,1.2487336233370385,0.0714269471290506,-0.05828915305633443
203118,Mike Scott,PHI,706,0.012747875354107648,0.0008803581073103037,0.06905920264011939,11.73512747875354,0.23229461756373937,1.2625907851248475,0.0714269471290506,-0.05867907177494294
201143,Al Horford,PHI,660,0.00909090909090909,0.000600851706413538,0.06609368770548918,11.184848484848485,0.25757575757575757,1.2266458661668191,0.0714269471290506,-0.0623360380381415
1629013,Landry Shamet,PHI,337,0.008902077151335312,0.000710053116268996,0.07976263339421723,12.492581602373887,0.19584569732937684,1.2399123678922737,0.0714269471290506,-0.06252486997771528
201980,Danny Green,PHI,798,0.008771929824561403,0.0003847681143220137,0.04386356503270956,12.598997493734336,0.22431077694235588,1.304212901179768,0.0714269471290506,-0.06265501730448919
203552,Seth Curry,PHI,1017,0.003933136676499509,0.00021787207495619636,0.055393975057612926,11.55063913470993,0.2487708947885939,1.249752417885463,0.0714269471290506,-0.06749381045255108
202720,Jon Leuer,PHX,435,0.20919540229885059,0.025585632941841546,0.12230494867803375,12.471264367816092,0.14942528735632185,1.148514452872059,0.06839256400017747,0.14080283829867313
202693,Markieff Morris,PHX,392,0.18622448979591838,0.022611567448551983,0.12142101972373118,11.191326530612244,0.26785714285714285,1.1004909313334301,0.06839256400017747,0.11783192579574091
203458,Alex Len,PHX,1276,0.18573667711598746,0.019986953886128627,0.10760908505780645,11.650470219435737,0.23981191222570533,1.220546932815989,0.06839256400017747,0.11734411311580999
202688,Brandon Knight,PHX,1298,0.1332819722650231,0.01428493778606223,0.10717831934282528,12.442989214175656,0.18412942989214176,1.1352173623027115,0.06839256400017747,0.06488940826484564
202339,Eric Bledsoe,PHX,1408,0.12428977272727272,0.013584413078410502,0.10929630636801135,12.606534090909092,0.20880681818181818,1.1540271603778023,0.06839256400017747,0.05589720872709525
203462,Archie Goodwin,PHX,375,0.12266666666666666,0.02359993391584954,0.19239076561833862,12.402666666666667,0.20266666666666666,1.2455452607751776,0.06839256400017747,0.05427410266648919
200782,P.J. Tucker,PHX,830,0.12048192771084337,0.018390919060769374,0.15264462820438582,12.4855421686747,0.2469879518072289,1.1920261645804628,0.06839256400017747,0.0520893637106659
1627755,Tyler Ulis,PHX,893,0.11534154535274356,0.010664989930981606,0.0924644272656949,12.263157894736842,0.24972004479283313,1.0938295512868121,0.06839256400017747,0.04694898135256609
203901,Elfrid Payton,PHX,360,0.10555555555555556,0.007943849596664809,0.07525752249471925,12.122222222222222,0.18055555555555555,1.1406280913376434,0.06839256400017747,0.03716299155537808
2571,Leandro Barbosa,PHX,371,0.09433962264150944,0.011946317839359668,0.12663096909721247,12.320754716981131,0.19137466307277629,1.1517143557356846,0.06839256400017747,0.02594705864133197
203933,T.J. Warren,PHX,2673,0.09427609427609428,0.010220611883806876,0.10841149033895152,13.134306023194911,0.1941638608305275,1.2003042548640976,0.06839256400017747,0.025883530275916805
203141,Mirza Teletovic,PHX,717,0.08647140864714087,0.012671147305066922,0.14653568738279005,12.03765690376569,0.21896792189679218,1.155149464315254,0.06839256400017747,0.018078844646963396
1627737,Marquese Chriss,PHX,1031,0.08341416100872939,0.009479383576648088,0.11364237752935093,12.1270611057226,0.23569350145489815,1.3211897966980448,0.06839256400017747,0.01502159700855192
1629028,Deandre Ayton,PHX,2669,0.07418508804795804,0.00411384635805716,0.05545381782653818,11.185088047958036,0.23229674035219183,1.2935425461661982,0.06839256400017747,0.0057925240477805645
1628367,Josh Jackson,PHX,1641,0.06703229737964655,0.007344780206797868,0.10957076653959368,12.31748933577087,0.2315661182205972,1.2289861509328075,0.06839256400017747,-0.0013602666205309172
2199,Tyson Chandler,PHX,644,0.06677018633540373,0.010640171037891798,0.15935511973028643,12.81832298136646,0.20031055900621117,1.5036512743579589,0.06839256400017747,-0.0016223776647737442
201580,JaVale McGee,PHX,416,0.055288461538461536,0.006720695032696327,0.12155691885224659,11.32451923076923,0.20192307692307693,1.3700390902387285,0.06839256400017747,-0.013104102461715936
1626163,Frank Kaminsky,PHX,589,0.05263157894736842,0.003782758482238672,0.07187241116253475,10.850594227504244,0.22920203735144312,1.2578217039117512,0.06839256400017747,-0.015760985052809054
1626164,Devin Booker,PHX,8012,0.0509236145781328,0.004675087238218099,0.09180587978579269,12.321143285072392,0.21854717923115327,1.1798711847016452,0.06839256400017747,-0.017468949422044674
203967,Dario Saric,PHX,835,0.04910179640718563,0.0031635989621153398,0.06442939349673923,11.008383233532934,0.2622754491017964,1.2530755683156762,0.06839256400017747,-0.019290767592991843
1628975,Jevon Carter,PHX,434,0.04838709677419355,0.005284124529379586,0.10920524027384476,11.347926267281107,0.2834101382488479,1.198853816618695,0.06839256400017747,-0.020005467225983925
1629013,Landry Shamet,PHX,456,0.046052631578947366,0.0034914598453682547,0.07581455664228212,12.052631578947368,0.21929824561403508,1.2563211121238729,0.06839256400017747,-0.022339932421230106
1626166,Cameron Payne,PHX,981,0.045871559633027525,0.003662217383055215,0.07983633895060369,12.089704383282365,0.19775739041794088,1.1738204770759044,0.06839256400017747,-0.022521004367149947
1626162,Kelly Oubre Jr.,PHX,1281,0.04527712724434036,0.004751117327802613,0.10493416029164047,12.304449648711945,0.19984387197501952,1.2868039572716594,0.06839256400017747,-0.02311543675583711
203109,Jae Crowder,PHX,970,0.03814432989690722,0.0034193965872697713,0.08964364026085617,11.511340206185567,0.2443298969072165,1.2310392136113761,0.06839256400017747,-0.030248234103270252
1626158,Richaun Holmes,PHX,341,0.03812316715542522,0.0029520612315557574,0.07743483692003948,10.868035190615835,0.2756598240469208,1.4465185388386963,0.06839256400017747,-0.03026939684475225
1629059,Elie Okobo,PHX,432,0.037037037037037035,0.005785531242453893,0.1562093435462551,11.25925925925926,0.26851851851851855,1.2400051503592058,0.06839256400017747,-0.03135552696314044
1628470,Torrey Craig,PHX,310,0.035483870967741936,0.0031411389428687947,0.08852300657175693,11.725806451612904,0.267741935483871,1.2804610972544028,0.06839256400017747,-0.032908693032435536
1629661,Cameron Johnson,PHX,1388,0.035302593659942365,0.0042715109493904994,0.12099708566844924,12.254322766570604,0.19164265129682997,1.265921425371955,0.06839256400017747,-0.03308997034023511
201937,Ricky Rubio,PHX,657,0.030441400304414,0.0020145896943551253,0.06617927145956586,11.508371385083715,0.2176560121765601,1.1822114699081046,0.06839256400017747,-0.03795116369576347
1628969,Mikal Bridges,PHX,2436,0.028735632183908046,0.002954890824482144,0.10283020069197861,12.486863711001641,0.1986863711001642,1.3195474678760386,0.06839256400017747,-0.039656931816269426
201162,Jared Dudley,PHX,425,0.02823529411764706,0.0020369709706480527,0.07214272187711854,12.336470588235294,0.2,1.2272893634907527,0.06839256400017747,-0.04015726988253041
1627733,Dragan Bender,PHX,781,0.028169014084507043,0.002967557944632314,0.10534830703444714,12.198463508322662,0.20102432778489115,1.2516598477191438,0.06839256400017747,-0.040223549915670426
203584,Troy Daniels,PHX,803,0.0224159402241594,0.002463712252395556,0.109908941037424,12.699875466998755,0.16687422166874222,1.2620336127203498,0.06839256400017747,-0.04597662377601807
203382,Aron Baynes,PHX,367,0.013623978201634877,0.0008758525602149484,0.06428757791977721,11.098092643051771,0.20435967302452315,1.2832302822783743,0.06839256400017747,-0.054768585798542595
2037,Jamal Crawford,PHX,403,0.004962779156327543,0.0004314918754335546,0.08694561289986125,10.79652605459057,0.3052109181141439,1.1477309086389555,0.06839256400017747,-0.06342978484384992
101108,Chris Paul,PHX,1497,0.0033400133600534404,0.0001262400390480626,0.03779626769098994,11.794255177020709,0.22712090848363392,1.2093049316303075,0.06839256400017747,-0.06505255064012404
201945,Gerald Henderson,POR,460,0.19782608695652174,0.02094639099685507,0.10588285558849815,10.919565217391304,0.3,1.1232852590391653,0.0704659561349423,0.12736013082157943
203943,Noah Vonleh,POR,578,0.18685121107266436,0.022623318509204318,0.1210766490585194,11.216262975778546,0.33391003460207613,1.1933609201587823,0.0704659561349423,0.11638525493772206
203486,Mason Plumlee,POR,857,0.16686114352392065,0.027078713825027356,0.1622829213150241,11.857642940490082,0.2742123687281214,1.3132006481786245,0.0704659561349423,0.09639518738897834
203459,Allen Crabbe,POR,1236,0.15453074433656958,0.014265472641666466,0.0923147863094228,11.512135922330097,0.21844660194174756,1.1607057241532868,0.0704659561349423,0.08406478820162727
202334,Ed Davis,POR,643,0.12752721617418353,0.018645731616952578,0.14620982231342083,11.98755832037325,0.27993779160186627,1.2796462679821925,0.0704659561349423,0.057061260039241224
203994,Jusuf Nurkic,POR,2849,0.12355212355212356,0.009725851074876998,0.0787186071372857,11.153738153738153,0.252018252018252,1.2193176169154478,0.0704659561349423,0.05308616741718125
203086,Meyers Leonard,POR,1020,0.10980392156862745,0.007917558833925411,0.07210633938039214,10.380392156862746,0.31470588235294117,1.212453276421373,0.0704659561349423,0.039337965433685146
1628380,Zach Collins,POR,684,0.10526315789473684,0.00839251683065912,0.07972890989126163,10.334795321637428,0.31871345029239767,1.2072608397189517,0.0704659561349423,0.03479720175979453
1626192,Pat Connaughton,POR,468,0.09401709401709402,0.011470935907237183,0.12200904555879549,11.673076923076923,0.25213675213675213,1.2194232480504974,0.0704659561349423,0.023551137882151713
203894,Shabazz Napier,POR,654,0.08409785932721713,0.007911711972515476,0.09407744781863857,11.47553516819572,0.29510703363914376,1.1549029859375772,0.0704659561349423,0.013631903192274822
1629604,CJ Elleby,POR,355,0.07605633802816901,0.008004447700716207,0.10524366421312051,11.783098591549296,0.2140845070422535,1.2242122060126066,0.0704659561349423,0.005590381893226706
202329,Al-Farouq Aminu,POR,2157,0.07556791840519239,0.01070776813784941,0.14169727529657164,11.125173852573019,0.2999536393138618,1.2388516721932783,0.0704659561349423,0.005101962270250088
202323,Evan Turner,POR,1456,0.07417582417582418,0.004607416709136486,0.06211480304169189,11.050824175824175,0.2774725274725275,1.1325954286881212,0.0704659561349423,0.0037098680408818724
1627774,Jake Layman,POR,521,0.0710172744721689,0.004674162838574863,0.06581726591614874,11.514395393474087,0.23416506717850288,1.276491564890311,0.0704659561349423,0.0005513183372266028
203090,Maurice Harkless,POR,1561,0.0647021140294683,0.011883370284197566,0.18366278231319202,11.583600256245996,0.26329276105060856,1.3378301548571356,0.0704659561349423,-0.00576384210547401
202355,Hassan Whiteside,POR,651,0.06144393241167435,0.002411962267594757,0.03925468590510467,11.33794162826421,0.19047619047619047,1.3675386360480069,0.0704659561349423,-0.009022023723267956
1626181,Norman Powell,POR,840,0.05476190476190476,0.00577362894238377,0.10543148503483406,12.334523809523809,0.19166666666666668,1.2682320027359724,0.0704659561349423,-0.015704051373037542
1629642,Nassir Little,POR,585,0.05299145299145299,0.005647794948813786,0.10657935629213112,11.675213675213675,0.26324786324786326,1.2778416396039494,0.0704659561349423,-0.017474503143489313
203468,CJ McCollum,POR,7971,0.0520637310249655,0.005367276658533387,0.10309051143414369,11.79425417137122,0.22882950696273993,1.2010374875431304,0.0704659561349423,-0.018402225109976807
203081,Damian Lillard,POR,8523,0.05174234424498416,0.005499426203852073,0.10628482887852884,12.17223982165904,0.193007157104306,1.2235045780722258,0.0704659561349423,-0.018723611889958143
203145,Kent Bazemore,POR,301,0.046511627906976744,0.005610997963536246,0.12063645621602927,12.06312292358804,0.23255813953488372,1.226373401707294,0.0704659561349423,-0.02395432822796556
203463,Ben McLemore,POR,501,0.04590818363273453,0.004187122182355979,0.09120644405914546,12.095808383233534,0.18163672654690619,1.2929445989168313,0.0704659561349423,-0.024557772502207774
1629018,Gary Trent Jr.,POR,950,0.03894736842105263,0.004546600795745364,0.11673704745832689,11.577894736842106,0.24105263157894738,1.213229507316541,0.0704659561349423,-0.03151858771388967
1629014,Anfernee Simons,POR,1672,0.03588516746411483,0.0030952638488077294,0.08625468592010871,11.174043062200957,0.2625598086124402,1.2037167322933977,0.0704659561349423,-0.03458078867082747
202683,Enes Freedom,POR,730,0.03287671232876712,0.0017169683209526502,0.05222445309564311,11.219178082191782,0.23150684931506849,1.392560487069735,0.0704659561349423,-0.037589243806175184
203496,Robert Covington,POR,799,0.030037546933667083,0.002834528347956671,0.09436617291739084,11.120150187734668,0.2615769712140175,1.2582634119663676,0.0704659561349423,-0.04042840920127522
203552,Seth Curry,POR,428,0.02570093457943925,0.001228827805750161,0.04781257280555173,11.537383177570094,0.2546728971962617,1.2200594968332559,0.0704659561349423,-0.04476502155550305
2546,Carmelo Anthony,POR,1428,0.025210084033613446,0.0014501175150080693,0.05752132809532008,10.361344537815127,0.33123249299719887,1.154688000769263,0.0704659561349423,-0.04525587210132886
203918,Rodney Hood,POR,538,0.024163568773234202,0.0018690868592899175,0.07735144079215198,10.29553903345725,0.3382899628252788,1.1869297977328732,0.0704659561349423,-0.0463023873617081
201158,Marco Belinelli,SAC,564,0.21099290780141844,0.014539652912404487,0.06891062388736244,12.24468085106383,0.1879432624113475,1.0725599243054935,0.09192387869006792,0.11906902911135052
200765,Rajon Rondo,SAC,698,0.20487106017191978,0.02804227297847411,0.1368776681047198,12.286532951289399,0.17765042979942694,1.0986912298633706,0.09192387869006792,0.11294718148185186
202326,DeMarcus Cousins,SAC,2221,0.1985592075641603,0.029558968023152034,0.14886727432975208,11.179648806843764,0.2728500675371454,1.0827221210387992,0.09192387869006792,0.10663532887409237
200752,Rudy Gay,SAC,1316,0.19680851063829788,0.026854191907085368,0.13644832644681212,11.901975683890578,0.24240121580547114,1.1256394246449706,0.09192387869006792,0.10488463194822996
1627746,Skal Labissiere,SAC,622,0.17363344051446947,0.01521321860623133,0.08761687012107303,11.684887459807074,0.2379421221864952,1.1138572954413815,0.09192387869006792,0.08170956182440155
1628412,Frank Mason III,SAC,496,0.16733870967741934,0.01602295842888686,0.09575165518949258,13.151209677419354,0.19556451612903225,1.1064410048718387,0.09192387869006792,0.07541483098735142
201951,Ty Lawson,SAC,465,0.16559139784946236,0.016908529256806755,0.10210994940798883,12.419354838709678,0.1935483870967742,1.0631392190409874,0.09192387869006792,0.07366751915939444
1628385,Harry Giles III,SAC,562,0.1423487544483986,0.012598186086156142,0.0885022572552469,11.263345195729537,0.24555160142348753,1.182755386537313,0.09192387869006792,0.05042487575833067
201956,Omri Casspi,SAC,691,0.13748191027496381,0.027680525151520984,0.20133939873369477,12.630969609261939,0.21273516642547033,1.1741014109322636,0.09192387869006792,0.045558031584895894
201954,Darren Collison,SAC,1319,0.133434420015163,0.015624744293904057,0.11709680524806507,12.388172858225929,0.23351023502653526,1.1170478477408727,0.09192387869006792,0.04151054132509509
1626161,Willie Cauley-Stein,SAC,2169,0.13047487321346243,0.012727742232024407,0.09754937420940263,12.086675887505763,0.21300138312586445,1.3075333916256808,0.09192387869006792,0.03855099452339451
201585,Kosta Koufos,SAC,1243,0.13032984714400644,0.01853215935647616,0.1421942844450609,11.539823008849558,0.249396621078037,1.1590943602413086,0.09192387869006792,0.038405968453938524
203463,Ben McLemore,SAC,864,0.12384259259259259,0.015237518141163182,0.12303939882210269,12.37037037037037,0.19444444444444445,1.1797780300739034,0.09192387869006792,0.03191871390252467
1628963,Marvin Bagley III,SAC,1526,0.11730013106159895,0.010574426646134059,0.09014846403352277,12.254259501965924,0.17365661861074705,1.2259204245903317,0.09192387869006792,0.02537625237153103
202066,Garrett Temple,SAC,818,0.09168704156479218,0.00654295856483423,0.07136186808045868,11.124694376528117,0.3019559902200489,1.1620856177651753,0.09192387869006792,-0.00023683712527573786
2440,Matt Barnes,SAC,344,0.09011627906976744,0.010902159752597498,0.12097880499656577,10.779069767441861,0.32558139534883723,1.1810754556818077,0.09192387869006792,-0.0018075996203004846
1628368,De'Aaron Fox,SAC,4608,0.083984375,0.008699904675975334,0.10358956265347374,12.974175347222221,0.1812065972222222,1.1621435037040735,0.09192387869006792,-0.00793950369006792
1627745,Damian Jones,SAC,310,0.08064516129032258,0.006652044267038451,0.08248534891127679,11.738709677419354,0.15483870967741936,1.3986175009325819,0.09192387869006792,-0.011278717399745342
201167,Arron Afflalo,SAC,361,0.07756232686980609,0.00873233235041109,0.11258471351780013,9.930747922437673,0.3573407202216066,1.123590531176781,0.09192387869006792,-0.01436155182026183
1628382,Justin Jackson,SAC,665,0.07368421052631578,0.008874900231487038,0.12044507457018122,12.536842105263158,0.21503759398496242,1.1881504324806142,0.09192387869006792,-0.018239668163752137
201229,Anthony Tolliver,SAC,346,0.06647398843930635,0.00789310821646569,0.11873980186509256,10.823699421965317,0.30346820809248554,1.203634291053347,0.09192387869006792,-0.025449890250761567
2216,Zach Randolph,SAC,686,0.0641399416909621,0.004104878775882793,0.06399879182399082,10.36734693877551,0.3338192419825073,1.0651506178062924,0.09192387869006792,-0.02778393699910582
1629002,Chimezie Metu,SAC,588,0.061224489795918366,0.005168478036498089,0.08441847459613545,11.6921768707483,0.23639455782312926,1.2691776803448633,0.09192387869006792,-0.030699388894149554
1629056,Terence Davis,SAC,476,0.058823529411764705,0.006673448353448042,0.11344862200861672,12.876050420168067,0.17857142857142858,1.2696622691760058,0.09192387869006792,-0.033100349278303215
203992,Bogdan Bogdanovic,SAC,2202,0.05631244323342416,0.004616699688981644,0.08198365092852887,11.528610354223433,0.25204359673024523,1.1739039421216855,0.09192387869006792,-0.03561143545664376
202357,Nemanja Bjelica,SAC,1304,0.04984662576687116,0.004262754076418966,0.08551740485615897,12.480061349693251,0.16947852760736196,1.2345189753813148,0.09192387869006792,-0.04207725292319676
1630169,Tyrese Haliburton,SAC,1108,0.04693140794223827,0.004040257032988043,0.08608855370289906,12.324007220216606,0.1976534296028881,1.2108984804753495,0.09192387869006792,-0.04499247074782965
1630558,Davion Mitchell,SAC,768,0.046875,0.004256735956508838,0.09081036707218854,11.66796875,0.25390625,1.1721383805355143,0.09192387869006792,-0.04504887869006792
1626158,Richaun Holmes,SAC,1144,0.04632867132867133,0.003729396200460019,0.08049866515709928,11.942307692307692,0.16958041958041958,1.3290646877844141,0.09192387869006792,-0.04559520736139659
1627741,Buddy Hield,SAC,5033,0.04490363600238426,0.0036675217353327257,0.08167538448641419,12.799125769918538,0.1869660242400159,1.2299441799482986,0.09192387869006792,-0.04702024268768366
202697,Iman Shumpert,SAC,337,0.04451038575667656,0.0023616273072584516,0.05305789350307321,12.90207715133531,0.142433234421365,1.1987497749398583,0.09192387869006792,-0.04741349293339136
1627812,Yogi Ferrell,SAC,498,0.03614457831325301,0.0033700343260722335,0.09323761635466515,13.014056224899598,0.1746987951807229,1.1776117861351232,0.09192387869006792,-0.05577930037681491
203084,Harrison Barnes,SAC,2407,0.029912754466140425,0.0020864001854291937,0.06974951731011207,11.395097631906937,0.2501038637307852,1.2473116295529274,0.09192387869006792,-0.062011124223927495
203090,Maurice Harkless,SAC,306,0.02287581699346405,0.0012747300833917143,0.055723915073980654,11.941176470588236,0.22875816993464052,1.3359497158164315,0.09192387869006792,-0.06904806169660387
202709,Cory Joseph,SAC,605,0.021487603305785124,0.0018900054919902501,0.08795794789646932,10.8,0.2975206611570248,1.1780770960359475,0.09192387869006792,-0.07043627538428279
2561,David West,SAS,399,0.40100250626566414,0.03693816131558916,0.09211453978075049,10.977443609022556,0.2681704260651629,0.9989397706923788,0.08236004832863472,0.3186424579370294
1495,Tim Duncan,SAS,397,0.28211586901763225,0.036965939400229485,0.13103105305259916,10.005037783375315,0.3249370277078086,1.0235507445866359,0.08236004832863472,0.19975582068899753
101135,David Lee,SAS,380,0.2026315789473684,0.025744301158572926,0.12704979792542487,11.871052631578948,0.24473684210526317,1.2380324438966277,0.08236004832863472,0.12027153061873369
203937,Kyle Anderson,SAS,803,0.15940224159402241,0.01871897327443616,0.1174323089013456,11.205479452054794,0.30635118306351183,1.1592144944517635,0.08236004832863472,0.07704219326538769
2225,Tony Parker,SAS,1554,0.13577863577863578,0.014114885015533917,0.1039551247115626,11.322393822393822,0.26640926640926643,1.1478069603147705,0.08236004832863472,0.053418587450001054
2564,Boris Diaw,SAS,349,0.1318051575931232,0.015684467160903433,0.11899737041641957,10.223495702005732,0.2979942693409742,1.1301220126950584,0.08236004832863472,0.049445109264488474
203613,Jonathon Simmons,SAS,586,0.12286689419795221,0.015780109398370292,0.1284325570478471,10.51023890784983,0.3361774744027304,1.2292424582792723,0.08236004832863472,0.04050684586931749
202695,Kawhi Leonard,SAS,2292,0.11212914485165794,0.01087223349189292,0.09696170880707618,11.090314136125654,0.27268760907504364,1.1756428449032412,0.08236004832863472,0.029769096523023217
1630200,Tre Jones,SAS,383,0.10966057441253264,0.013766595204687286,0.125538237223696,11.973890339425587,0.2558746736292428,1.154905032860236,0.08236004832863472,0.027300526083897922
1629234,Drew Eubanks,SAS,425,0.10588235294117647,0.010738899643828908,0.10142294108060636,11.32470588235294,0.2235294117647059,1.284207016695147,0.08236004832863472,0.023522304612541747
1628966,Keita Bates-Diop,SAS,309,0.10355987055016182,0.011575258531022928,0.11177359019019016,12.032362459546926,0.20388349514563106,1.2619181481991961,0.08236004832863472,0.021199822221527095
1629640,Keldon Johnson,SAS,1704,0.10035211267605634,0.012300772156664726,0.12257611552606253,11.931338028169014,0.21889671361502347,1.2225038677842612,0.08236004832863472,0.01799206434742162
200746,LaMarcus Aldridge,SAS,5346,0.09876543209876543,0.008436670015332888,0.0854212839052455,10.266180321735877,0.3045267489711934,1.1175847109741506,0.08236004832863472,0.016405383770130705
1938,Manu Ginobili,SAS,1189,0.09083263246425567,0.012945915528051811,0.14252494039679262,11.391084945332212,0.2640874684608915,1.2033023519185584,0.08236004832863472,0.00847258413562095
1627749,Dejounte Murray,SAS,3361,0.08687890508777149,0.007786702766956514,0.0896270821908933,12.542100565307944,0.19220470098185063,1.1683879092429124,0.08236004832863472,0.004518856759136769
2200,Pau Gasol,SAS,1173,0.07672634271099744,0.007496419307014662,0.09770333163475778,10.988917306052857,0.25234441602728047,1.1284773615187094,0.08236004832863472,-0.005633705617637277
201980,Danny Green,SAS,1425,0.07298245614035087,0.006487299957099134,0.08888848498909871,11.858947368421052,0.27157894736842103,1.2270793566880471,0.08236004832863472,-0.009377592188283851
203926,Doug McDermott,SAS,454,0.06167400881057269,0.006879851857326546,0.11155188368665184,13.222466960352422,0.10572687224669604,1.288829466410838,0.08236004832863472,-0.020686039518062034
1629022,Lonnie Walker IV,SAS,1666,0.058823529411764705,0.005519038801719528,0.09382365962923196,12.385354141656663,0.19747899159663865,1.2063005490717047,0.08236004832863472,-0.023536518916870017
1627751,Jakob Poeltl,SAS,1542,0.05771725032425422,0.005927988631871637,0.1027073985432142,11.518158236057069,0.20298313878080415,1.3616734747773747,0.08236004832863472,-0.024642798004380503
1628401,Derrick White,SAS,2010,0.05721393034825871,0.004957686824434198,0.08665174362706728,11.398507462686567,0.25870646766169153,1.2125455037378428,0.08236004832863472,-0.025146117980376012
1630170,Devin Vassell,SAS,995,0.05226130653266332,0.004977822321641569,0.09524871557756463,11.850251256281407,0.20904522613065327,1.2067356985868185,0.08236004832863472,-0.030098741795971405
200752,Rudy Gay,SAS,2314,0.04883318928262748,0.003211231323332514,0.06575919718753484,11.086430423509075,0.2757130509939499,1.1964034799401386,0.08236004832863472,-0.03352685904600724
1627854,Bryn Forbes,SAS,2146,0.045666356011183594,0.0036421545545157995,0.0797557517754174,12.326654240447343,0.19757688723205966,1.1961492635628994,0.08236004832863472,-0.03669369231745113
201988,Patty Mills,SAS,3512,0.044988610478359906,0.0031927237558202507,0.07096737867367546,12.105637813211844,0.21326879271070615,1.237832004080869,0.08236004832863472,-0.037371437850274816
202722,Davis Bertans,SAS,969,0.03715170278637771,0.004069677470502109,0.1095421519143484,11.706914344685243,0.239422084623323,1.2483764100804635,0.08236004832863472,-0.045208345542257014
201942,DeMar DeRozan,SAS,3075,0.033821138211382114,0.002021418567624193,0.059767904763888394,11.308617886178862,0.23447154471544715,1.1719718982784888,0.08236004832863472,-0.04853891011725261
201158,Marco Belinelli,SAS,945,0.0328042328042328,0.0027136027935377866,0.08272111741590996,12.237037037037037,0.19470899470899472,1.2144160994278566,0.08236004832863472,-0.04955581552440192
1626168,Trey Lyles,SAS,406,0.029556650246305417,0.003090357492003584,0.10455709514612126,11.270935960591133,0.23891625615763548,1.25936592029578,0.08236004832863472,-0.052803398082329304
2449,Luis Scola,TOR,547,0.1956124314442413,0.024195212353954377,0.12368954352909388,11.3363802559415,0.30895795246800734,1.1312730096697459,0.07463433497873115,0.12097809646551017
202685,Jonas Valanciunas,TOR,1964,0.12474541751527495,0.010712691649796364,0.08587643428653086,11.74236252545825,0.27647657841140527,1.2228852389263523,0.07463433497873115,0.0501110825365438
201942,DeMar DeRozan,TOR,3895,0.1245186136071887,0.01174551870453736,0.09432741310138765,10.986649550706034,0.2626444159178434,1.1029611215291335,0.07463433497873115,0.049884278628457554
203920,Khem Birch,TOR,343,0.11078717201166181,0.012178345263310299,0.10992559013987978,11.402332361516034,0.2303206997084548,1.278912587127514,0.07463433497873115,0.036152837032930665
1627751,Jakob Poeltl,TOR,392,0.1096938775510204,0.017401110128328207,0.15863337605359668,12.85969387755102,0.20918367346938777,1.31892804892067,0.07463433497873115,0.03505954257228926
201960,DeMarre Carroll,TOR,748,0.10427807486631016,0.014308578196360526,0.13721559603689323,12.085561497326204,0.24866310160427807,1.1956547953059202,0.07463433497873115,0.029643739887579013
1630173,Precious Achiuwa,TOR,557,0.10233393177737882,0.012585519722212783,0.12298481553109684,11.628366247755835,0.23518850987432674,1.2403148440360405,0.07463433497873115,0.02769959679864767
1630567,Scottie Barnes,TOR,856,0.10163551401869159,0.010819060116944827,0.10644960298971003,11.899532710280374,0.2558411214953271,1.206420255721326,0.07463433497873115,0.027001179039960438
202709,Cory Joseph,TOR,1070,0.1,0.01089174345903473,0.10891743459034729,10.385981308411216,0.3429906542056075,1.1225159181009934,0.07463433497873115,0.025365665021268857
1626153,Delon Wright,TOR,809,0.09765142150803462,0.01307083121250451,0.13385192975843224,12.168108776266996,0.2620519159456119,1.2115835873054164,0.07463433497873115,0.023017086529303468
1627832,Fred VanVleet,TOR,3619,0.07930367504835589,0.00935646274890431,0.11798271319959823,11.888366952196739,0.27245095330201713,1.2005177279305985,0.07463433497873115,0.0046693400696247445
203082,Terrence Ross,TOR,1014,0.07495069033530571,0.0070281976137490845,0.09377095237291543,10.939842209072978,0.2879684418145957,1.194171748302409,0.07463433497873115,0.0003163553565745658
202335,Patrick Patterson,TOR,800,0.07375,0.006727541685722272,0.09122090421318334,11.03125,0.28875,1.2146934264825562,0.07463433497873115,-0.0008843349787311522
1630201,Malachi Flynn,TOR,485,0.06597938144329897,0.005185303897164974,0.07858976219140663,11.509278350515464,0.2597938144329897,1.178727986183014,0.07463433497873115,-0.008654953535432178
1627783,Pascal Siakam,TOR,4528,0.06537102473498234,0.005971452411231775,0.09134708283127524,11.811616607773852,0.25596289752650175,1.2371803208071805,0.07463433497873115,-0.00926331024374881
1626181,Norman Powell,TOR,2439,0.06273062730627306,0.006851553137151794,0.10922181765694919,12.273472734727347,0.23124231242312424,1.264202159229325,0.07463433497873115,-0.011903707672458089
200768,Kyle Lowry,TOR,4752,0.0603956228956229,0.007199315231993749,0.11920259924193131,12.570075757575758,0.20517676767676768,1.2240681101865498,0.07463433497873115,-0.01423871208310825
201980,Danny Green,TOR,583,0.051457975986277875,0.00408088442580257,0.07930518734142994,12.830188679245284,0.2058319039451115,1.2483951817335608,0.07463433497873115,-0.023176358992453273
1628384,OG Anunoby,TOR,2322,0.04866494401378122,0.005576092597899034,0.11458130099399606,11.948751076658054,0.23428079242032732,1.321942798841956,0.07463433497873115,-0.025969390964949927
1629056,Terence Davis,TOR,586,0.04607508532423208,0.005060959440744774,0.10984156415838658,12.445392491467576,0.20477815699658702,1.2947818714650494,0.07463433497873115,-0.028559249654499068
1628449,Chris Boucher,TOR,1394,0.040172166427546625,0.005198657287585755,0.12940943319454543,12.166427546628407,0.2073170731707317,1.3286954923859577,0.07463433497873115,-0.03446216855118452
1629018,Gary Trent Jr.,TOR,1245,0.0393574297188755,0.00445019869931974,0.11307137511536891,11.628915662650602,0.242570281124498,1.2125817920360509,0.07463433497873115,-0.03527690525985565
101139,CJ Miles,TOR,742,0.03908355795148248,0.003652206419606299,0.09344610908096117,13.001347708894878,0.1765498652291105,1.2567573905738192,0.07463433497873115,-0.03555077702724867
201586,Serge Ibaka,TOR,2431,0.030440148087206912,0.0017165766987363895,0.05639186425173193,11.758535582064994,0.22624434389140272,1.2372036557009596,0.07463433497873115,-0.04419418689152424
202695,Kawhi Leonard,TOR,1059,0.019830028328611898,0.0010868045808870934,0.054806002436163424,11.865911237016054,0.22946175637393768,1.2534687414358499,0.07463433497873115,-0.05480430665011925
201188,Marc Gasol,TOR,429,0.016317016317016316,0.001179844004410746,0.07230758255603001,10.652680652680653,0.2937062937062937,1.2180247231218315,0.07463433497873115,-0.05831731866171483
202324,Derrick Favors,UTA,2572,0.18079315707620527,0.016353468305324057,0.09045402254041608,10.783825816485226,0.28615863141524106,1.2423441317356132,0.08413198087909525,0.09666117619711002
202692,Alec Burks,UTA,1008,0.1527777777777778,0.020769962356141366,0.13594884451292533,11.153769841269842,0.3194444444444444,1.1322424396690627,0.08413198087909525,0.06864579689868254
203504,Trey Burke,UTA,578,0.14013840830449828,0.018548130578644552,0.1323557959809451,10.33910034602076,0.3235294117647059,1.119305437596003,0.08413198087909525,0.05600642742540303
1626168,Trey Lyles,UTA,794,0.1397984886649874,0.013860084376884173,0.09914330626347778,10.05919395465995,0.3513853904282116,1.139261204903163,0.08413198087909525,0.05566650778589215
202330,Gordon Hayward,UTA,2166,0.13342566943674977,0.01654319482678553,0.12398809686788048,11.00831024930748,0.2807017543859649,1.1620244839544571,0.08413198087909525,0.04929368855765452
201973,Jonas Jerebko,UTA,310,0.12258064516129032,0.016876963297086156,0.13768049005517655,12.241935483870968,0.21935483870967742,1.2106012521675606,0.08413198087909525,0.038448664282195066
202344,Trevor Booker,UTA,337,0.12166172106824925,0.01853903306294768,0.15238180834666754,11.086053412462908,0.3798219584569733,1.274506225725526,0.08413198087909525,0.037529740189154004
203526,Raul Neto,UTA,736,0.11277173913043478,0.016045163170878448,0.14228000112971728,10.842391304347826,0.31657608695652173,1.174941629712679,0.08413198087909525,0.028639758251339534
203957,Dante Exum,UTA,649,0.11093990755007704,0.012903278602489819,0.11630871962522073,11.676425269645609,0.23112480739599384,1.229469265666938,0.08413198087909525,0.026807926670981794
203918,Rodney Hood,UTA,1963,0.09628120224146715,0.012455711648334105,0.1293680527284648,10.250636780438105,0.3295975547631177,1.149333669666223,0.08413198087909525,0.012149221362371898
200757,Thabo Sefolosha,UTA,359,0.0947075208913649,0.010684761602605744,0.1128185122157489,12.01949860724234,0.2757660167130919,1.2349012698576936,0.08413198087909525,0.010575540012269652
201588,George Hill,UTA,552,0.09420289855072464,0.010957135329016534,0.11631420580032935,10.298913043478262,0.33695652173913043,1.172495753562686,0.08413198087909525,0.01007091767162939
202714,Shelvin Mack,UTA,611,0.09328968903436989,0.010633582530347666,0.11398454256214778,10.11620294599018,0.353518821603928,1.1396286693975906,0.08413198087909525,0.009157708155274641
1626144,Emmanuel Mudiay,UTA,301,0.09302325581395349,0.0071445061718251835,0.07680344134712074,11.548172757475083,0.2691029900332226,1.12590110379225,0.08413198087909525,0.008891274934858237
203497,Rudy Gobert,UTA,3466,0.09203693017888055,0.014129956087520093,0.15352485203556313,11.879688401615695,0.21465666474321984,1.5226524759161866,0.08413198087909525,0.007904949299785302
201937,Ricky Rubio,UTA,1472,0.08899456521739131,0.007967759664093587,0.08953085668355541,11.825407608695652,0.23980978260869565,1.124904879402737,0.08413198087909525,0.004862584338296061
2207,Joe Johnson,UTA,745,0.08187919463087248,0.005940994970340839,0.07255805332629385,9.299328859060402,0.3946308724832215,1.1387190101924944,0.08413198087909525,-0.0022527862482227684
1628378,Donovan Mitchell,UTA,6255,0.0724220623501199,0.0070105374802165955,0.09680113010762649,11.608792965627497,0.24124700239808153,1.1750217800317975,0.08413198087909525,-0.01170991852897535
202355,Hassan Whiteside,UTA,306,0.06535947712418301,0.003928307278815616,0.06010310136587895,12.055555555555555,0.17320261437908496,1.421563508161053,0.08413198087909525,-0.01877250375491224
204060,Joe Ingles,UTA,3424,0.05957943925233645,0.006970023406909615,0.11698705953558099,11.63142523364486,0.22867990654205608,1.2500759350410573,0.08413198087909525,-0.024552541626758802
203109,Jae Crowder,UTA,1025,0.05268292682926829,0.004618187714313287,0.08766004457724294,11.987317073170733,0.23804878048780487,1.2752698514555512,0.08413198087909525,-0.03144905404982696
1626220,Royce O'Neale,UTA,1654,0.0501813784764208,0.005559686314429488,0.11079182125381173,12.584643288996373,0.22430471584038694,1.2811421910793466,0.08413198087909525,-0.03395060240267445
202711,Bojan Bogdanovic,UTA,2664,0.0457957957957958,0.003963026126704011,0.08653689837327447,11.86111111111111,0.2376126126126126,1.2453529349979877,0.08413198087909525,-0.03833618508329945
201144,Mike Conley,UTA,1823,0.044432254525507406,0.003553268844510521,0.07997048275978616,11.040043883708174,0.2737246297312123,1.197977105677757,0.08413198087909525,-0.039699726353587844
1627777,Georges Niang,UTA,870,0.04252873563218391,0.004171047855268795,0.09807599011037436,11.827586206896552,0.2103448275862069,1.219839224172209,0.08413198087909525,-0.04160324524691134
200752,Rudy Gay,UTA,357,0.028011204481792718,0.002608151901671523,0.09311102288967336,10.957983193277311,0.27170868347338933,1.2373197613667544,0.08413198087909525,-0.056120776397302535
2594,Kyle Korver,UTA,388,0.023195876288659795,0.0003642392496724853,0.015702758763658255,12.239690721649485,0.17010309278350516,1.276100801635846,0.08413198087909525,-0.060936104590435455
203903,Jordan Clarkson,UTA,2521,0.0218167393891313,0.0015177405954473239,0.0695677098385946,11.341531138437128,0.2618008726695756,1.2217028657129374,0.08413198087909525,-0.06231524148996395
202390,Gary Neal,WAS,303,0.2145214521452145,0.02291839922221934,0.10683499945126862,11.323432343234323,0.23432343234323433,1.0512535519360566,0.08807626950323307,0.12644518264198146
2403,Nene,WAS,362,0.20994475138121546,0.023553764706377132,0.11219030031195426,10.861878453038674,0.27071823204419887,1.160714670713798,0.08807626950323307,0.1218684818779824
201196,Ramon Sessions,WAS,604,0.1804635761589404,0.03654373575733822,0.20249923300396602,13.31953642384106,0.1771523178807947,1.150009485111762,0.08807626950323307,0.09238730665570734
101162,Marcin Gortat,WAS,1823,0.17443773998902906,0.02439031980838061,0.13982249374426997,11.902358749314317,0.2276467361492046,1.1913819144190105,0.08807626950323307,0.086361470485796
201162,Jared Dudley,WAS,457,0.16192560175054704,0.01007936276487935,0.06224687545337653,12.606126914660832,0.18599562363238512,1.1023626100051207,0.08807626950323307,0.07384933224731398
202322,John Wall,WAS,3637,0.1347264228759967,0.012507316046047299,0.09283491522341637,13.146274401979653,0.1729447346714325,1.1572511798457232,0.08807626950323307,0.04665015337276364
203118,Mike Scott,WAS,488,0.125,0.011131368616352447,0.08905094893081958,11.383196721311476,0.26024590163934425,1.1215020507007107,0.08807626950323307,0.036923730496766935
201566,Russell Westbrook,WAS,1176,0.12244897959183673,0.008381064727936463,0.06844536194481446,13.204081632653061,0.16241496598639457,1.109500526511472,0.08807626950323307,0.03437271008860367
1626162,Kelly Oubre Jr.,WAS,1598,0.11639549436795996,0.014656952904839414,0.12592371366630853,12.737171464330412,0.20400500625782228,1.219770664238173,0.08807626950323307,0.02831922486472689
202693,Markieff Morris,WAS,2038,0.11236506378802748,0.009411137420600797,0.08375501337635122,10.818449460255152,0.2998037291462218,1.1448621235974492,0.08807626950323307,0.024288794284794413
202066,Garrett Temple,WAS,465,0.11182795698924732,0.018835167561059043,0.16842986376716265,13.13763440860215,0.18494623655913978,1.1966152719974468,0.08807626950323307,0.02375168748601425
1628972,Troy Brown Jr.,WAS,874,0.10526315789473684,0.011559714239515923,0.10981728527540129,12.322654462242562,0.17963386727688788,1.1602511222098018,0.08807626950323307,0.01718688839150377
201975,Jodie Meeks,WAS,379,0.10026385224274406,0.009858212955336579,0.09832270289664638,13.406332453825858,0.16358839050131926,1.150474478466797,0.08807626950323307,0.012187582739510996
1628418,Thomas Bryant,WAS,1093,0.09515096065873742,0.006872730970136732,0.07222975913807161,12.118938700823422,0.18298261665141813,1.3354659497329264,0.08807626950323307,0.0070746911555043535
1629060,Rui Hachimura,WAS,1511,0.09397749834546658,0.008614057790766873,0.09166085437921653,11.975512905360688,0.23560555923229648,1.1820087806154453,0.08807626950323307,0.0059012288422335135
1630166,Deni Avdija,WAS,824,0.09344660194174757,0.009854528806013499,0.1054562563137029,11.608009708737864,0.24029126213592233,1.1855692800506015,0.08807626950323307,0.005370332438514508
1629021,Moritz Wagner,WAS,366,0.09016393442622951,0.01160256243567881,0.12868296519571043,12.426229508196721,0.1721311475409836,1.2769571601512484,0.08807626950323307,0.002087664922996446
203915,Spencer Dinwiddie,WAS,449,0.08685968819599109,0.009781369574262237,0.1126111522780447,10.99109131403118,0.289532293986637,1.1366145193933281,0.08807626950323307,-0.0012165813072419762
101133,Ian Mahinmi,WAS,577,0.08492201039861352,0.008325650329490229,0.09803878041052777,11.72790294627383,0.24090121317157712,1.3219496977158622,0.08807626950323307,-0.0031542591046195417
1629655,Daniel Gafford,WAS,526,0.0817490494296578,0.009742582498131518,0.11917670683760881,11.94106463878327,0.19961977186311788,1.4733969219068899,0.08807626950323307,-0.006327220073575265
203895,Jordan McRae,WAS,417,0.07434052757793765,0.009402815885393578,0.12648303949061684,12.093525179856115,0.2422062350119904,1.1325312446415385,0.08807626950323307,-0.01373574192529542
203490,Otto Porter Jr.,WAS,2676,0.07361733931240658,0.008005213845266267,0.10874087436513973,12.621076233183857,0.20665171898355755,1.2062884292217553,0.08807626950323307,-0.014458930190826488
203526,Raul Neto,WAS,843,0.0711743772241993,0.007390294487518527,0.10383363754963532,11.62158956109134,0.2372479240806643,1.1653415373708034,0.08807626950323307,-0.01690189227903377
203107,Tomas Satoransky,WAS,1045,0.0708133971291866,0.007822904163419462,0.11047209257801811,11.80287081339713,0.2507177033492823,1.2019781359377475,0.08807626950323307,-0.01726287237404646
201160,Jason Smith,WAS,452,0.05752212389380531,0.004581218048865172,0.07964271377257916,11.641592920353983,0.2079646017699115,1.113165932775283,0.08807626950323307,-0.030554145609427756
1626171,Bobby Portis,WAS,344,0.055232558139534885,0.003624079394283404,0.06561491113860476,12.116279069767442,0.17151162790697674,1.188565490671351,0.08807626950323307,-0.03284371136369818
203078,Bradley Beal,WAS,8122,0.05294262496921941,0.004807989109817807,0.0908150873254424,12.461093326766806,0.1925634080275794,1.2173819572964584,0.08807626950323307,-0.03513364453401366
2772,Trevor Ariza,WAS,479,0.05010438413361169,0.004563303019177637,0.09107592275775367,12.96659707724426,0.1649269311064718,1.2504055180777542,0.08807626950323307,-0.03797188536962137
1630557,Corey Kispert,WAS,494,0.048582995951417005,0.00461985477938195,0.09509201087561181,12.161943319838057,0.19635627530364372,1.231606371733889,0.08807626950323307,-0.03949327355181606
1626149,Montrezl Harrell,WAS,343,0.04664723032069971,0.002946618689506465,0.06316813815629485,11.306122448979592,0.26822157434402333,1.4106867082310732,0.08807626950323307,-0.04142903918253336
202738,Isaiah Thomas,WAS,399,0.045112781954887216,0.005313926269523388,0.11779203230776843,12.31077694235589,0.18295739348370926,1.1461673354027089,0.08807626950323307,-0.04296348754834585
202397,Ish Smith,WAS,1143,0.04286964129483815,0.0036740813750825905,0.08570357166774288,11.358705161854768,0.29133858267716534,1.1222286958512364,0.08807626950323307,-0.04520662820839492
203484,Kentavious Caldwell-Pope,WAS,783,0.031928480204342274,0.0029508972638395865,0.09242210230345585,11.724137931034482,0.26309067688378035,1.196390146437286,0.08807626950323307,-0.05614778929889079
201145,Jeff Green,WAS,623,0.030497592295345103,0.0029382386224182863,0.09634329798771536,11.22792937399679,0.26163723916532905,1.2353066698686412,0.08807626950323307,-0.057578677207887966
1628398,Kyle Kuzma,WAS,861,0.024390243902439025,0.0011914260012815467,0.048848466052543414,11.339140534262485,0.27990708478513354,1.1995939410518726,0.08807626950323307,-0.06368602560079403
202722,Davis Bertans,WAS,1192,0.01929530201342282,0.0018180912840382228,0.0942245569814592,13.500838926174497,0.12164429530201343,1.2871124863370818,0.08807626950323307,-0.06878096748981025
201577,Robin Lopez,WAS,396,0.010101010101010102,0.0002220224826352145,0.021980225780886237,10.446969696969697,0.2803030303030303,1.2987296517795803,0.08807626950323307,-0.07797525940222297
